adarwin,1.0,adarwin,central-proxy,https://repository.sonatype.org/service/local/artifact/maven/redirect?r=central-proxy&g=adarwin&a=adarwin&v=1.0&e=pom, ,
addressing,1.1,net.sourceforge.addressing,central-proxy,https://repository.sonatype.org/service/local/artifact/maven/redirect?r=central-proxy&g=net.sourceforge.addressing&a=addressing&v=1.1&e=pom,SCM[scm:svn:http://addressing.svn.sourceforge.net/svnroot/addressing/;http://addressing.svn.sourceforge.net/viewvc/addressing],
addressing,1.1.1,net.sourceforge.addressing,central-proxy,https://repository.sonatype.org/service/local/artifact/maven/redirect?r=central-proxy&g=net.sourceforge.addressing&a=addressing&v=1.1.1&e=pom,SCM[scm:svn:http://addressing.svn.sourceforge.net/svnroot/addressing/;http://addressing.svn.sourceforge.net/viewvc/addressing],
adl,0.1,org.objectweb.fractal.bf,central-proxy,https://repository.sonatype.org/service/local/artifact/maven/redirect?r=central-proxy&g=org.objectweb.fractal.bf&a=adl&v=0.1&e=pom,SCM[scm:svn:svn+ssh://svn.forge.objectweb.org/svnroot/fractal/tags/FRACTAL_BF_0_1//adl;scm:svn:svn+ssh://svn.forge.objectweb.org/svnroot/fractal/tags/FRACTAL_BF_0_1//adl],
adl-rmi,0.2,org.objectweb.fractal.bf.itests,central-proxy,https://repository.sonatype.org/service/local/artifact/maven/redirect?r=central-proxy&g=org.objectweb.fractal.bf.itests&a=adl-rmi&v=0.2&e=pom, ,
adl-rmi,0.3,org.objectweb.fractal.bf.itests,central-proxy,https://repository.sonatype.org/service/local/artifact/maven/redirect?r=central-proxy&g=org.objectweb.fractal.bf.itests&a=adl-rmi&v=0.3&e=pom, ,
adl-rmi,0.4,org.objectweb.fractal.bf.itests,central-proxy,https://repository.sonatype.org/service/local/artifact/maven/redirect?r=central-proxy&g=org.objectweb.fractal.bf.itests&a=adl-rmi&v=0.4&e=pom, ,
adl-ws,0.2,org.objectweb.fractal.bf.itests,central-proxy,https://repository.sonatype.org/service/local/artifact/maven/redirect?r=central-proxy&g=org.objectweb.fractal.bf.itests&a=adl-ws&v=0.2&e=pom, ,
adl-ws,0.3,org.objectweb.fractal.bf.itests,central-proxy,https://repository.sonatype.org/service/local/artifact/maven/redirect?r=central-proxy&g=org.objectweb.fractal.bf.itests&a=adl-ws&v=0.3&e=pom, ,
adl-ws,0.4,org.objectweb.fractal.bf.itests,central-proxy,https://repository.sonatype.org/service/local/artifact/maven/redirect?r=central-proxy&g=org.objectweb.fractal.bf.itests&a=adl-ws&v=0.4&e=pom, ,
adl-backend,0.1-alpha-1,org.objectweb.fractal.mind.compiler,central-proxy,https://repository.sonatype.org/service/local/artifact/maven/redirect?r=central-proxy&g=org.objectweb.fractal.mind.compiler&a=adl-backend&v=0.1-alpha-1&e=pom, ,
adl-frontend,0.1-alpha-1,org.objectweb.fractal.mind.compiler,central-proxy,https://repository.sonatype.org/service/local/artifact/maven/redirect?r=central-proxy&g=org.objectweb.fractal.mind.compiler&a=adl-frontend&v=0.1-alpha-1&e=pom, ,
adl-parser,0.1-alpha-1,org.objectweb.fractal.mind.compiler,central-proxy,https://repository.sonatype.org/service/local/artifact/maven/redirect?r=central-proxy&g=org.objectweb.fractal.mind.compiler&a=adl-parser&v=0.1-alpha-1&e=pom, ,
adl-rmi,0.6,org.objectweb.fractal.bf.itests,central-proxy,https://repository.sonatype.org/service/local/artifact/maven/redirect?r=central-proxy&g=org.objectweb.fractal.bf.itests&a=adl-rmi&v=0.6&e=pom, ,
adl-backend,0.1-alpha-2,org.objectweb.fractal.mind.compiler,central-proxy,https://repository.sonatype.org/service/local/artifact/maven/redirect?r=central-proxy&g=org.objectweb.fractal.mind.compiler&a=adl-backend&v=0.1-alpha-2&e=pom, ,
adl-frontend,0.1-alpha-2,org.objectweb.fractal.mind.compiler,central-proxy,https://repository.sonatype.org/service/local/artifact/maven/redirect?r=central-proxy&g=org.objectweb.fractal.mind.compiler&a=adl-frontend&v=0.1-alpha-2&e=pom, ,
adl-parser,0.1-alpha-2,org.objectweb.fractal.mind.compiler,central-proxy,https://repository.sonatype.org/service/local/artifact/maven/redirect?r=central-proxy&g=org.objectweb.fractal.mind.compiler&a=adl-parser&v=0.1-alpha-2&e=pom, ,
adl-backend,0.1-alpha-3,org.objectweb.fractal.mind.compiler,central-proxy,https://repository.sonatype.org/service/local/artifact/maven/redirect?r=central-proxy&g=org.objectweb.fractal.mind.compiler&a=adl-backend&v=0.1-alpha-3&e=pom, ,
adl-frontend,0.1-alpha-3,org.objectweb.fractal.mind.compiler,central-proxy,https://repository.sonatype.org/service/local/artifact/maven/redirect?r=central-proxy&g=org.objectweb.fractal.mind.compiler&a=adl-frontend&v=0.1-alpha-3&e=pom, ,
adl-parser,0.1-alpha-3,org.objectweb.fractal.mind.compiler,central-proxy,https://repository.sonatype.org/service/local/artifact/maven/redirect?r=central-proxy&g=org.objectweb.fractal.mind.compiler&a=adl-parser&v=0.1-alpha-3&e=pom, ,
adl-rmi,0.7,org.objectweb.fractal.bf.itests,central-proxy,https://repository.sonatype.org/service/local/artifact/maven/redirect?r=central-proxy&g=org.objectweb.fractal.bf.itests&a=adl-rmi&v=0.7&e=pom, ,
adl-backend,0.1-alpha-4,org.objectweb.fractal.mind.compiler,central-proxy,https://repository.sonatype.org/service/local/artifact/maven/redirect?r=central-proxy&g=org.objectweb.fractal.mind.compiler&a=adl-backend&v=0.1-alpha-4&e=pom, ,
adl-frontend,0.1-alpha-4,org.objectweb.fractal.mind.compiler,central-proxy,https://repository.sonatype.org/service/local/artifact/maven/redirect?r=central-proxy&g=org.objectweb.fractal.mind.compiler&a=adl-frontend&v=0.1-alpha-4&e=pom, ,
adl-parser,0.1-alpha-4,org.objectweb.fractal.mind.compiler,central-proxy,https://repository.sonatype.org/service/local/artifact/maven/redirect?r=central-proxy&g=org.objectweb.fractal.mind.compiler&a=adl-parser&v=0.1-alpha-4&e=pom, ,
adl-backend,0.1-beta-1,org.objectweb.fractal.mind.compiler,central-proxy,https://repository.sonatype.org/service/local/artifact/maven/redirect?r=central-proxy&g=org.objectweb.fractal.mind.compiler&a=adl-backend&v=0.1-beta-1&e=pom, ,
adl-frontend,0.1-beta-1,org.objectweb.fractal.mind.compiler,central-proxy,https://repository.sonatype.org/service/local/artifact/maven/redirect?r=central-proxy&g=org.objectweb.fractal.mind.compiler&a=adl-frontend&v=0.1-beta-1&e=pom, ,
adl-parser,0.1-beta-1,org.objectweb.fractal.mind.compiler,central-proxy,https://repository.sonatype.org/service/local/artifact/maven/redirect?r=central-proxy&g=org.objectweb.fractal.mind.compiler&a=adl-parser&v=0.1-beta-1&e=pom, ,
adl-backend,0.1-beta-2,org.objectweb.fractal.mind.compiler,central-proxy,https://repository.sonatype.org/service/local/artifact/maven/redirect?r=central-proxy&g=org.objectweb.fractal.mind.compiler&a=adl-backend&v=0.1-beta-2&e=pom, ,
adl-frontend,0.1-beta-2,org.objectweb.fractal.mind.compiler,central-proxy,https://repository.sonatype.org/service/local/artifact/maven/redirect?r=central-proxy&g=org.objectweb.fractal.mind.compiler&a=adl-frontend&v=0.1-beta-2&e=pom, ,
adl-parser,0.1-beta-2,org.objectweb.fractal.mind.compiler,central-proxy,https://repository.sonatype.org/service/local/artifact/maven/redirect?r=central-proxy&g=org.objectweb.fractal.mind.compiler&a=adl-parser&v=0.1-beta-2&e=pom, ,
adl-backend,0.1-beta-3,org.ow2.mind,central-proxy,https://repository.sonatype.org/service/local/artifact/maven/redirect?r=central-proxy&g=org.ow2.mind&a=adl-backend&v=0.1-beta-3&e=pom, ,
adl-frontend,0.1-beta-3,org.ow2.mind,central-proxy,https://repository.sonatype.org/service/local/artifact/maven/redirect?r=central-proxy&g=org.ow2.mind&a=adl-frontend&v=0.1-beta-3&e=pom, ,
adl-parser,0.1-beta-3,org.ow2.mind,central-proxy,https://repository.sonatype.org/service/local/artifact/maven/redirect?r=central-proxy&g=org.ow2.mind&a=adl-parser&v=0.1-beta-3&e=pom, ,
adl-backend,0.1,org.ow2.mind,central-proxy,https://repository.sonatype.org/service/local/artifact/maven/redirect?r=central-proxy&g=org.ow2.mind&a=adl-backend&v=0.1&e=pom, ,
adl-frontend,0.1,org.ow2.mind,central-proxy,https://repository.sonatype.org/service/local/artifact/maven/redirect?r=central-proxy&g=org.ow2.mind&a=adl-frontend&v=0.1&e=pom, ,
adl-parser,0.1,org.ow2.mind,central-proxy,https://repository.sonatype.org/service/local/artifact/maven/redirect?r=central-proxy&g=org.ow2.mind&a=adl-parser&v=0.1&e=pom, ,
adl-backend,0.2-alpha-1,org.ow2.mind,central-proxy,https://repository.sonatype.org/service/local/artifact/maven/redirect?r=central-proxy&g=org.ow2.mind&a=adl-backend&v=0.2-alpha-1&e=pom, ,
adl-frontend,0.2-alpha-1,org.ow2.mind,central-proxy,https://repository.sonatype.org/service/local/artifact/maven/redirect?r=central-proxy&g=org.ow2.mind&a=adl-frontend&v=0.2-alpha-1&e=pom, ,
adl-parser,0.2-alpha-1,org.ow2.mind,central-proxy,https://repository.sonatype.org/service/local/artifact/maven/redirect?r=central-proxy&g=org.ow2.mind&a=adl-parser&v=0.2-alpha-1&e=pom, ,
adl-backend,0.2-alpha-2,org.ow2.mind,central-proxy,https://repository.sonatype.org/service/local/artifact/maven/redirect?r=central-proxy&g=org.ow2.mind&a=adl-backend&v=0.2-alpha-2&e=pom, ,
adl-backend,0.2-beta-1,org.ow2.mind,central-proxy,https://repository.sonatype.org/service/local/artifact/maven/redirect?r=central-proxy&g=org.ow2.mind&a=adl-backend&v=0.2-beta-1&e=pom, ,
adl-frontend,0.2-alpha-2,org.ow2.mind,central-proxy,https://repository.sonatype.org/service/local/artifact/maven/redirect?r=central-proxy&g=org.ow2.mind&a=adl-frontend&v=0.2-alpha-2&e=pom, ,
adl-frontend,0.2-beta-1,org.ow2.mind,central-proxy,https://repository.sonatype.org/service/local/artifact/maven/redirect?r=central-proxy&g=org.ow2.mind&a=adl-frontend&v=0.2-beta-1&e=pom, ,
adl-parser,0.2-alpha-2,org.ow2.mind,central-proxy,https://repository.sonatype.org/service/local/artifact/maven/redirect?r=central-proxy&g=org.ow2.mind&a=adl-parser&v=0.2-alpha-2&e=pom, ,
adl-parser,0.2-beta-1,org.ow2.mind,central-proxy,https://repository.sonatype.org/service/local/artifact/maven/redirect?r=central-proxy&g=org.ow2.mind&a=adl-parser&v=0.2-beta-1&e=pom, ,
adl-backend,0.2-beta-2,org.ow2.mind,central-proxy,https://repository.sonatype.org/service/local/artifact/maven/redirect?r=central-proxy&g=org.ow2.mind&a=adl-backend&v=0.2-beta-2&e=pom, ,
adl-frontend,0.2-beta-2,org.ow2.mind,central-proxy,https://repository.sonatype.org/service/local/artifact/maven/redirect?r=central-proxy&g=org.ow2.mind&a=adl-frontend&v=0.2-beta-2&e=pom, ,
adl-parser,0.2-beta-2,org.ow2.mind,central-proxy,https://repository.sonatype.org/service/local/artifact/maven/redirect?r=central-proxy&g=org.ow2.mind&a=adl-parser&v=0.2-beta-2&e=pom, ,
adl-backend,0.2,org.ow2.mind,central-proxy,https://repository.sonatype.org/service/local/artifact/maven/redirect?r=central-proxy&g=org.ow2.mind&a=adl-backend&v=0.2&e=pom, ,
adl-frontend,0.2,org.ow2.mind,central-proxy,https://repository.sonatype.org/service/local/artifact/maven/redirect?r=central-proxy&g=org.ow2.mind&a=adl-frontend&v=0.2&e=pom, ,
adl-parser,0.2,org.ow2.mind,central-proxy,https://repository.sonatype.org/service/local/artifact/maven/redirect?r=central-proxy&g=org.ow2.mind&a=adl-parser&v=0.2&e=pom, ,
adl-backend,0.2.1,org.ow2.mind,central-proxy,https://repository.sonatype.org/service/local/artifact/maven/redirect?r=central-proxy&g=org.ow2.mind&a=adl-backend&v=0.2.1&e=pom, ,
adl-frontend,0.2.1,org.ow2.mind,central-proxy,https://repository.sonatype.org/service/local/artifact/maven/redirect?r=central-proxy&g=org.ow2.mind&a=adl-frontend&v=0.2.1&e=pom, ,
adl-parser,0.2.1,org.ow2.mind,central-proxy,https://repository.sonatype.org/service/local/artifact/maven/redirect?r=central-proxy&g=org.ow2.mind&a=adl-parser&v=0.2.1&e=pom, ,
adl-rmi,0.8,org.objectweb.fractal.bf.itests,central-proxy,https://repository.sonatype.org/service/local/artifact/maven/redirect?r=central-proxy&g=org.objectweb.fractal.bf.itests&a=adl-rmi&v=0.8&e=pom, ,
adl-backend,0.2.2,org.ow2.mind,central-proxy,https://repository.sonatype.org/service/local/artifact/maven/redirect?r=central-proxy&g=org.ow2.mind&a=adl-backend&v=0.2.2&e=pom, ,
adl-frontend,0.2.2,org.ow2.mind,central-proxy,https://repository.sonatype.org/service/local/artifact/maven/redirect?r=central-proxy&g=org.ow2.mind&a=adl-frontend&v=0.2.2&e=pom, ,
adl-parser,0.2.2,org.ow2.mind,central-proxy,https://repository.sonatype.org/service/local/artifact/maven/redirect?r=central-proxy&g=org.ow2.mind&a=adl-parser&v=0.2.2&e=pom, ,
adl-backend,0.2.3,org.ow2.mind,central-proxy,https://repository.sonatype.org/service/local/artifact/maven/redirect?r=central-proxy&g=org.ow2.mind&a=adl-backend&v=0.2.3&e=pom, ,
adl-frontend,0.2.3,org.ow2.mind,central-proxy,https://repository.sonatype.org/service/local/artifact/maven/redirect?r=central-proxy&g=org.ow2.mind&a=adl-frontend&v=0.2.3&e=pom, ,
adl-parser,0.2.3,org.ow2.mind,central-proxy,https://repository.sonatype.org/service/local/artifact/maven/redirect?r=central-proxy&g=org.ow2.mind&a=adl-parser&v=0.2.3&e=pom, ,
adl-backend,0.2.3a,org.ow2.mind,central-proxy,https://repository.sonatype.org/service/local/artifact/maven/redirect?r=central-proxy&g=org.ow2.mind&a=adl-backend&v=0.2.3a&e=pom, ,
adl-frontend,0.2.3a,org.ow2.mind,central-proxy,https://repository.sonatype.org/service/local/artifact/maven/redirect?r=central-proxy&g=org.ow2.mind&a=adl-frontend&v=0.2.3a&e=pom, ,
adl-parser,0.2.3a,org.ow2.mind,central-proxy,https://repository.sonatype.org/service/local/artifact/maven/redirect?r=central-proxy&g=org.ow2.mind&a=adl-parser&v=0.2.3a&e=pom, ,
adl-backend,0.3-beta-1,org.ow2.mind,central-proxy,https://repository.sonatype.org/service/local/artifact/maven/redirect?r=central-proxy&g=org.ow2.mind&a=adl-backend&v=0.3-beta-1&e=pom, ,
adl-frontend,0.3-beta-1,org.ow2.mind,central-proxy,https://repository.sonatype.org/service/local/artifact/maven/redirect?r=central-proxy&g=org.ow2.mind&a=adl-frontend&v=0.3-beta-1&e=pom, ,
adl-parser,0.3-beta-1,org.ow2.mind,central-proxy,https://repository.sonatype.org/service/local/artifact/maven/redirect?r=central-proxy&g=org.ow2.mind&a=adl-parser&v=0.3-beta-1&e=pom, ,
adl-rmi,0.5,org.objectweb.fractal.bf.itests,central-proxy,https://repository.sonatype.org/service/local/artifact/maven/redirect?r=central-proxy&g=org.objectweb.fractal.bf.itests&a=adl-rmi&v=0.5&e=pom, ,
adl-ws,0.5,org.objectweb.fractal.bf.itests,central-proxy,https://repository.sonatype.org/service/local/artifact/maven/redirect?r=central-proxy&g=org.objectweb.fractal.bf.itests&a=adl-ws&v=0.5&e=pom, ,
adl-rmi,0.9,org.objectweb.fractal.bf.itests,central-proxy,https://repository.sonatype.org/service/local/artifact/maven/redirect?r=central-proxy&g=org.objectweb.fractal.bf.itests&a=adl-rmi&v=0.9&e=pom, ,
adminapi-sdk,3.1,roller,central-proxy,https://repository.sonatype.org/service/local/artifact/maven/redirect?r=central-proxy&g=roller&a=adminapi-sdk&v=3.1&e=pom, ,
adminapi-sdk,3.1RC3,roller,central-proxy,https://repository.sonatype.org/service/local/artifact/maven/redirect?r=central-proxy&g=roller&a=adminapi-sdk&v=3.1RC3&e=pom, ,
adminapi-sdk,3.1RC8,roller,central-proxy,https://repository.sonatype.org/service/local/artifact/maven/redirect?r=central-proxy&g=roller&a=adminapi-sdk&v=3.1RC8&e=pom, ,
ado20,1.0,org.jvnet.com4j.typelibs,central-proxy,https://repository.sonatype.org/service/local/artifact/maven/redirect?r=central-proxy&g=org.jvnet.com4j.typelibs&a=ado20&v=1.0&e=pom, ,
adt,4.5.1.21328,com.adobe.flex.compiler,flex,https://repository.sonatype.org/service/local/artifact/maven/redirect?r=flex&g=com.adobe.flex.compiler&a=adt&v=4.5.1.21328&e=pom, ,
adt,4.5.0.20967,com.adobe.flex.compiler,flex,https://repository.sonatype.org/service/local/artifact/maven/redirect?r=flex&g=com.adobe.flex.compiler&a=adt&v=4.5.0.20967&e=pom, ,
adt,4.5.0.19786,com.adobe.flex.compiler,flex,https://repository.sonatype.org/service/local/artifact/maven/redirect?r=flex&g=com.adobe.flex.compiler&a=adt&v=4.5.0.19786&e=pom, ,
adt,4.5.0.18623,com.adobe.flex.compiler,flex,https://repository.sonatype.org/service/local/artifact/maven/redirect?r=flex&g=com.adobe.flex.compiler&a=adt&v=4.5.0.18623&e=pom, ,
adt,4.5.0.17855,com.adobe.flex.compiler,flex,https://repository.sonatype.org/service/local/artifact/maven/redirect?r=flex&g=com.adobe.flex.compiler&a=adt&v=4.5.0.17855&e=pom, ,
adt,4.5.0.17689,com.adobe.flex.compiler,flex,https://repository.sonatype.org/service/local/artifact/maven/redirect?r=flex&g=com.adobe.flex.compiler&a=adt&v=4.5.0.17689&e=pom, ,
adt,4.5.0.17077,com.adobe.flex.compiler,flex,https://repository.sonatype.org/service/local/artifact/maven/redirect?r=flex&g=com.adobe.flex.compiler&a=adt&v=4.5.0.17077&e=pom, ,
adt,4.1.0.16248,com.adobe.flex.compiler,flex,https://repository.sonatype.org/service/local/artifact/maven/redirect?r=flex&g=com.adobe.flex.compiler&a=adt&v=4.1.0.16248&e=pom, ,
adt,4.1.0.16076,com.adobe.flex.compiler,flex,https://repository.sonatype.org/service/local/artifact/maven/redirect?r=flex&g=com.adobe.flex.compiler&a=adt&v=4.1.0.16076&e=pom, ,
adt,4.1.0.15646,com.adobe.flex.compiler,flex,https://repository.sonatype.org/service/local/artifact/maven/redirect?r=flex&g=com.adobe.flex.compiler&a=adt&v=4.1.0.15646&e=pom, ,
adt,4.0.0.14159,com.adobe.flex.compiler,flex,https://repository.sonatype.org/service/local/artifact/maven/redirect?r=flex&g=com.adobe.flex.compiler&a=adt&v=4.0.0.14159&e=pom, ,
adt,4.0.0.13875,com.adobe.flex.compiler,flex,https://repository.sonatype.org/service/local/artifact/maven/redirect?r=flex&g=com.adobe.flex.compiler&a=adt&v=4.0.0.13875&e=pom, ,
adt,3.6.0.16995,com.adobe.flex.compiler,flex,https://repository.sonatype.org/service/local/artifact/maven/redirect?r=flex&g=com.adobe.flex.compiler&a=adt&v=3.6.0.16995&e=pom, ,
adt,3.6.0.16321,com.adobe.flex.compiler,flex,https://repository.sonatype.org/service/local/artifact/maven/redirect?r=flex&g=com.adobe.flex.compiler&a=adt&v=3.6.0.16321&e=pom, ,
adt,3.5.a.12683,com.adobe.flex.compiler,flex,https://repository.sonatype.org/service/local/artifact/maven/redirect?r=flex&g=com.adobe.flex.compiler&a=adt&v=3.5.a.12683&e=pom, ,
adt,3.4.1.10084,com.adobe.flex.compiler,flex,https://repository.sonatype.org/service/local/artifact/maven/redirect?r=flex&g=com.adobe.flex.compiler&a=adt&v=3.4.1.10084&e=pom, ,
adt,4.0.0.13555,com.adobe.flex,flex,https://repository.sonatype.org/service/local/artifact/maven/redirect?r=flex&g=com.adobe.flex&a=adt&v=4.0.0.13555&e=pom, ,
adt,4.0.0.12575,com.adobe.flex,flex,https://repository.sonatype.org/service/local/artifact/maven/redirect?r=flex&g=com.adobe.flex&a=adt&v=4.0.0.12575&e=pom, ,
adt,3.2.0.3958,com.adobe.flex,flex,https://repository.sonatype.org/service/local/artifact/maven/redirect?r=flex&g=com.adobe.flex&a=adt&v=3.2.0.3958&e=pom, ,
aduna-clustermap-gnizr,2006.3-beta2,com.gnizr.aduna,central-proxy,https://repository.sonatype.org/service/local/artifact/maven/redirect?r=central-proxy&g=com.gnizr.aduna&a=aduna-clustermap-gnizr&v=2006.3-beta2&e=pom, ,
aduna-opensource-root-pom,5,org.aduna-software,aduna,https://repository.sonatype.org/service/local/artifact/maven/redirect?r=aduna&g=org.aduna-software&a=aduna-opensource-root-pom&v=5&e=pom,SCM[scm:svn:http://repo.aduna-software.org/svn/;http://repo.aduna-software.org/websvn/],
aduna-opensource-root-pom,4,org.aduna-software,aduna,https://repository.sonatype.org/service/local/artifact/maven/redirect?r=aduna&g=org.aduna-software&a=aduna-opensource-root-pom&v=4&e=pom,SCM[scm:svn:http://repo.aduna-software.org/svn/;http://repo.aduna-software.org/websvn/],
aduna-opensource-root-pom,3,org.aduna-software,aduna,https://repository.sonatype.org/service/local/artifact/maven/redirect?r=aduna&g=org.aduna-software&a=aduna-opensource-root-pom&v=3&e=pom,SCM[scm:svn:http://repo.aduna-software.org/svn/;http://repo.aduna-software.org/viewvc/],
aduna-opensource-root-pom,2,org.aduna-software,aduna,https://repository.sonatype.org/service/local/artifact/maven/redirect?r=aduna&g=org.aduna-software&a=aduna-opensource-root-pom&v=2&e=pom,SCM[scm:svn:http://repo.aduna-software.org/svn/;http://repo.aduna-software.org/viewvc/],
aduna-opensource-root-pom,1,org.aduna-software,aduna,https://repository.sonatype.org/service/local/artifact/maven/redirect?r=aduna&g=org.aduna-software&a=aduna-opensource-root-pom&v=1&e=pom,SCM[scm:svn:http://repo.aduna-software.org/svn/;http://repo.aduna-software.org/viewvc/],
aduna-commons-xml,2.7.0,info.aduna.commons,aduna,https://repository.sonatype.org/service/local/artifact/maven/redirect?r=aduna&g=info.aduna.commons&a=aduna-commons-xml&v=2.7.0&e=pom,SCM[scm:svn:http://repo.aduna-software.org/svn/info.aduna/commons/xml/tags/2.7.0;http://repo.aduna-software.org/websvn/listing.php?repname=aduna&path=/info.aduna/commons/xml/tags/2.7.0?repname=aduna&path=/info.aduna/commons/xml/trunk/],
aduna-commons-xml,2.6.0,info.aduna.commons,aduna,https://repository.sonatype.org/service/local/artifact/maven/redirect?r=aduna&g=info.aduna.commons&a=aduna-commons-xml&v=2.6.0&e=pom,SCM[scm:svn:http://repo.aduna-software.org/svn/info.aduna/commons/xml/tags/2.6.0;http://repo.aduna-software.org/websvn/listing.php?repname=aduna&path=/info.aduna/commons/xml/branches/2.6?repname=aduna&path=/info.aduna/commons/xml/tags/2.6.0?repname=aduna&path=/info.aduna/commons/xml/branches/2.6?repname=aduna&path=/info.aduna/commons/xml/trunk/],
aduna-commons-xml,2.5.0,info.aduna.commons,aduna,https://repository.sonatype.org/service/local/artifact/maven/redirect?r=aduna&g=info.aduna.commons&a=aduna-commons-xml&v=2.5.0&e=pom,SCM[scm:svn:http://repo.aduna-software.org/svn/info.aduna/commons/xml/tags/2.5.0;http://repo.aduna-software.org/viewvc/info.aduna/commons/xml/tags/2.5.0],
aduna-commons-xml,2.2,info.aduna.commons,aduna,https://repository.sonatype.org/service/local/artifact/maven/redirect?r=aduna&g=info.aduna.commons&a=aduna-commons-xml&v=2.2&e=pom,SCM[scm:svn:http://repo.aduna-software.org/svn/info.aduna/commons/xml/tags/2.2;http://repo.aduna-software.org/viewvc/info.aduna/commons/xml/tags/2.2],
aduna-commons-webapp-core,2.8.0,info.aduna.commons,aduna,https://repository.sonatype.org/service/local/artifact/maven/redirect?r=aduna&g=info.aduna.commons&a=aduna-commons-webapp-core&v=2.8.0&e=pom, ,
aduna-commons-webapp-core,2.4,info.aduna.commons,aduna,https://repository.sonatype.org/service/local/artifact/maven/redirect?r=aduna&g=info.aduna.commons&a=aduna-commons-webapp-core&v=2.4&e=pom, ,
aduna-commons-webapp,2.8.0,info.aduna.commons,aduna,https://repository.sonatype.org/service/local/artifact/maven/redirect?r=aduna&g=info.aduna.commons&a=aduna-commons-webapp&v=2.8.0&e=pom,SCM[scm:svn:http://repo.aduna-software.org/svn/info.aduna/commons/webapp/tags/2.8.0;http://repo.aduna-software.org/websvn/listing.php?repname=aduna&path=/info.aduna/commons/webapp/branches/2.8?repname=aduna&path=/info.aduna/commons/webapp/tags/2.8.0?repname=aduna&path=/info.aduna/commons/webapp/branches/2.8?repname=aduna&path=/info.aduna/commons/webapp/trunk/],
aduna-commons-webapp,2.4,info.aduna.commons,aduna,https://repository.sonatype.org/service/local/artifact/maven/redirect?r=aduna&g=info.aduna.commons&a=aduna-commons-webapp&v=2.4&e=pom,SCM[scm:svn:http://repo.aduna-software.org/svn/info.aduna/commons/webapp/tags/2.4;http://repo.aduna-software.org/viewvc/info.aduna/commons/webapp/tags/2.4],
aduna-commons-text,2.7.0,info.aduna.commons,aduna,https://repository.sonatype.org/service/local/artifact/maven/redirect?r=aduna&g=info.aduna.commons&a=aduna-commons-text&v=2.7.0&e=pom,SCM[scm:svn:http://repo.aduna-software.org/svn/info.aduna/commons/text/tags/2.7.0;http://repo.aduna-software.org/websvn/listing.php?repname=aduna&path=/info.aduna/commons/text/tags/2.7.0?repname=aduna&path=/info.aduna/commons/text/trunk/],
aduna-commons-text,2.6.0,info.aduna.commons,aduna,https://repository.sonatype.org/service/local/artifact/maven/redirect?r=aduna&g=info.aduna.commons&a=aduna-commons-text&v=2.6.0&e=pom,SCM[scm:svn:http://repo.aduna-software.org/svn/info.aduna/commons/text/tags/2.6.0;http://repo.aduna-software.org/websvn/listing.php?repname=aduna&path=/info.aduna/commons/text/branches/2.6?repname=aduna&path=/info.aduna/commons/text/tags/2.6.0?repname=aduna&path=/info.aduna/commons/text/branches/2.6?repname=aduna&path=/info.aduna/commons/text/trunk/],
aduna-commons-text,2.5.0,info.aduna.commons,aduna,https://repository.sonatype.org/service/local/artifact/maven/redirect?r=aduna&g=info.aduna.commons&a=aduna-commons-text&v=2.5.0&e=pom,SCM[scm:svn:http://repo.aduna-software.org/svn/info.aduna/commons/text/tags/2.5.0;http://repo.aduna-software.org/viewvc/info.aduna/commons/text/tags/2.5.0],
aduna-commons-text,2.4.0,info.aduna.commons,aduna,https://repository.sonatype.org/service/local/artifact/maven/redirect?r=aduna&g=info.aduna.commons&a=aduna-commons-text&v=2.4.0&e=pom,SCM[scm:svn:http://repo.aduna-software.org/svn/info.aduna/commons/text/tags/2.4.0;http://repo.aduna-software.org/viewvc/info.aduna/commons/text/tags/2.4.0],
aduna-commons-text,2.2,info.aduna.commons,aduna,https://repository.sonatype.org/service/local/artifact/maven/redirect?r=aduna&g=info.aduna.commons&a=aduna-commons-text&v=2.2&e=pom,SCM[scm:svn:http://repo.aduna-software.org/svn/info.aduna/commons/text/tags/2.2;http://repo.aduna-software.org/viewvc/info.aduna/commons/text/tags/2.2],
aduna-commons-platform-info,2.2,info.aduna.commons,aduna,https://repository.sonatype.org/service/local/artifact/maven/redirect?r=aduna&g=info.aduna.commons&a=aduna-commons-platform-info&v=2.2&e=pom, ,
aduna-commons-platform,2.2,info.aduna.commons,aduna,https://repository.sonatype.org/service/local/artifact/maven/redirect?r=aduna&g=info.aduna.commons&a=aduna-commons-platform&v=2.2&e=pom,SCM[scm:svn:http://repo.aduna-software.org/svn/info.aduna/commons/platform/tags/2.2;http://repo.aduna-software.org/viewvc/info.aduna/commons/platform/tags/2.2],
aduna-commons-net-http-server-embedded,2.1,info.aduna.commons,aduna,https://repository.sonatype.org/service/local/artifact/maven/redirect?r=aduna&g=info.aduna.commons&a=aduna-commons-net-http-server-embedded&v=2.1&e=pom,SCM[scm:svn:http://repo.aduna-software.org/svn/info.aduna/commons/net-http-server-embedded/tags/2.1;http://repo.aduna-software.org/viewvc/info.aduna/commons/net-http-server-embedded/tags/2.1],
aduna-commons-net,2.7.0,info.aduna.commons,aduna,https://repository.sonatype.org/service/local/artifact/maven/redirect?r=aduna&g=info.aduna.commons&a=aduna-commons-net&v=2.7.0&e=pom,SCM[scm:svn:http://repo.aduna-software.org/svn/info.aduna/commons/net/tags/2.7.0;http://repo.aduna-software.org/websvn/listing.php?repname=aduna&path=/info.aduna/commons/net/tags/2.7.0?repname=aduna&path=/info.aduna/commons/net/trunk/],
aduna-commons-net,2.6.0,info.aduna.commons,aduna,https://repository.sonatype.org/service/local/artifact/maven/redirect?r=aduna&g=info.aduna.commons&a=aduna-commons-net&v=2.6.0&e=pom,SCM[scm:svn:http://repo.aduna-software.org/svn/info.aduna/commons/net/tags/2.6.0;http://repo.aduna-software.org/websvn/listing.php?repname=aduna&path=/info.aduna/commons/net/branches/2.6?repname=aduna&path=/info.aduna/commons/net/tags/2.6.0?repname=aduna&path=/info.aduna/commons/net/branches/2.6?repname=aduna&path=/info.aduna/commons/net/trunk/],
aduna-commons-net,2.5.0,info.aduna.commons,aduna,https://repository.sonatype.org/service/local/artifact/maven/redirect?r=aduna&g=info.aduna.commons&a=aduna-commons-net&v=2.5.0&e=pom,SCM[scm:svn:http://repo.aduna-software.org/svn/info.aduna/commons/net/tags/2.5.0;http://repo.aduna-software.org/viewvc/info.aduna/commons/net/tags/2.5.0],
aduna-commons-net,2.2,info.aduna.commons,aduna,https://repository.sonatype.org/service/local/artifact/maven/redirect?r=aduna&g=info.aduna.commons&a=aduna-commons-net&v=2.2&e=pom,SCM[scm:svn:http://repo.aduna-software.org/svn/info.aduna/commons/net/tags/2.2;http://repo.aduna-software.org/viewvc/info.aduna/commons/net/tags/2.2],
aduna-commons-lang,2.9.0,info.aduna.commons,aduna,https://repository.sonatype.org/service/local/artifact/maven/redirect?r=aduna&g=info.aduna.commons&a=aduna-commons-lang&v=2.9.0&e=pom,SCM[scm:svn:http://repo.aduna-software.org/svn/info.aduna/commons/lang/tags/2.9.0;http://repo.aduna-software.org/websvn/listing.php?repname=aduna&path=/info.aduna/commons/lang/tags/2.9.0?repname=aduna&path=/info.aduna/commons/lang/trunk/],
aduna-commons-lang,2.8.0,info.aduna.commons,aduna,https://repository.sonatype.org/service/local/artifact/maven/redirect?r=aduna&g=info.aduna.commons&a=aduna-commons-lang&v=2.8.0&e=pom,SCM[scm:svn:http://repo.aduna-software.org/svn/info.aduna/commons/lang/tags/2.8.0;http://repo.aduna-software.org/websvn/listing.php?repname=aduna&path=/info.aduna/commons/lang/branches/2.8?repname=aduna&path=/info.aduna/commons/lang/tags/2.8.0?repname=aduna&path=/info.aduna/commons/lang/branches/2.8?repname=aduna&path=/info.aduna/commons/lang/trunk/],
aduna-commons-lang,2.7.0,info.aduna.commons,aduna,https://repository.sonatype.org/service/local/artifact/maven/redirect?r=aduna&g=info.aduna.commons&a=aduna-commons-lang&v=2.7.0&e=pom,SCM[scm:svn:http://repo.aduna-software.org/svn/info.aduna/commons/lang/tags/2.7.0;http://repo.aduna-software.org/viewvc/info.aduna/commons/lang/tags/2.7.0],
aduna-commons-lang,2.3,info.aduna.commons,aduna,https://repository.sonatype.org/service/local/artifact/maven/redirect?r=aduna&g=info.aduna.commons&a=aduna-commons-lang&v=2.3&e=pom,SCM[scm:svn:http://repo.aduna-software.org/svn/info.aduna/commons/lang/tags/2.3;http://repo.aduna-software.org/viewvc/info.aduna/commons/lang/tags/2.3],
aduna-commons-lang,2.2,info.aduna.commons,aduna,https://repository.sonatype.org/service/local/artifact/maven/redirect?r=aduna&g=info.aduna.commons&a=aduna-commons-lang&v=2.2&e=pom,SCM[scm:svn:http://repo.aduna-software.org/svn/info.aduna/commons/lang/tags/2.2;http://repo.aduna-software.org/viewvc/info.aduna/commons/lang/tags/2.2],
aduna-commons-iteration,2.9.0,info.aduna.commons,aduna,https://repository.sonatype.org/service/local/artifact/maven/redirect?r=aduna&g=info.aduna.commons&a=aduna-commons-iteration&v=2.9.0&e=pom,SCM[scm:svn:http://repo.aduna-software.org/svn/info.aduna/commons/iteration/tags/2.9.0;http://repo.aduna-software.org/websvn/listing.php?repname=aduna&path=/info.aduna/commons/iteration/tags/2.9.0?repname=aduna&path=/info.aduna/commons/iteration/trunk/],
aduna-commons-iteration,2.8.0,info.aduna.commons,aduna,https://repository.sonatype.org/service/local/artifact/maven/redirect?r=aduna&g=info.aduna.commons&a=aduna-commons-iteration&v=2.8.0&e=pom,SCM[scm:svn:http://repo.aduna-software.org/svn/info.aduna/commons/iteration/tags/2.8.0;http://repo.aduna-software.org/websvn/listing.php?repname=aduna&path=/info.aduna/commons/iteration/tags/2.8.0/],
aduna-commons-iteration,2.7.0,info.aduna.commons,aduna,https://repository.sonatype.org/service/local/artifact/maven/redirect?r=aduna&g=info.aduna.commons&a=aduna-commons-iteration&v=2.7.0&e=pom, ,
aduna-commons-iteration,2.6.0,info.aduna.commons,aduna,https://repository.sonatype.org/service/local/artifact/maven/redirect?r=aduna&g=info.aduna.commons&a=aduna-commons-iteration&v=2.6.0&e=pom,SCM[scm:svn:http://repo.aduna-software.org/svn/info.aduna/commons/iteration/tags/2.6.0;http://repo.aduna-software.org/viewvc/info.aduna/commons/iteration/tags/2.6.0],
aduna-commons-iteration,2.3,info.aduna.commons,aduna,https://repository.sonatype.org/service/local/artifact/maven/redirect?r=aduna&g=info.aduna.commons&a=aduna-commons-iteration&v=2.3&e=pom,SCM[scm:svn:http://repo.aduna-software.org/svn/info.aduna/commons/iteration/tags/2.3;http://repo.aduna-software.org/viewvc/info.aduna/commons/iteration/tags/2.3],
aduna-commons-iteration,2.10.0,info.aduna.commons,aduna,https://repository.sonatype.org/service/local/artifact/maven/redirect?r=aduna&g=info.aduna.commons&a=aduna-commons-iteration&v=2.10.0&e=pom,SCM[scm:svn:http://repo.aduna-software.org/svn/info.aduna/commons/iteration/tags/2.10.0;http://repo.aduna-software.org/websvn/listing.php?repname=aduna&path=/info.aduna/commons/iteration/tags/2.10.0?repname=aduna&path=/info.aduna/commons/iteration/trunk/],
aduna-commons-io,2.8.0,info.aduna.commons,aduna,https://repository.sonatype.org/service/local/artifact/maven/redirect?r=aduna&g=info.aduna.commons&a=aduna-commons-io&v=2.8.0&e=pom,SCM[scm:svn:http://repo.aduna-software.org/svn/info.aduna/commons/io/tags/2.8.0;http://repo.aduna-software.org/websvn/listing.php?repname=aduna&path=/info.aduna/commons/io/branches/2.8?repname=aduna&path=/info.aduna/commons/io/tags/2.8.0?repname=aduna&path=/info.aduna/commons/io/branches/2.8?repname=aduna&path=/info.aduna/commons/io/trunk/],
aduna-commons-io,2.7.0,info.aduna.commons,aduna,https://repository.sonatype.org/service/local/artifact/maven/redirect?r=aduna&g=info.aduna.commons&a=aduna-commons-io&v=2.7.0&e=pom,SCM[scm:svn:http://repo.aduna-software.org/svn/info.aduna/commons/io/tags/2.7.0;http://repo.aduna-software.org/viewvc/info.aduna/commons/io/tags/2.7.0],
aduna-commons-io,2.4,info.aduna.commons,aduna,https://repository.sonatype.org/service/local/artifact/maven/redirect?r=aduna&g=info.aduna.commons&a=aduna-commons-io&v=2.4&e=pom,SCM[scm:svn:http://repo.aduna-software.org/svn/info.aduna/commons/io/tags/2.4;http://repo.aduna-software.org/viewvc/info.aduna/commons/io/tags/2.4],
aduna-commons-io,2.10.0,info.aduna.commons,aduna,https://repository.sonatype.org/service/local/artifact/maven/redirect?r=aduna&g=info.aduna.commons&a=aduna-commons-io&v=2.10.0&e=pom,SCM[scm:svn:http://repo.aduna-software.org/svn/info.aduna/commons/io/tags/2.10.0;http://repo.aduna-software.org/websvn/listing.php?repname=aduna&path=/info.aduna/commons/io/tags/2.10.0?repname=aduna&path=/info.aduna/commons/io/trunk/],
aduna-commons-i18n,1.4.0,info.aduna.commons,aduna,https://repository.sonatype.org/service/local/artifact/maven/redirect?r=aduna&g=info.aduna.commons&a=aduna-commons-i18n&v=1.4.0&e=pom,SCM[scm:svn:http://repo.aduna-software.org/svn/info.aduna/commons/i18n/tags/1.4.0;http://repo.aduna-software.org/websvn/listing.php?repname=aduna&path=/info.aduna/commons/i18n/tags/1.4.0?repname=aduna&path=/info.aduna/commons/i18n/trunk/],
aduna-commons-i18n,1.3.0,info.aduna.commons,aduna,https://repository.sonatype.org/service/local/artifact/maven/redirect?r=aduna&g=info.aduna.commons&a=aduna-commons-i18n&v=1.3.0&e=pom,SCM[scm:svn:http://repo.aduna-software.org/svn/info.aduna/commons/i18n/tags/1.3.0;http://repo.aduna-software.org/websvn/listing.php?repname=aduna&path=/info.aduna/commons/i18n/branches/1.3?repname=aduna&path=/info.aduna/commons/i18n/tags/1.3.0?repname=aduna&path=/info.aduna/commons/i18n/branches/1.3?repname=aduna&path=/info.aduna/commons/i18n/trunk/],
aduna-commons-i18n,1.2.0,info.aduna.commons,aduna,https://repository.sonatype.org/service/local/artifact/maven/redirect?r=aduna&g=info.aduna.commons&a=aduna-commons-i18n&v=1.2.0&e=pom,SCM[scm:svn:http://repo.aduna-software.org/svn/info.aduna/commons/i18n/tags/1.2.0;http://repo.aduna-software.org/viewvc/info.aduna/commons/i18n/tags/1.2.0],
aduna-commons-i18n,1.0,info.aduna.commons,aduna,https://repository.sonatype.org/service/local/artifact/maven/redirect?r=aduna&g=info.aduna.commons&a=aduna-commons-i18n&v=1.0&e=pom,SCM[scm:svn:http://repo.aduna-software.org/svn/info.aduna/commons/i18n/tags/1.0;http://repo.aduna-software.org/viewvc/info.aduna/commons/i18n/tags/1.0],
aduna-commons-concurrent,2.7.0,info.aduna.commons,aduna,https://repository.sonatype.org/service/local/artifact/maven/redirect?r=aduna&g=info.aduna.commons&a=aduna-commons-concurrent&v=2.7.0&e=pom,SCM[scm:svn:http://repo.aduna-software.org/svn/info.aduna/commons/concurrent/tags/2.7.0;http://repo.aduna-software.org/websvn/listing.php?repname=aduna&path=/info.aduna/commons/concurrent/tags/2.7.0?repname=aduna&path=/info.aduna/commons/concurrent/trunk/],
aduna-commons-concurrent,2.6.0,info.aduna.commons,aduna,https://repository.sonatype.org/service/local/artifact/maven/redirect?r=aduna&g=info.aduna.commons&a=aduna-commons-concurrent&v=2.6.0&e=pom,SCM[scm:svn:http://repo.aduna-software.org/svn/info.aduna/commons/concurrent/tags/2.6.0;http://repo.aduna-software.org/websvn/listing.php?repname=aduna&path=/info.aduna/commons/concurrent/branches/2.6?repname=aduna&path=/info.aduna/commons/concurrent/tags/2.6.0?repname=aduna&path=/info.aduna/commons/concurrent/branches/2.6?repname=aduna&path=/info.aduna/commons/concurrent/trunk/],
aduna-commons-concurrent,2.5.0,info.aduna.commons,aduna,https://repository.sonatype.org/service/local/artifact/maven/redirect?r=aduna&g=info.aduna.commons&a=aduna-commons-concurrent&v=2.5.0&e=pom,SCM[scm:svn:http://repo.aduna-software.org/svn/info.aduna/commons/concurrent/tags/2.5.0;http://repo.aduna-software.org/viewvc/info.aduna/commons/concurrent/tags/2.5.0],
aduna-commons-concurrent,2.2,info.aduna.commons,aduna,https://repository.sonatype.org/service/local/artifact/maven/redirect?r=aduna&g=info.aduna.commons&a=aduna-commons-concurrent&v=2.2&e=pom,SCM[scm:svn:http://repo.aduna-software.org/svn/info.aduna/commons/concurrent/tags/2.2;http://repo.aduna-software.org/viewvc/info.aduna/commons/concurrent/tags/2.2],
aduna-commons-collections,2.8.0,info.aduna.commons,aduna,https://repository.sonatype.org/service/local/artifact/maven/redirect?r=aduna&g=info.aduna.commons&a=aduna-commons-collections&v=2.8.0&e=pom,SCM[scm:svn:http://repo.aduna-software.org/svn/info.aduna/commons/collections/tags/2.8.0;http://repo.aduna-software.org/websvn/listing.php?repname=aduna&path=/info.aduna/commons/collections/tags/2.8.0?repname=aduna&path=/info.aduna/commons/collections/trunk/],
aduna-commons-collections,2.7.0,info.aduna.commons,aduna,https://repository.sonatype.org/service/local/artifact/maven/redirect?r=aduna&g=info.aduna.commons&a=aduna-commons-collections&v=2.7.0&e=pom,SCM[scm:svn:http://repo.aduna-software.org/svn/info.aduna/commons/collections/tags/2.7.0;http://repo.aduna-software.org/websvn/listing.php?repname=aduna&path=/info.aduna/commons/collections/branches/2.7?repname=aduna&path=/info.aduna/commons/collections/tags/2.7.0?repname=aduna&path=/info.aduna/commons/collections/branches/2.7?repname=aduna&path=/info.aduna/commons/collections/trunk/],
aduna-commons-collections,2.6.0,info.aduna.commons,aduna,https://repository.sonatype.org/service/local/artifact/maven/redirect?r=aduna&g=info.aduna.commons&a=aduna-commons-collections&v=2.6.0&e=pom,SCM[scm:svn:http://repo.aduna-software.org/svn/info.aduna/commons/collections/tags/2.6.0;http://repo.aduna-software.org/viewvc/info.aduna/commons/collections/tags/2.6.0],
aduna-commons-collections,2.3,info.aduna.commons,aduna,https://repository.sonatype.org/service/local/artifact/maven/redirect?r=aduna&g=info.aduna.commons&a=aduna-commons-collections&v=2.3&e=pom,SCM[scm:svn:http://repo.aduna-software.org/svn/info.aduna/commons/collections/tags/2.3;http://repo.aduna-software.org/viewvc/info.aduna/commons/collections/tags/2.3],
aduna-commons,6,info.aduna.commons,aduna,https://repository.sonatype.org/service/local/artifact/maven/redirect?r=aduna&g=info.aduna.commons&a=aduna-commons&v=6&e=pom,SCM[scm:svn:http://repo.aduna-software.org/svn/info.aduna/commons;http://repo.aduna-software.org/viewvc/info.aduna/commons],
aduna-commons,5,info.aduna.commons,aduna,https://repository.sonatype.org/service/local/artifact/maven/redirect?r=aduna&g=info.aduna.commons&a=aduna-commons&v=5&e=pom,SCM[scm:svn:http://repo.aduna-software.org/svn/info.aduna/commons;http://repo.aduna-software.org/viewvc/info.aduna/commons],
aduna-commons,20,info.aduna.commons,aduna,https://repository.sonatype.org/service/local/artifact/maven/redirect?r=aduna&g=info.aduna.commons&a=aduna-commons&v=20&e=pom,SCM[scm:svn:http://repo.aduna-software.org/svn/info.aduna/commons/;http://repo.aduna-software.org/websvn/listing.php?repname=aduna&path=/info.aduna/commons/],
aduna-commons,19,info.aduna.commons,aduna,https://repository.sonatype.org/service/local/artifact/maven/redirect?r=aduna&g=info.aduna.commons&a=aduna-commons&v=19&e=pom,SCM[scm:svn:http://repo.aduna-software.org/svn/info.aduna/commons/;http://repo.aduna-software.org/websvn/listing.php?repname=aduna&path=/info.aduna/commons/],
aduna-commons,18,info.aduna.commons,aduna,https://repository.sonatype.org/service/local/artifact/maven/redirect?r=aduna&g=info.aduna.commons&a=aduna-commons&v=18&e=pom,SCM[scm:svn:http://repo.aduna-software.org/svn/info.aduna/commons/;http://repo.aduna-software.org/websvn/listing.php?repname=aduna&path=/info.aduna/commons/],
aduna-commons,16,info.aduna.commons,aduna,https://repository.sonatype.org/service/local/artifact/maven/redirect?r=aduna&g=info.aduna.commons&a=aduna-commons&v=16&e=pom,SCM[scm:svn:http://repo.aduna-software.org/svn/info.aduna/commons/;http://repo.aduna-software.org/websvn/listing.php?repname=aduna&path=/info.aduna/commons/],
aduna-commons,14,info.aduna.commons,aduna,https://repository.sonatype.org/service/local/artifact/maven/redirect?r=aduna&g=info.aduna.commons&a=aduna-commons&v=14&e=pom,SCM[scm:svn:http://repo.aduna-software.org/svn/info.aduna/commons;http://repo.aduna-software.org/viewvc/info.aduna/commons],
aduna-commons,12,info.aduna.commons,aduna,https://repository.sonatype.org/service/local/artifact/maven/redirect?r=aduna&g=info.aduna.commons&a=aduna-commons&v=12&e=pom,SCM[scm:svn:http://repo.aduna-software.org/svn/info.aduna/commons;http://repo.aduna-software.org/viewvc/info.aduna/commons],
aduna-appbase-webapp-base-core,3.4.1,info.aduna.appbase,aduna,https://repository.sonatype.org/service/local/artifact/maven/redirect?r=aduna&g=info.aduna.appbase&a=aduna-appbase-webapp-base-core&v=3.4.1&e=pom, ,
aduna-appbase-webapp,3.4.1,info.aduna.appbase,aduna,https://repository.sonatype.org/service/local/artifact/maven/redirect?r=aduna&g=info.aduna.appbase&a=aduna-appbase-webapp&v=3.4.1&e=pom, ,
aduna-appbase,3.9.0,info.aduna.appbase,aduna,https://repository.sonatype.org/service/local/artifact/maven/redirect?r=aduna&g=info.aduna.appbase&a=aduna-appbase&v=3.9.0&e=pom,SCM[scm:svn:http://repo.aduna-software.org/svn/info.aduna/appbase/tags/3.9.0;http://repo.aduna-software.org/websvn/listing.php?repname=aduna&path=/info.aduna/appbase/tags/3.9.0?repname=aduna&path=/info.aduna/appbase/branches/3.9],
aduna-appbase,3.8.0,info.aduna.appbase,aduna,https://repository.sonatype.org/service/local/artifact/maven/redirect?r=aduna&g=info.aduna.appbase&a=aduna-appbase&v=3.8.0&e=pom,SCM[scm:svn:http://repo.aduna-software.org/svn/info.aduna/appbase/tags/3.8.0;http://repo.aduna-software.org/viewvc/info.aduna/appbase/tags/3.8.0],
aduna-appbase,3.4.1,info.aduna.appbase,aduna,https://repository.sonatype.org/service/local/artifact/maven/redirect?r=aduna&g=info.aduna.appbase&a=aduna-appbase&v=3.4.1&e=pom,SCM[scm:svn:http://repo.aduna-software.org/svn/info.aduna/appbase/tags/3.4.1;http://repo.aduna-software.org/viewvc/info.aduna/appbase/tags/3.4.1],
aduna-appbase,3.11.0,info.aduna.appbase,aduna,https://repository.sonatype.org/service/local/artifact/maven/redirect?r=aduna&g=info.aduna.appbase&a=aduna-appbase&v=3.11.0&e=pom,SCM[scm:svn:http://repo.aduna-software.org/svn/info.aduna/appbase/tags/3.11.0;http://repo.aduna-software.org/websvn/listing.php?repname=aduna&path=/info.aduna/appbase/tags/3.11.0?repname=aduna&path=/info.aduna/appbase/trunk/],
aduna-root-pom,9,info.aduna,aduna,https://repository.sonatype.org/service/local/artifact/maven/redirect?r=aduna&g=info.aduna&a=aduna-root-pom&v=9&e=pom, ,
aduna-root-pom,5,info.aduna,aduna,https://repository.sonatype.org/service/local/artifact/maven/redirect?r=aduna&g=info.aduna&a=aduna-root-pom&v=5&e=pom, ,
aduna-root-pom,16,info.aduna,aduna,https://repository.sonatype.org/service/local/artifact/maven/redirect?r=aduna&g=info.aduna&a=aduna-root-pom&v=16&e=pom,SCM[scm:svn:http://repo.aduna-software.org/svn/info.aduna/;http://repo.aduna-software.org/websvn/listing.php?repname=aduna&path=/info.aduna/],
aduna-root-pom,15,info.aduna,aduna,https://repository.sonatype.org/service/local/artifact/maven/redirect?r=aduna&g=info.aduna&a=aduna-root-pom&v=15&e=pom,SCM[scm:svn:http://repo.aduna-software.org/svn/info.aduna/;http://repo.aduna-software.org/websvn/listing.php?repname=aduna&path=/info.aduna/],
aduna-root-pom,14,info.aduna,aduna,https://repository.sonatype.org/service/local/artifact/maven/redirect?r=aduna&g=info.aduna&a=aduna-root-pom&v=14&e=pom,SCM[scm:svn:http://repo.aduna-software.org/svn/info.aduna/;http://repo.aduna-software.org/websvn/listing.php?repname=aduna&path=/info.aduna/],
aduna-root-pom,13,info.aduna,aduna,https://repository.sonatype.org/service/local/artifact/maven/redirect?r=aduna&g=info.aduna&a=aduna-root-pom&v=13&e=pom,SCM[scm:svn:http://repo.aduna-software.org/svn/info.aduna/;http://repo.aduna-software.org/websvn/listing.php?repname=aduna&path=/info.aduna/],
aduna-root-pom,11,info.aduna,aduna,https://repository.sonatype.org/service/local/artifact/maven/redirect?r=aduna&g=info.aduna&a=aduna-root-pom&v=11&e=pom, ,
advices-aggregator,0.1.1-SNAPSHOT,org.sonatype.runtime.recipes.advices,snapshots,https://repository.sonatype.org/service/local/artifact/maven/redirect?r=snapshots&g=org.sonatype.runtime.recipes.advices&a=advices-aggregator&v=0.1.1-SNAPSHOT&e=pom, ,
advice-p2-agent,3.6-SNAPSHOT,org.sonatype.runtime.recipes.advices,snapshots,https://repository.sonatype.org/service/local/artifact/maven/redirect?r=snapshots&g=org.sonatype.runtime.recipes.advices&a=advice-p2-agent&v=3.6-SNAPSHOT&e=pom, ,
advice-maven-3.0.x,0.1.1-SNAPSHOT,org.sonatype.runtime.recipes.advices,snapshots,https://repository.sonatype.org/service/local/artifact/maven/redirect?r=snapshots&g=org.sonatype.runtime.recipes.advices&a=advice-maven-3.0.x&v=0.1.1-SNAPSHOT&e=pom, ,
advice-maven-3.0.x,0.1.0-SNAPSHOT,org.sonatype.runtime.recipes.advices,snapshots,https://repository.sonatype.org/service/local/artifact/maven/redirect?r=snapshots&g=org.sonatype.runtime.recipes.advices&a=advice-maven-3.0.x&v=0.1.0-SNAPSHOT&e=pom, ,
advice-maven-2.2.x,0.1.1-SNAPSHOT,org.sonatype.runtime.recipes.advices,snapshots,https://repository.sonatype.org/service/local/artifact/maven/redirect?r=snapshots&g=org.sonatype.runtime.recipes.advices&a=advice-maven-2.2.x&v=0.1.1-SNAPSHOT&e=pom, ,
advice-maven-2.2.x,0.1.0-SNAPSHOT,org.sonatype.runtime.recipes.advices,snapshots,https://repository.sonatype.org/service/local/artifact/maven/redirect?r=snapshots&g=org.sonatype.runtime.recipes.advices&a=advice-maven-2.2.x&v=0.1.0-SNAPSHOT&e=pom, ,
advice-jetty,7.0.2.v20091125-v00002-SNAPSHOT,org.sonatype.runtime.recipes.advices,snapshots,https://repository.sonatype.org/service/local/artifact/maven/redirect?r=snapshots&g=org.sonatype.runtime.recipes.advices&a=advice-jetty&v=7.0.2.v20091125-v00002-SNAPSHOT&e=pom, ,
advice-jetty,0.1.1-SNAPSHOT,org.sonatype.runtime.recipes.advices,snapshots,https://repository.sonatype.org/service/local/artifact/maven/redirect?r=snapshots&g=org.sonatype.runtime.recipes.advices&a=advice-jetty&v=0.1.1-SNAPSHOT&e=pom, ,
advice-generic,0.1.1-SNAPSHOT,org.sonatype.runtime.recipes.advices,snapshots,https://repository.sonatype.org/service/local/artifact/maven/redirect?r=snapshots&g=org.sonatype.runtime.recipes.advices&a=advice-generic&v=0.1.1-SNAPSHOT&e=pom, ,
advice-generic,0.1.0,org.sonatype.runtime.recipes.advices,central-proxy,https://repository.sonatype.org/service/local/artifact/maven/redirect?r=central-proxy&g=org.sonatype.runtime.recipes.advices&a=advice-generic&v=0.1.0&e=pom, ,
advice-jetty,0.1.0,org.sonatype.runtime.recipes.advices,central-proxy,https://repository.sonatype.org/service/local/artifact/maven/redirect?r=central-proxy&g=org.sonatype.runtime.recipes.advices&a=advice-jetty&v=0.1.0&e=pom, ,
advices-aggregator,0.1.0,org.sonatype.runtime.recipes.advices,central-proxy,https://repository.sonatype.org/service/local/artifact/maven/redirect?r=central-proxy&g=org.sonatype.runtime.recipes.advices&a=advices-aggregator&v=0.1.0&e=pom, ,
