anakia,1.0,org.apache.anakia,central-proxy,https://repository.sonatype.org/service/local/artifact/maven/redirect?r=central-proxy&g=org.apache.anakia&a=anakia&v=1.0&e=pom,SCM[scm:svn:http://svn.apache.org/repos/asf/velocity/anakia/tags/Anakia-1.0;http://svn.apache.org/viewvc/velocity/anakia/tags/Anakia-1.0],
anakia,1.0,velocity-anakia,central-proxy,https://repository.sonatype.org/service/local/artifact/maven/redirect?r=central-proxy&g=velocity-anakia&a=anakia&v=1.0&e=pom, ,
android,1.5_r3,com.google.android,central-proxy,https://repository.sonatype.org/service/local/artifact/maven/redirect?r=central-proxy&g=com.google.android&a=android&v=1.5_r3&e=pom,SCM[git://android.git.kernel.org/platform/manifest.git;https://android.git.kernel.org/],
android,1.5_r4,com.google.android,central-proxy,https://repository.sonatype.org/service/local/artifact/maven/redirect?r=central-proxy&g=com.google.android&a=android&v=1.5_r4&e=pom,SCM[git://android.git.kernel.org/platform/manifest.git;https://android.git.kernel.org/],
android-test,1.5_r3,com.google.android,central-proxy,https://repository.sonatype.org/service/local/artifact/maven/redirect?r=central-proxy&g=com.google.android&a=android-test&v=1.5_r3&e=pom,SCM[git://android.git.kernel.org/platform/manifest.git;https://android.git.kernel.org/],
android-test,1.5_r4,com.google.android,central-proxy,https://repository.sonatype.org/service/local/artifact/maven/redirect?r=central-proxy&g=com.google.android&a=android-test&v=1.5_r4&e=pom,SCM[git://android.git.kernel.org/platform/manifest.git;https://android.git.kernel.org/],
android,1.6_r2,com.google.android,central-proxy,https://repository.sonatype.org/service/local/artifact/maven/redirect?r=central-proxy&g=com.google.android&a=android&v=1.6_r2&e=pom,SCM[git://android.git.kernel.org/platform/manifest.git;https://android.git.kernel.org/],
android,2.1_r1,com.google.android,central-proxy,https://repository.sonatype.org/service/local/artifact/maven/redirect?r=central-proxy&g=com.google.android&a=android&v=2.1_r1&e=pom,SCM[git://android.git.kernel.org/platform/manifest.git;https://android.git.kernel.org/],
android-test,1.6_r2,com.google.android,central-proxy,https://repository.sonatype.org/service/local/artifact/maven/redirect?r=central-proxy&g=com.google.android&a=android-test&v=1.6_r2&e=pom,SCM[git://android.git.kernel.org/platform/manifest.git;https://android.git.kernel.org/],
android-test,2.1_r1,com.google.android,central-proxy,https://repository.sonatype.org/service/local/artifact/maven/redirect?r=central-proxy&g=com.google.android&a=android-test&v=2.1_r1&e=pom,SCM[git://android.git.kernel.org/platform/manifest.git;https://android.git.kernel.org/],
ands-pid-client,1.0.03,net.sourceforge.andspidclient,central-proxy,https://repository.sonatype.org/service/local/artifact/maven/redirect?r=central-proxy&g=net.sourceforge.andspidclient&a=ands-pid-client&v=1.0.03&e=pom,SCM[scm:svn:https://andspidclient.svn.sourceforge.net/svnroot/andspidclient/tags/ands-pid-client-1.0.03;http://andspidclient.svn.sourceforge.net/viewvc/andspidclient/tags/ands-pid-client-1.0.03],
android,2.1.2,com.google.android,central-proxy,https://repository.sonatype.org/service/local/artifact/maven/redirect?r=central-proxy&g=com.google.android&a=android&v=2.1.2&e=pom,SCM[git://android.git.kernel.org/platform/manifest.git;https://android.git.kernel.org/],
android-test,2.1.2,com.google.android,central-proxy,https://repository.sonatype.org/service/local/artifact/maven/redirect?r=central-proxy&g=com.google.android&a=android-test&v=2.1.2&e=pom,SCM[git://android.git.kernel.org/platform/manifest.git;https://android.git.kernel.org/],
android,2.2.1,com.google.android,central-proxy,https://repository.sonatype.org/service/local/artifact/maven/redirect?r=central-proxy&g=com.google.android&a=android&v=2.2.1&e=pom,SCM[git://android.git.kernel.org/platform/manifest.git;https://android.git.kernel.org/],
android-test,2.2.1,com.google.android,central-proxy,https://repository.sonatype.org/service/local/artifact/maven/redirect?r=central-proxy&g=com.google.android&a=android-test&v=2.2.1&e=pom,SCM[git://android.git.kernel.org/platform/manifest.git;https://android.git.kernel.org/],
android-superpom,0.14.1,it.tidalwave.bluebill.android,central-proxy,https://repository.sonatype.org/service/local/artifact/maven/redirect?r=central-proxy&g=it.tidalwave.bluebill.android&a=android-superpom&v=0.14.1&e=pom, ,
android-superpom,0.14.1.RC1,it.tidalwave.bluebill.android,central-proxy,https://repository.sonatype.org/service/local/artifact/maven/redirect?r=central-proxy&g=it.tidalwave.bluebill.android&a=android-superpom&v=0.14.1.RC1&e=pom, ,
android-superpom,0.14.1.RC2,it.tidalwave.bluebill.android,central-proxy,https://repository.sonatype.org/service/local/artifact/maven/redirect?r=central-proxy&g=it.tidalwave.bluebill.android&a=android-superpom&v=0.14.1.RC2&e=pom, ,
android-superpom,0.14.1.RC3,it.tidalwave.bluebill.android,central-proxy,https://repository.sonatype.org/service/local/artifact/maven/redirect?r=central-proxy&g=it.tidalwave.bluebill.android&a=android-superpom&v=0.14.1.RC3&e=pom, ,
android-superpom,0.15,it.tidalwave.bluebill.android,central-proxy,https://repository.sonatype.org/service/local/artifact/maven/redirect?r=central-proxy&g=it.tidalwave.bluebill.android&a=android-superpom&v=0.15&e=pom, ,
android-superpom,0.15.RC1,it.tidalwave.bluebill.android,central-proxy,https://repository.sonatype.org/service/local/artifact/maven/redirect?r=central-proxy&g=it.tidalwave.bluebill.android&a=android-superpom&v=0.15.RC1&e=pom, ,
androlog,1.0.0,de.akquinet.android.androlog,central-proxy,https://repository.sonatype.org/service/local/artifact/maven/redirect?r=central-proxy&g=de.akquinet.android.androlog&a=androlog&v=1.0.0&e=pom, ,
androlog-it,1.0.0,de.akquinet.android.androlog,central-proxy,https://repository.sonatype.org/service/local/artifact/maven/redirect?r=central-proxy&g=de.akquinet.android.androlog&a=androlog-it&v=1.0.0&e=pom, ,
androlog-project,1.0.0,de.akquinet.android.androlog,central-proxy,https://repository.sonatype.org/service/local/artifact/maven/redirect?r=central-proxy&g=de.akquinet.android.androlog&a=androlog-project&v=1.0.0&e=pom,SCM[scm:git:git@github.com:akquinet/androlog.git;git@github.com:akquinet/androlog.git],
android-archetype-project,1.0.0,de.akquinet.android.archetypes,central-proxy,https://repository.sonatype.org/service/local/artifact/maven/redirect?r=central-proxy&g=de.akquinet.android.archetypes&a=android-archetype-project&v=1.0.0&e=pom,SCM[scm:git:git@github.com:akquinet/android-archetypes.git;git@github.com:akquinet/android-archetypes.git],
android-archetype-project,1.0.1,de.akquinet.android.archetypes,central-proxy,https://repository.sonatype.org/service/local/artifact/maven/redirect?r=central-proxy&g=de.akquinet.android.archetypes&a=android-archetype-project&v=1.0.1&e=pom,SCM[scm:git:git@github.com:akquinet/android-archetypes.git;git@github.com:akquinet/android-archetypes.git],
android-archetype-project,1.0.2,de.akquinet.android.archetypes,central-proxy,https://repository.sonatype.org/service/local/artifact/maven/redirect?r=central-proxy&g=de.akquinet.android.archetypes&a=android-archetype-project&v=1.0.2&e=pom,SCM[scm:git:git@github.com:akquinet/android-archetypes.git;git@github.com:akquinet/android-archetypes.git],
android-archetype-project,1.0.3,de.akquinet.android.archetypes,central-proxy,https://repository.sonatype.org/service/local/artifact/maven/redirect?r=central-proxy&g=de.akquinet.android.archetypes&a=android-archetype-project&v=1.0.3&e=pom,SCM[scm:git:git@github.com:akquinet/android-archetypes.git;git@github.com:akquinet/android-archetypes.git],
android-quickstart,1.0.0,de.akquinet.android.archetypes,central-proxy,https://repository.sonatype.org/service/local/artifact/maven/redirect?r=central-proxy&g=de.akquinet.android.archetypes&a=android-quickstart&v=1.0.0&e=pom, ,
android-quickstart,1.0.1,de.akquinet.android.archetypes,central-proxy,https://repository.sonatype.org/service/local/artifact/maven/redirect?r=central-proxy&g=de.akquinet.android.archetypes&a=android-quickstart&v=1.0.1&e=pom, ,
android-quickstart,1.0.2,de.akquinet.android.archetypes,central-proxy,https://repository.sonatype.org/service/local/artifact/maven/redirect?r=central-proxy&g=de.akquinet.android.archetypes&a=android-quickstart&v=1.0.2&e=pom, ,
android-quickstart,1.0.3,de.akquinet.android.archetypes,central-proxy,https://repository.sonatype.org/service/local/artifact/maven/redirect?r=central-proxy&g=de.akquinet.android.archetypes&a=android-quickstart&v=1.0.3&e=pom, ,
android-with-test,1.0.0,de.akquinet.android.archetypes,central-proxy,https://repository.sonatype.org/service/local/artifact/maven/redirect?r=central-proxy&g=de.akquinet.android.archetypes&a=android-with-test&v=1.0.0&e=pom, ,
android-with-test,1.0.1,de.akquinet.android.archetypes,central-proxy,https://repository.sonatype.org/service/local/artifact/maven/redirect?r=central-proxy&g=de.akquinet.android.archetypes&a=android-with-test&v=1.0.1&e=pom, ,
android-with-test,1.0.2,de.akquinet.android.archetypes,central-proxy,https://repository.sonatype.org/service/local/artifact/maven/redirect?r=central-proxy&g=de.akquinet.android.archetypes&a=android-with-test&v=1.0.2&e=pom, ,
android-with-test,1.0.3,de.akquinet.android.archetypes,central-proxy,https://repository.sonatype.org/service/local/artifact/maven/redirect?r=central-proxy&g=de.akquinet.android.archetypes&a=android-with-test&v=1.0.3&e=pom, ,
android,2.3.1,com.google.android,central-proxy,https://repository.sonatype.org/service/local/artifact/maven/redirect?r=central-proxy&g=com.google.android&a=android&v=2.3.1&e=pom,SCM[git://android.git.kernel.org/platform/manifest.git;https://android.git.kernel.org/],
android-test,2.3.1,com.google.android,central-proxy,https://repository.sonatype.org/service/local/artifact/maven/redirect?r=central-proxy&g=com.google.android&a=android-test&v=2.3.1&e=pom,SCM[git://android.git.kernel.org/platform/manifest.git;https://android.git.kernel.org/],
android-archetype-project,1.0.4,de.akquinet.android.archetypes,central-proxy,https://repository.sonatype.org/service/local/artifact/maven/redirect?r=central-proxy&g=de.akquinet.android.archetypes&a=android-archetype-project&v=1.0.4&e=pom,SCM[scm:git:git@github.com:akquinet/android-archetypes.git;git@github.com:akquinet/android-archetypes.git],
android-quickstart,1.0.4,de.akquinet.android.archetypes,central-proxy,https://repository.sonatype.org/service/local/artifact/maven/redirect?r=central-proxy&g=de.akquinet.android.archetypes&a=android-quickstart&v=1.0.4&e=pom, ,
android-release,1.0.4,de.akquinet.android.archetypes,central-proxy,https://repository.sonatype.org/service/local/artifact/maven/redirect?r=central-proxy&g=de.akquinet.android.archetypes&a=android-release&v=1.0.4&e=pom, ,
android-with-test,1.0.4,de.akquinet.android.archetypes,central-proxy,https://repository.sonatype.org/service/local/artifact/maven/redirect?r=central-proxy&g=de.akquinet.android.archetypes&a=android-with-test&v=1.0.4&e=pom, ,
ands-pid-client,1.0.04,net.sourceforge.andspidclient,central-proxy,https://repository.sonatype.org/service/local/artifact/maven/redirect?r=central-proxy&g=net.sourceforge.andspidclient&a=ands-pid-client&v=1.0.04&e=pom,SCM[scm:svn:https://andspidclient.svn.sourceforge.net/svnroot/andspidclient/tags/ands-pid-client-1.0.04;http://andspidclient.svn.sourceforge.net/viewvc/andspidclient/tags/ands-pid-client-1.0.04],
ands-pid-client,1.0.05,net.sourceforge.andspidclient,central-proxy,https://repository.sonatype.org/service/local/artifact/maven/redirect?r=central-proxy&g=net.sourceforge.andspidclient&a=ands-pid-client&v=1.0.05&e=pom,SCM[scm:svn:https://andspidclient.svn.sourceforge.net/svnroot/andspidclient/tags/ands-pid-client-1.0.05;http://andspidclient.svn.sourceforge.net/viewvc/andspidclient/tags/ands-pid-client-1.0.05],
ands-pid-client,1.0.06,net.sourceforge.andspidclient,central-proxy,https://repository.sonatype.org/service/local/artifact/maven/redirect?r=central-proxy&g=net.sourceforge.andspidclient&a=ands-pid-client&v=1.0.06&e=pom,SCM[scm:svn:https://andspidclient.svn.sourceforge.net/svnroot/andspidclient/tags/ands-pid-client-1.0.06;http://andspidclient.svn.sourceforge.net/viewvc/andspidclient/tags/ands-pid-client-1.0.06],
ands-pid-client,1.0.07,net.sourceforge.andspidclient,central-proxy,https://repository.sonatype.org/service/local/artifact/maven/redirect?r=central-proxy&g=net.sourceforge.andspidclient&a=ands-pid-client&v=1.0.07&e=pom,SCM[scm:svn:https://andspidclient.svn.sourceforge.net/svnroot/andspidclient/tags/ands-pid-client-1.0.07;http://andspidclient.svn.sourceforge.net/viewvc/andspidclient/tags/ands-pid-client-1.0.07],
androlog,1.0.1,de.akquinet.android.androlog,central-proxy,https://repository.sonatype.org/service/local/artifact/maven/redirect?r=central-proxy&g=de.akquinet.android.androlog&a=androlog&v=1.0.1&e=pom, ,
androlog-it,1.0.1,de.akquinet.android.androlog,central-proxy,https://repository.sonatype.org/service/local/artifact/maven/redirect?r=central-proxy&g=de.akquinet.android.androlog&a=androlog-it&v=1.0.1&e=pom, ,
androlog-project,1.0.1,de.akquinet.android.androlog,central-proxy,https://repository.sonatype.org/service/local/artifact/maven/redirect?r=central-proxy&g=de.akquinet.android.androlog&a=androlog-project&v=1.0.1&e=pom,SCM[scm:git:git@github.com:akquinet/androlog.git;git@github.com:akquinet/androlog.git],
android-archetype-project,1.0.5,de.akquinet.android.archetypes,central-proxy,https://repository.sonatype.org/service/local/artifact/maven/redirect?r=central-proxy&g=de.akquinet.android.archetypes&a=android-archetype-project&v=1.0.5&e=pom,SCM[scm:git:git@github.com:akquinet/android-archetypes.git;git@github.com:akquinet/android-archetypes.git],
android-archetypes-it,1.0.5,de.akquinet.android.archetypes,central-proxy,https://repository.sonatype.org/service/local/artifact/maven/redirect?r=central-proxy&g=de.akquinet.android.archetypes&a=android-archetypes-it&v=1.0.5&e=pom, ,
android-quickstart,1.0.5,de.akquinet.android.archetypes,central-proxy,https://repository.sonatype.org/service/local/artifact/maven/redirect?r=central-proxy&g=de.akquinet.android.archetypes&a=android-quickstart&v=1.0.5&e=pom, ,
android-release,1.0.5,de.akquinet.android.archetypes,central-proxy,https://repository.sonatype.org/service/local/artifact/maven/redirect?r=central-proxy&g=de.akquinet.android.archetypes&a=android-release&v=1.0.5&e=pom, ,
android-with-test,1.0.5,de.akquinet.android.archetypes,central-proxy,https://repository.sonatype.org/service/local/artifact/maven/redirect?r=central-proxy&g=de.akquinet.android.archetypes&a=android-with-test&v=1.0.5&e=pom, ,
android,2.3.3,com.google.android,central-proxy,https://repository.sonatype.org/service/local/artifact/maven/redirect?r=central-proxy&g=com.google.android&a=android&v=2.3.3&e=pom,SCM[git://android.git.kernel.org/platform/manifest.git;https://android.git.kernel.org/],
android-test,2.3.3,com.google.android,central-proxy,https://repository.sonatype.org/service/local/artifact/maven/redirect?r=central-proxy&g=com.google.android&a=android-test&v=2.3.3&e=pom,SCM[git://android.git.kernel.org/platform/manifest.git;https://android.git.kernel.org/],
androlog,1.0.3,de.akquinet.android.androlog,central-proxy,https://repository.sonatype.org/service/local/artifact/maven/redirect?r=central-proxy&g=de.akquinet.android.androlog&a=androlog&v=1.0.3&e=pom, ,
androlog-it,1.0.3,de.akquinet.android.androlog,central-proxy,https://repository.sonatype.org/service/local/artifact/maven/redirect?r=central-proxy&g=de.akquinet.android.androlog&a=androlog-it&v=1.0.3&e=pom, ,
androlog-project,1.0.3,de.akquinet.android.androlog,central-proxy,https://repository.sonatype.org/service/local/artifact/maven/redirect?r=central-proxy&g=de.akquinet.android.androlog&a=androlog-project&v=1.0.3&e=pom,SCM[scm:git:git@github.com:akquinet/androlog.git;git@github.com:akquinet/androlog.git],
android-archetype-project,1.0.6,de.akquinet.android.archetypes,central-proxy,https://repository.sonatype.org/service/local/artifact/maven/redirect?r=central-proxy&g=de.akquinet.android.archetypes&a=android-archetype-project&v=1.0.6&e=pom,SCM[scm:git:git@github.com:akquinet/android-archetypes.git;git@github.com:akquinet/android-archetypes.git],
android-archetypes-it,1.0.6,de.akquinet.android.archetypes,central-proxy,https://repository.sonatype.org/service/local/artifact/maven/redirect?r=central-proxy&g=de.akquinet.android.archetypes&a=android-archetypes-it&v=1.0.6&e=pom, ,
android-quickstart,1.0.6,de.akquinet.android.archetypes,central-proxy,https://repository.sonatype.org/service/local/artifact/maven/redirect?r=central-proxy&g=de.akquinet.android.archetypes&a=android-quickstart&v=1.0.6&e=pom, ,
android-release,1.0.6,de.akquinet.android.archetypes,central-proxy,https://repository.sonatype.org/service/local/artifact/maven/redirect?r=central-proxy&g=de.akquinet.android.archetypes&a=android-release&v=1.0.6&e=pom, ,
android-with-test,1.0.6,de.akquinet.android.archetypes,central-proxy,https://repository.sonatype.org/service/local/artifact/maven/redirect?r=central-proxy&g=de.akquinet.android.archetypes&a=android-with-test&v=1.0.6&e=pom, ,
andromda,2.1.5,andromda,central-proxy,https://repository.sonatype.org/service/local/artifact/maven/redirect?r=central-proxy&g=andromda&a=andromda&v=2.1.5&e=pom, ,
andromda-java,2.1.5,andromda,central-proxy,https://repository.sonatype.org/service/local/artifact/maven/redirect?r=central-proxy&g=andromda&a=andromda-java&v=2.1.5&e=pom, ,
androlog,1.0.4,de.akquinet.android.androlog,central-proxy,https://repository.sonatype.org/service/local/artifact/maven/redirect?r=central-proxy&g=de.akquinet.android.androlog&a=androlog&v=1.0.4&e=pom, ,
androlog-it,1.0.4,de.akquinet.android.androlog,central-proxy,https://repository.sonatype.org/service/local/artifact/maven/redirect?r=central-proxy&g=de.akquinet.android.androlog&a=androlog-it&v=1.0.4&e=pom, ,
androlog-project,1.0.4,de.akquinet.android.androlog,central-proxy,https://repository.sonatype.org/service/local/artifact/maven/redirect?r=central-proxy&g=de.akquinet.android.androlog&a=androlog-project&v=1.0.4&e=pom,SCM[scm:git:git@github.com:akquinet/androlog.git;git@github.com:akquinet/androlog.git],
androlog,1.0.5,de.akquinet.android.androlog,central-proxy,https://repository.sonatype.org/service/local/artifact/maven/redirect?r=central-proxy&g=de.akquinet.android.androlog&a=androlog&v=1.0.5&e=pom, ,
androlog-it,1.0.5,de.akquinet.android.androlog,central-proxy,https://repository.sonatype.org/service/local/artifact/maven/redirect?r=central-proxy&g=de.akquinet.android.androlog&a=androlog-it&v=1.0.5&e=pom, ,
androlog-project,1.0.5,de.akquinet.android.androlog,central-proxy,https://repository.sonatype.org/service/local/artifact/maven/redirect?r=central-proxy&g=de.akquinet.android.androlog&a=androlog-project&v=1.0.5&e=pom,SCM[scm:git:git@github.com:akquinet/androlog.git;git@github.com:akquinet/androlog.git],
andromdapp-maven-plugin,3.4-SNAPSHOT,org.andromda.maven.plugins,ossrh-snapshot,https://repository.sonatype.org/service/local/artifact/maven/redirect?r=ossrh-snapshot&g=org.andromda.maven.plugins&a=andromdapp-maven-plugin&v=3.4-SNAPSHOT&e=pom,SCM[scm:svn:http://andromda.svn.sourceforge.net/svnroot/andromda/trunk/maven/andromdapp;http://andromda.svn.sourceforge.net/],
andromda-maven-plugin,3.4-SNAPSHOT,org.andromda.maven.plugins,ossrh-snapshot,https://repository.sonatype.org/service/local/artifact/maven/redirect?r=ossrh-snapshot&g=org.andromda.maven.plugins&a=andromda-maven-plugin&v=3.4-SNAPSHOT&e=pom,SCM[scm:svn:http://andromda.svn.sourceforge.net/svnroot/andromda/trunk/maven/andromda;http://andromda.svn.sourceforge.net/],
androlog-project,0.1.7-SNAPSHOT,de.akquinet.android.androlog,ossrh-snapshot,https://repository.sonatype.org/service/local/artifact/maven/redirect?r=ossrh-snapshot&g=de.akquinet.android.androlog&a=androlog-project&v=0.1.7-SNAPSHOT&e=pom,SCM[scm:git:git@github.com:akquinet/androlog.git;git@github.com:akquinet/androlog.git],
androlog-it,0.1.7-SNAPSHOT,de.akquinet.android.androlog,ossrh-snapshot,https://repository.sonatype.org/service/local/artifact/maven/redirect?r=ossrh-snapshot&g=de.akquinet.android.androlog&a=androlog-it&v=0.1.7-SNAPSHOT&e=pom, ,
androlog,0.1.7-SNAPSHOT,de.akquinet.android.androlog,ossrh-snapshot,https://repository.sonatype.org/service/local/artifact/maven/redirect?r=ossrh-snapshot&g=de.akquinet.android.androlog&a=androlog&v=0.1.7-SNAPSHOT&e=pom, ,
andromda-model-archiver-plugin,3.4-SNAPSHOT,org.andromda.maven.plugins,ossrh-snapshot,https://repository.sonatype.org/service/local/artifact/maven/redirect?r=ossrh-snapshot&g=org.andromda.maven.plugins&a=andromda-model-archiver-plugin&v=3.4-SNAPSHOT&e=pom,SCM[scm:svn:http://andromda.svn.sourceforge.net/svnroot/andromda/trunk/maven/model-archiver;http://andromda.svn.sourceforge.net/],
andromda-profiles,3.4-SNAPSHOT,org.andromda.profiles,ossrh-snapshot,https://repository.sonatype.org/service/local/artifact/maven/redirect?r=ossrh-snapshot&g=org.andromda.profiles&a=andromda-profiles&v=3.4-SNAPSHOT&e=pom,SCM[scm:svn:http://andromda.svn.sourceforge.net/svnroot/andromda/trunk/profiles;http://andromda.svn.sourceforge.net/],
andromdanetapp-maven-plugin,1.0-SNAPSHOT,org.andromda.maven.plugins,ossrh-snapshot,https://repository.sonatype.org/service/local/artifact/maven/redirect?r=ossrh-snapshot&g=org.andromda.maven.plugins&a=andromdanetapp-maven-plugin&v=1.0-SNAPSHOT&e=pom, ,
andromdanetapp-maven-plugin,3.4-SNAPSHOT,org.andromda.maven.plugins,ossrh-snapshot,https://repository.sonatype.org/service/local/artifact/maven/redirect?r=ossrh-snapshot&g=org.andromda.maven.plugins&a=andromdanetapp-maven-plugin&v=3.4-SNAPSHOT&e=pom, ,
andromda-andromdapp,1.0-SNAPSHOT,org.andromda.plugins.andromdapp,ossrh-snapshot,https://repository.sonatype.org/service/local/artifact/maven/redirect?r=ossrh-snapshot&g=org.andromda.plugins.andromdapp&a=andromda-andromdapp&v=1.0-SNAPSHOT&e=pom, ,
andromda-andromdapp-projects,1.0-SNAPSHOT,org.andromda.plugins.andromdapp.projects,ossrh-snapshot,https://repository.sonatype.org/service/local/artifact/maven/redirect?r=ossrh-snapshot&g=org.andromda.plugins.andromdapp.projects&a=andromda-andromdapp-projects&v=1.0-SNAPSHOT&e=pom, ,
andromda-andromdapp-projects-csharp-maven2,1.0-SNAPSHOT,org.andromda.plugins.andromdapp.projects,ossrh-snapshot,https://repository.sonatype.org/service/local/artifact/maven/redirect?r=ossrh-snapshot&g=org.andromda.plugins.andromdapp.projects&a=andromda-andromdapp-projects-csharp-maven2&v=1.0-SNAPSHOT&e=pom, ,
andromda-andromdapp,3.4-SNAPSHOT,org.andromda.andromdapp,ossrh-snapshot,https://repository.sonatype.org/service/local/artifact/maven/redirect?r=ossrh-snapshot&g=org.andromda.andromdapp&a=andromda-andromdapp&v=3.4-SNAPSHOT&e=pom, ,
andromda-andromdapp-core,3.4-SNAPSHOT,org.andromda.andromdapp,ossrh-snapshot,https://repository.sonatype.org/service/local/artifact/maven/redirect?r=ossrh-snapshot&g=org.andromda.andromdapp&a=andromda-andromdapp-core&v=3.4-SNAPSHOT&e=pom, ,
andromda-andromdapp-projects,3.4-SNAPSHOT,org.andromda.andromdapp.projects,ossrh-snapshot,https://repository.sonatype.org/service/local/artifact/maven/redirect?r=ossrh-snapshot&g=org.andromda.andromdapp.projects&a=andromda-andromdapp-projects&v=3.4-SNAPSHOT&e=pom,SCM[scm:svn:http://andromda.svn.sourceforge.net/svnroot/andromda/trunk/andromda-andromdapp/projects;http://andromda.svn.sourceforge.net/viewvc/andromda/trunk/andromda-andromdapp/projects],
andromda-andromdapp-project-j2ee-maven2,3.4-SNAPSHOT,org.andromda.andromdapp.projects,ossrh-snapshot,https://repository.sonatype.org/service/local/artifact/maven/redirect?r=ossrh-snapshot&g=org.andromda.andromdapp.projects&a=andromda-andromdapp-project-j2ee-maven2&v=3.4-SNAPSHOT&e=pom,SCM[scm:svn:http://andromda.svn.sourceforge.net/svnroot/andromda/trunk/andromda-andromdapp/projects/j2ee/maven2;http://andromda.svn.sourceforge.net/viewvc/andromda/trunk/andromda-andromdapp/projects/j2ee/maven2],
andromda-andromdapp-projects-csharp-maven2,3.4-SNAPSHOT,org.andromda.andromdapp.projects,ossrh-snapshot,https://repository.sonatype.org/service/local/artifact/maven/redirect?r=ossrh-snapshot&g=org.andromda.andromdapp.projects&a=andromda-andromdapp-projects-csharp-maven2&v=3.4-SNAPSHOT&e=pom,SCM[scm:svn:http://andromda.svn.sourceforge.net/svnroot/andromda/trunk/andromda-andromdapp/projects/csharp/maven2;http://andromda.svn.sourceforge.net/viewvc/andromda/trunk/andromda-andromdapp/projects/charp/maven2],
andromda-andromdapp-project-richclient-ant,3.4-SNAPSHOT,org.andromda.andromdapp.projects,ossrh-snapshot,https://repository.sonatype.org/service/local/artifact/maven/redirect?r=ossrh-snapshot&g=org.andromda.andromdapp.projects&a=andromda-andromdapp-project-richclient-ant&v=3.4-SNAPSHOT&e=pom,SCM[scm:svn:http://andromda.svn.sourceforge.net/svnroot/andromda/trunk/andromda-andromdapp/projects/richclient/ant;http://andromda.svn.sourceforge.net/viewvc/andromda/trunk/andromda-andromdapp/projects/richclient/ant],
andromda-aspdotnet-cartridge,1.0-SNAPSHOT,org.andromda.cartridges,ossrh-snapshot,https://repository.sonatype.org/service/local/artifact/maven/redirect?r=ossrh-snapshot&g=org.andromda.cartridges&a=andromda-aspdotnet-cartridge&v=1.0-SNAPSHOT&e=pom, ,
animation4j,0.0.7,com.gemserk.animation4j,central-proxy,https://repository.sonatype.org/service/local/artifact/maven/redirect?r=central-proxy&g=com.gemserk.animation4j&a=animation4j&v=0.0.7&e=pom,SCM[scm:git://github.com/gemserk/animation4j.git;https://github.com/gemserk/animation4j],
animation4j-core,0.0.7,com.gemserk.animation4j,central-proxy,https://repository.sonatype.org/service/local/artifact/maven/redirect?r=central-proxy&g=com.gemserk.animation4j&a=animation4j-core&v=0.0.7&e=pom, ,
animation4j,0.0.8,com.gemserk.animation4j,central-proxy,https://repository.sonatype.org/service/local/artifact/maven/redirect?r=central-proxy&g=com.gemserk.animation4j&a=animation4j&v=0.0.8&e=pom,SCM[scm:git://github.com/gemserk/animation4j.git;https://github.com/gemserk/animation4j],
animation4j-core,0.0.8,com.gemserk.animation4j,central-proxy,https://repository.sonatype.org/service/local/artifact/maven/redirect?r=central-proxy&g=com.gemserk.animation4j&a=animation4j-core&v=0.0.8&e=pom, ,
animation4j-java2d,0.0.8,com.gemserk.animation4j,central-proxy,https://repository.sonatype.org/service/local/artifact/maven/redirect?r=central-proxy&g=com.gemserk.animation4j&a=animation4j-java2d&v=0.0.8&e=pom, ,
animation4j,0.0.9,com.gemserk.animation4j,central-proxy,https://repository.sonatype.org/service/local/artifact/maven/redirect?r=central-proxy&g=com.gemserk.animation4j&a=animation4j&v=0.0.9&e=pom,SCM[scm:git://github.com/gemserk/animation4j.git;https://github.com/gemserk/animation4j],
animation4j-core,0.0.9,com.gemserk.animation4j,central-proxy,https://repository.sonatype.org/service/local/artifact/maven/redirect?r=central-proxy&g=com.gemserk.animation4j&a=animation4j-core&v=0.0.9&e=pom, ,
animation4j-java2d,0.0.9,com.gemserk.animation4j,central-proxy,https://repository.sonatype.org/service/local/artifact/maven/redirect?r=central-proxy&g=com.gemserk.animation4j&a=animation4j-java2d&v=0.0.9&e=pom, ,
animation4j,0.0.10,com.gemserk.animation4j,central-proxy,https://repository.sonatype.org/service/local/artifact/maven/redirect?r=central-proxy&g=com.gemserk.animation4j&a=animation4j&v=0.0.10&e=pom,SCM[scm:git://github.com/gemserk/animation4j.git;https://github.com/gemserk/animation4j],
animation4j-core,0.0.10,com.gemserk.animation4j,central-proxy,https://repository.sonatype.org/service/local/artifact/maven/redirect?r=central-proxy&g=com.gemserk.animation4j&a=animation4j-core&v=0.0.10&e=pom, ,
animation4j-java2d,0.0.10,com.gemserk.animation4j,central-proxy,https://repository.sonatype.org/service/local/artifact/maven/redirect?r=central-proxy&g=com.gemserk.animation4j&a=animation4j-java2d&v=0.0.10&e=pom, ,
animation4j,0.0.11,com.gemserk.animation4j,central-proxy,https://repository.sonatype.org/service/local/artifact/maven/redirect?r=central-proxy&g=com.gemserk.animation4j&a=animation4j&v=0.0.11&e=pom,SCM[scm:git://github.com/gemserk/animation4j.git;https://github.com/gemserk/animation4j],
animation4j-core,0.0.11,com.gemserk.animation4j,central-proxy,https://repository.sonatype.org/service/local/artifact/maven/redirect?r=central-proxy&g=com.gemserk.animation4j&a=animation4j-core&v=0.0.11&e=pom, ,
animation4j-java2d,0.0.11,com.gemserk.animation4j,central-proxy,https://repository.sonatype.org/service/local/artifact/maven/redirect?r=central-proxy&g=com.gemserk.animation4j&a=animation4j-java2d&v=0.0.11&e=pom, ,
animal-quiz,3.4-SNAPSHOT,org.andromda.samples.animalquiz,ossrh-snapshot,https://repository.sonatype.org/service/local/artifact/maven/redirect?r=ossrh-snapshot&g=org.andromda.samples.animalquiz&a=animal-quiz&v=3.4-SNAPSHOT&e=pom,SCM[;],
animal-quiz-mda,3.4-SNAPSHOT,org.andromda.samples.animalquiz,ossrh-snapshot,https://repository.sonatype.org/service/local/artifact/maven/redirect?r=ossrh-snapshot&g=org.andromda.samples.animalquiz&a=animal-quiz-mda&v=3.4-SNAPSHOT&e=pom, ,
animal-quiz-common,3.4-SNAPSHOT,org.andromda.samples.animalquiz,ossrh-snapshot,https://repository.sonatype.org/service/local/artifact/maven/redirect?r=ossrh-snapshot&g=org.andromda.samples.animalquiz&a=animal-quiz-common&v=3.4-SNAPSHOT&e=pom, ,
animal-quiz-core,3.4-SNAPSHOT,org.andromda.samples.animalquiz,ossrh-snapshot,https://repository.sonatype.org/service/local/artifact/maven/redirect?r=ossrh-snapshot&g=org.andromda.samples.animalquiz&a=animal-quiz-core&v=3.4-SNAPSHOT&e=pom, ,
animal-quiz-web,3.4-SNAPSHOT,org.andromda.samples.animalquiz,ossrh-snapshot,https://repository.sonatype.org/service/local/artifact/maven/redirect?r=ossrh-snapshot&g=org.andromda.samples.animalquiz&a=animal-quiz-web&v=3.4-SNAPSHOT&e=pom, ,
animal-quiz-webservice,3.4-SNAPSHOT,org.andromda.samples.animalquiz,ossrh-snapshot,https://repository.sonatype.org/service/local/artifact/maven/redirect?r=ossrh-snapshot&g=org.andromda.samples.animalquiz&a=animal-quiz-webservice&v=3.4-SNAPSHOT&e=pom, ,
animal-quiz-app,3.4-SNAPSHOT,org.andromda.samples.animalquiz,ossrh-snapshot,https://repository.sonatype.org/service/local/artifact/maven/redirect?r=ossrh-snapshot&g=org.andromda.samples.animalquiz&a=animal-quiz-app&v=3.4-SNAPSHOT&e=pom, ,
annogen,0.1.0,annogen,central-proxy,https://repository.sonatype.org/service/local/artifact/maven/redirect?r=central-proxy&g=annogen&a=annogen&v=0.1.0&e=pom, ,
annsor-core,1.0.3,net.java.dev.annsor,central-proxy,https://repository.sonatype.org/service/local/artifact/maven/redirect?r=central-proxy&g=net.java.dev.annsor&a=annsor-core&v=1.0.3&e=pom,SCM[scm:svn:http://svn.dev.java.net/annsor/trunk;http://svn.dev.java.net/annsor/trunk],
annsor-project,1.0.3,net.java.dev.annsor,central-proxy,https://repository.sonatype.org/service/local/artifact/maven/redirect?r=central-proxy&g=net.java.dev.annsor&a=annsor-project&v=1.0.3&e=pom,SCM[scm:svn:http://svn.dev.java.net/annsor/trunk;http://svn.dev.java.net/annsor/trunk],
annox,0.5.0,org.jvnet.annox,central-proxy,https://repository.sonatype.org/service/local/artifact/maven/redirect?r=central-proxy&g=org.jvnet.annox&a=annox&v=0.5.0&e=pom, ,
annox-project,0.5.0,org.jvnet.annox,central-proxy,https://repository.sonatype.org/service/local/artifact/maven/redirect?r=central-proxy&g=org.jvnet.annox&a=annox-project&v=0.5.0&e=pom,SCM[scm:svn:https://svn.dev.java.net/svn/annox/trunk;https://annox.dev.java.net/source/browse/annox/trunk],
annox-samples,0.5.0,org.jvnet.annox,central-proxy,https://repository.sonatype.org/service/local/artifact/maven/redirect?r=central-proxy&g=org.jvnet.annox&a=annox-samples&v=0.5.0&e=pom, ,
annox-samples-po,0.5.0,org.jvnet.annox,central-proxy,https://repository.sonatype.org/service/local/artifact/maven/redirect?r=central-proxy&g=org.jvnet.annox&a=annox-samples-po&v=0.5.0&e=pom, ,
annotation-mock-builder,1.0,org.jvnet.annotation-mock-builder,central-proxy,https://repository.sonatype.org/service/local/artifact/maven/redirect?r=central-proxy&g=org.jvnet.annotation-mock-builder&a=annotation-mock-builder&v=1.0&e=pom,SCM[scm:svn:https://svn.dev.java.net/svn/annotation-mock-builder/tags/annotation-mock-builder-1.0;https://annotation-mock-builder.dev.java.net/source/browse/annotation-mock-builder/tags/annotation-mock-builder-1.0],
annotation-mock-builder,1.1,org.jvnet.annotation-mock-builder,central-proxy,https://repository.sonatype.org/service/local/artifact/maven/redirect?r=central-proxy&g=org.jvnet.annotation-mock-builder&a=annotation-mock-builder&v=1.1&e=pom,SCM[scm:svn:https://svn.dev.java.net/svn/annotation-mock-builder/tags/annotation-mock-builder-1.1;https://annotation-mock-builder.dev.java.net/source/browse/annotation-mock-builder/tags/annotation-mock-builder-1.1],
annox,0.1,org.jvnet.annox,central-proxy,https://repository.sonatype.org/service/local/artifact/maven/redirect?r=central-proxy&g=org.jvnet.annox&a=annox&v=0.1&e=pom, ,
annox,0.2.GA,org.jvnet.annox,central-proxy,https://repository.sonatype.org/service/local/artifact/maven/redirect?r=central-proxy&g=org.jvnet.annox&a=annox&v=0.2.GA&e=pom, ,
annox,0.2.RC1,org.jvnet.annox,central-proxy,https://repository.sonatype.org/service/local/artifact/maven/redirect?r=central-proxy&g=org.jvnet.annox&a=annox&v=0.2.RC1&e=pom, ,
annox,0.3,org.jvnet.annox,central-proxy,https://repository.sonatype.org/service/local/artifact/maven/redirect?r=central-proxy&g=org.jvnet.annox&a=annox&v=0.3&e=pom, ,
annox,0.4,org.jvnet.annox,central-proxy,https://repository.sonatype.org/service/local/artifact/maven/redirect?r=central-proxy&g=org.jvnet.annox&a=annox&v=0.4&e=pom, ,
annox,0.4.1,org.jvnet.annox,central-proxy,https://repository.sonatype.org/service/local/artifact/maven/redirect?r=central-proxy&g=org.jvnet.annox&a=annox&v=0.4.1&e=pom, ,
annox,0.4.2,org.jvnet.annox,central-proxy,https://repository.sonatype.org/service/local/artifact/maven/redirect?r=central-proxy&g=org.jvnet.annox&a=annox&v=0.4.2&e=pom, ,
annox,0.4.3,org.jvnet.annox,central-proxy,https://repository.sonatype.org/service/local/artifact/maven/redirect?r=central-proxy&g=org.jvnet.annox&a=annox&v=0.4.3&e=pom, ,
annox,0.4.4,org.jvnet.annox,central-proxy,https://repository.sonatype.org/service/local/artifact/maven/redirect?r=central-proxy&g=org.jvnet.annox&a=annox&v=0.4.4&e=pom, ,
annox-project,0.1,org.jvnet.annox,central-proxy,https://repository.sonatype.org/service/local/artifact/maven/redirect?r=central-proxy&g=org.jvnet.annox&a=annox-project&v=0.1&e=pom, ,
annox-project,0.2.GA,org.jvnet.annox,central-proxy,https://repository.sonatype.org/service/local/artifact/maven/redirect?r=central-proxy&g=org.jvnet.annox&a=annox-project&v=0.2.GA&e=pom, ,
annox-project,0.2.RC1,org.jvnet.annox,central-proxy,https://repository.sonatype.org/service/local/artifact/maven/redirect?r=central-proxy&g=org.jvnet.annox&a=annox-project&v=0.2.RC1&e=pom, ,
annox-project,0.3,org.jvnet.annox,central-proxy,https://repository.sonatype.org/service/local/artifact/maven/redirect?r=central-proxy&g=org.jvnet.annox&a=annox-project&v=0.3&e=pom,SCM[scm:svn:https://svn.dev.java.net/svn/annox/tags/annox-project-0.3;https://annox.dev.java.net/source/browse/annox/tags/annox-project-0.3],
annox-project,0.4,org.jvnet.annox,central-proxy,https://repository.sonatype.org/service/local/artifact/maven/redirect?r=central-proxy&g=org.jvnet.annox&a=annox-project&v=0.4&e=pom,SCM[scm:svn:https://svn.dev.java.net/svn/annox/trunk;https://annox.dev.java.net/source/browse/annox/trunk/],
annox-project,0.4.1,org.jvnet.annox,central-proxy,https://repository.sonatype.org/service/local/artifact/maven/redirect?r=central-proxy&g=org.jvnet.annox&a=annox-project&v=0.4.1&e=pom,SCM[scm:svn:https://svn.dev.java.net/svn/annox/trunk;https://annox.dev.java.net/source/browse/annox/trunk/],
annox-project,0.4.2,org.jvnet.annox,central-proxy,https://repository.sonatype.org/service/local/artifact/maven/redirect?r=central-proxy&g=org.jvnet.annox&a=annox-project&v=0.4.2&e=pom,SCM[scm:svn:https://svn.dev.java.net/svn/annox/trunk;https://annox.dev.java.net/source/browse/annox/trunk/],
annox-project,0.4.3,org.jvnet.annox,central-proxy,https://repository.sonatype.org/service/local/artifact/maven/redirect?r=central-proxy&g=org.jvnet.annox&a=annox-project&v=0.4.3&e=pom,SCM[scm:svn:https://svn.dev.java.net/svn/annox/trunk;https://annox.dev.java.net/source/browse/annox/trunk/],
annox-project,0.4.4,org.jvnet.annox,central-proxy,https://repository.sonatype.org/service/local/artifact/maven/redirect?r=central-proxy&g=org.jvnet.annox&a=annox-project&v=0.4.4&e=pom,SCM[scm:svn:https://svn.dev.java.net/svn/annox/trunk;https://annox.dev.java.net/source/browse/annox/trunk],
annox-samples,0.4.2,org.jvnet.annox,central-proxy,https://repository.sonatype.org/service/local/artifact/maven/redirect?r=central-proxy&g=org.jvnet.annox&a=annox-samples&v=0.4.2&e=pom, ,
annox-samples,0.4.3,org.jvnet.annox,central-proxy,https://repository.sonatype.org/service/local/artifact/maven/redirect?r=central-proxy&g=org.jvnet.annox&a=annox-samples&v=0.4.3&e=pom, ,
annox-samples,0.4.4,org.jvnet.annox,central-proxy,https://repository.sonatype.org/service/local/artifact/maven/redirect?r=central-proxy&g=org.jvnet.annox&a=annox-samples&v=0.4.4&e=pom, ,
annox-samples-po,0.4.2,org.jvnet.annox,central-proxy,https://repository.sonatype.org/service/local/artifact/maven/redirect?r=central-proxy&g=org.jvnet.annox&a=annox-samples-po&v=0.4.2&e=pom, ,
annox-samples-po,0.4.3,org.jvnet.annox,central-proxy,https://repository.sonatype.org/service/local/artifact/maven/redirect?r=central-proxy&g=org.jvnet.annox&a=annox-samples-po&v=0.4.3&e=pom, ,
annox-samples-po,0.4.4,org.jvnet.annox,central-proxy,https://repository.sonatype.org/service/local/artifact/maven/redirect?r=central-proxy&g=org.jvnet.annox&a=annox-samples-po&v=0.4.4&e=pom, ,
annox-project,0.5.1-SNAPSHOT,org.jvnet.annox,ossrh-snapshot,https://repository.sonatype.org/service/local/artifact/maven/redirect?r=ossrh-snapshot&g=org.jvnet.annox&a=annox-project&v=0.5.1-SNAPSHOT&e=pom,SCM[scm:svn:https://svn.dev.java.net/svn/annox/trunk;https://annox.dev.java.net/source/browse/annox/trunk],
annox,0.5.1-SNAPSHOT,org.jvnet.annox,ossrh-snapshot,https://repository.sonatype.org/service/local/artifact/maven/redirect?r=ossrh-snapshot&g=org.jvnet.annox&a=annox&v=0.5.1-SNAPSHOT&e=pom, ,
ant4eclipse,0.5.0.rc1,ant4eclipse,central-proxy,https://repository.sonatype.org/service/local/artifact/maven/redirect?r=central-proxy&g=ant4eclipse&a=ant4eclipse&v=0.5.0.rc1&e=pom, ,
antcall,1.0-alpha-1,org.codehaus.mojo,central-proxy,https://repository.sonatype.org/service/local/artifact/maven/redirect?r=central-proxy&g=org.codehaus.mojo&a=antcall&v=1.0-alpha-1&e=pom, ,
antcall,1.0-alpha-2,org.codehaus.mojo,central-proxy,https://repository.sonatype.org/service/local/artifact/maven/redirect?r=central-proxy&g=org.codehaus.mojo&a=antcall&v=1.0-alpha-2&e=pom, ,
antcall,1.0-alpha-3,org.codehaus.mojo,central-proxy,https://repository.sonatype.org/service/local/artifact/maven/redirect?r=central-proxy&g=org.codehaus.mojo&a=antcall&v=1.0-alpha-3&e=pom, ,
antenna,0.9.14,net.sf.antenna,central-proxy,https://repository.sonatype.org/service/local/artifact/maven/redirect?r=central-proxy&g=net.sf.antenna&a=antenna&v=0.9.14&e=pom,SCM[scm:cvs:pserver:anonymous@antenna.cvs.sourceforge.net:/cvsroot/antenna:antenna;http://antenna.cvs.sourceforge.net/antenna//],
antenna,1.0.2,net.sf.antenna,central-proxy,https://repository.sonatype.org/service/local/artifact/maven/redirect?r=central-proxy&g=net.sf.antenna&a=antenna&v=1.0.2&e=pom,SCM[scm:cvs:pserver:anonymous@antenna.cvs.sourceforge.net:/cvsroot/antenna:antenna;http://antenna.cvs.sourceforge.net/antenna//],
antelopetasks,3.2.10,org.tigris.antelope,central-proxy,https://repository.sonatype.org/service/local/artifact/maven/redirect?r=central-proxy&g=org.tigris.antelope&a=antelopetasks&v=3.2.10&e=pom, ,
antisamy,1.4.2,org.owasp.antisamy,central-proxy,https://repository.sonatype.org/service/local/artifact/maven/redirect?r=central-proxy&g=org.owasp.antisamy&a=antisamy&v=1.4.2&e=pom,SCM[scm:svn:http://owaspantisamy.googlecode.com/svn/trunk/Java/antisamy-1.4.2;http://owaspantisamy.googlecode.com/svn/trunk/Java/antisamy-1.4.2],
antisamy,1.4.3,org.owasp.antisamy,central-proxy,https://repository.sonatype.org/service/local/artifact/maven/redirect?r=central-proxy&g=org.owasp.antisamy&a=antisamy&v=1.4.3&e=pom, ,
antisamy-demo,1.4.3,org.owasp.antisamy,central-proxy,https://repository.sonatype.org/service/local/artifact/maven/redirect?r=central-proxy&g=org.owasp.antisamy&a=antisamy-demo&v=1.4.3&e=pom, ,
antisamy-distribution,1.4.3,org.owasp.antisamy,central-proxy,https://repository.sonatype.org/service/local/artifact/maven/redirect?r=central-proxy&g=org.owasp.antisamy&a=antisamy-distribution&v=1.4.3&e=pom, ,
antisamy-project,1.4.3,org.owasp.antisamy,central-proxy,https://repository.sonatype.org/service/local/artifact/maven/redirect?r=central-proxy&g=org.owasp.antisamy&a=antisamy-project&v=1.4.3&e=pom,SCM[scm:svn:http://owaspantisamy.googlecode.com/svn/trunk/Java/antisamy-project-1.4.3;http://owaspantisamy.googlecode.com/svn/trunk/Java/antisamy-project-1.4.3],
antisamy-sample-configs,1.4.3,org.owasp.antisamy,central-proxy,https://repository.sonatype.org/service/local/artifact/maven/redirect?r=central-proxy&g=org.owasp.antisamy&a=antisamy-sample-configs&v=1.4.3&e=pom, ,
antisamy,1.4.4,org.owasp.antisamy,central-proxy,https://repository.sonatype.org/service/local/artifact/maven/redirect?r=central-proxy&g=org.owasp.antisamy&a=antisamy&v=1.4.4&e=pom, ,
antisamy-demo,1.4.4,org.owasp.antisamy,central-proxy,https://repository.sonatype.org/service/local/artifact/maven/redirect?r=central-proxy&g=org.owasp.antisamy&a=antisamy-demo&v=1.4.4&e=pom, ,
antisamy-distribution,1.4.4,org.owasp.antisamy,central-proxy,https://repository.sonatype.org/service/local/artifact/maven/redirect?r=central-proxy&g=org.owasp.antisamy&a=antisamy-distribution&v=1.4.4&e=pom, ,
antisamy-project,1.4.4,org.owasp.antisamy,central-proxy,https://repository.sonatype.org/service/local/artifact/maven/redirect?r=central-proxy&g=org.owasp.antisamy&a=antisamy-project&v=1.4.4&e=pom,SCM[scm:svn:http://owaspantisamy.googlecode.com/svn/tags/Java/antisamy-project-1.4.4;scm:svn:https://owaspantisamy.googlecode.com/svn/tags/Java/antisamy-project-1.4.4],
antisamy-sample-configs,1.4.4,org.owasp.antisamy,central-proxy,https://repository.sonatype.org/service/local/artifact/maven/redirect?r=central-proxy&g=org.owasp.antisamy&a=antisamy-sample-configs&v=1.4.4&e=pom, ,
antisamy-sample-configs,1.5-SNAPSHOT,org.owasp.antisamy,ossrh-snapshot,https://repository.sonatype.org/service/local/artifact/maven/redirect?r=ossrh-snapshot&g=org.owasp.antisamy&a=antisamy-sample-configs&v=1.5-SNAPSHOT&e=pom, ,
antisamy-sample-configs,1.4.1-SNAPSHOT,org.owasp.antisamy,ossrh-snapshot,https://repository.sonatype.org/service/local/artifact/maven/redirect?r=ossrh-snapshot&g=org.owasp.antisamy&a=antisamy-sample-configs&v=1.4.1-SNAPSHOT&e=pom, ,
antisamy-project,1.5-SNAPSHOT,org.owasp.antisamy,ossrh-snapshot,https://repository.sonatype.org/service/local/artifact/maven/redirect?r=ossrh-snapshot&g=org.owasp.antisamy&a=antisamy-project&v=1.5-SNAPSHOT&e=pom,SCM[scm:svn:http://owaspantisamy.googlecode.com/svn/trunk/Java/current/antisamy-project/;http://owaspantisamy.googlecode.com/svn/trunk/Java/current/antisamy-project/],
antisamy-project,1.4.1-SNAPSHOT,org.owasp.antisamy,ossrh-snapshot,https://repository.sonatype.org/service/local/artifact/maven/redirect?r=ossrh-snapshot&g=org.owasp.antisamy&a=antisamy-project&v=1.4.1-SNAPSHOT&e=pom,SCM[scm:svn:http://owaspantisamy.googlecode.com/svn/trunk/Java/current/antisamy-project/;http://owaspantisamy.googlecode.com/svn/trunk/Java/current/antisamy-project/],
antisamy-demo,1.5-SNAPSHOT,org.owasp.antisamy,ossrh-snapshot,https://repository.sonatype.org/service/local/artifact/maven/redirect?r=ossrh-snapshot&g=org.owasp.antisamy&a=antisamy-demo&v=1.5-SNAPSHOT&e=pom, ,
antisamy-demo,1.4.1-SNAPSHOT,org.owasp.antisamy,ossrh-snapshot,https://repository.sonatype.org/service/local/artifact/maven/redirect?r=ossrh-snapshot&g=org.owasp.antisamy&a=antisamy-demo&v=1.4.1-SNAPSHOT&e=pom, ,
antisamy,1.5-SNAPSHOT,org.owasp.antisamy,ossrh-snapshot,https://repository.sonatype.org/service/local/artifact/maven/redirect?r=ossrh-snapshot&g=org.owasp.antisamy&a=antisamy&v=1.5-SNAPSHOT&e=pom, ,
antisamy,1.4.1-SNAPSHOT,org.owasp.antisamy,ossrh-snapshot,https://repository.sonatype.org/service/local/artifact/maven/redirect?r=ossrh-snapshot&g=org.owasp.antisamy&a=antisamy&v=1.4.1-SNAPSHOT&e=pom, ,
antlr,2.7.1,antlr,central-proxy,https://repository.sonatype.org/service/local/artifact/maven/redirect?r=central-proxy&g=antlr&a=antlr&v=2.7.1&e=pom, ,
antlr,2.7.2,antlr,central-proxy,https://repository.sonatype.org/service/local/artifact/maven/redirect?r=central-proxy&g=antlr&a=antlr&v=2.7.2&e=pom, ,
antlr,2.7.5,antlr,central-proxy,https://repository.sonatype.org/service/local/artifact/maven/redirect?r=central-proxy&g=antlr&a=antlr&v=2.7.5&e=pom, ,
antlr,2.7.6,antlr,central-proxy,https://repository.sonatype.org/service/local/artifact/maven/redirect?r=central-proxy&g=antlr&a=antlr&v=2.7.6&e=pom, ,
antlr,2.7.6rc1,antlr,central-proxy,https://repository.sonatype.org/service/local/artifact/maven/redirect?r=central-proxy&g=antlr&a=antlr&v=2.7.6rc1&e=pom, ,
antlr,2.7.7,antlr,central-proxy,https://repository.sonatype.org/service/local/artifact/maven/redirect?r=central-proxy&g=antlr&a=antlr&v=2.7.7&e=pom, ,
antlr,20030911,antlr,central-proxy,https://repository.sonatype.org/service/local/artifact/maven/redirect?r=central-proxy&g=antlr&a=antlr&v=20030911&e=pom, ,
antlrall,2.7.1,antlr,central-proxy,https://repository.sonatype.org/service/local/artifact/maven/redirect?r=central-proxy&g=antlr&a=antlrall&v=2.7.1&e=pom, ,
antlrall,2.7.2,antlr,central-proxy,https://repository.sonatype.org/service/local/artifact/maven/redirect?r=central-proxy&g=antlr&a=antlrall&v=2.7.2&e=pom, ,
antlrall,2.7.4,antlr,central-proxy,https://repository.sonatype.org/service/local/artifact/maven/redirect?r=central-proxy&g=antlr&a=antlrall&v=2.7.4&e=pom, ,
antlr,3.0,org.antlr,central-proxy,https://repository.sonatype.org/service/local/artifact/maven/redirect?r=central-proxy&g=org.antlr&a=antlr&v=3.0&e=pom, ,
antlr,3.0.1,org.antlr,central-proxy,https://repository.sonatype.org/service/local/artifact/maven/redirect?r=central-proxy&g=org.antlr&a=antlr&v=3.0.1&e=pom, ,
antlr,3.1.1,org.antlr,central-proxy,https://repository.sonatype.org/service/local/artifact/maven/redirect?r=central-proxy&g=org.antlr&a=antlr&v=3.1.1&e=pom, ,
antlr,3.1.2,org.antlr,central-proxy,https://repository.sonatype.org/service/local/artifact/maven/redirect?r=central-proxy&g=org.antlr&a=antlr&v=3.1.2&e=pom, ,
antlr,3.1.2-1,org.antlr,central-proxy,https://repository.sonatype.org/service/local/artifact/maven/redirect?r=central-proxy&g=org.antlr&a=antlr&v=3.1.2-1&e=pom, ,
antlr,3.1.3,org.antlr,central-proxy,https://repository.sonatype.org/service/local/artifact/maven/redirect?r=central-proxy&g=org.antlr&a=antlr&v=3.1.3&e=pom, ,
antlr-master,3.1.3,org.antlr,central-proxy,https://repository.sonatype.org/service/local/artifact/maven/redirect?r=central-proxy&g=org.antlr&a=antlr-master&v=3.1.3&e=pom, ,
antlr-runtime,3.0,org.antlr,central-proxy,https://repository.sonatype.org/service/local/artifact/maven/redirect?r=central-proxy&g=org.antlr&a=antlr-runtime&v=3.0&e=pom, ,
antlr-runtime,3.0.1,org.antlr,central-proxy,https://repository.sonatype.org/service/local/artifact/maven/redirect?r=central-proxy&g=org.antlr&a=antlr-runtime&v=3.0.1&e=pom, ,
antlr-runtime,3.1.1,org.antlr,central-proxy,https://repository.sonatype.org/service/local/artifact/maven/redirect?r=central-proxy&g=org.antlr&a=antlr-runtime&v=3.1.1&e=pom,SCM[http://fisheye2.cenqua.com/browse/antlr;http://fisheye2.cenqua.com/browse/antlr],
antlr-runtime,3.1.2,org.antlr,central-proxy,https://repository.sonatype.org/service/local/artifact/maven/redirect?r=central-proxy&g=org.antlr&a=antlr-runtime&v=3.1.2&e=pom,SCM[http://fisheye2.cenqua.com/browse/antlr;http://fisheye2.cenqua.com/browse/antlr],
antlr-runtime,3.1.2-1,org.antlr,central-proxy,https://repository.sonatype.org/service/local/artifact/maven/redirect?r=central-proxy&g=org.antlr&a=antlr-runtime&v=3.1.2-1&e=pom,SCM[http://fisheye2.cenqua.com/browse/antlr;http://fisheye2.cenqua.com/browse/antlr],
antlr-runtime,3.1.3,org.antlr,central-proxy,https://repository.sonatype.org/service/local/artifact/maven/redirect?r=central-proxy&g=org.antlr&a=antlr-runtime&v=3.1.3&e=pom,SCM[http://fisheye2.cenqua.com/browse/antlr;http://fisheye2.cenqua.com/browse/antlr],
antlr3-maven-plugin,3.1.2-1,org.antlr,central-proxy,https://repository.sonatype.org/service/local/artifact/maven/redirect?r=central-proxy&g=org.antlr&a=antlr3-maven-plugin&v=3.1.2-1&e=pom, ,
antlr3-maven-plugin,3.1.3-1,org.antlr,central-proxy,https://repository.sonatype.org/service/local/artifact/maven/redirect?r=central-proxy&g=org.antlr&a=antlr3-maven-plugin&v=3.1.3-1&e=pom, ,
antlr,3.2,org.antlr,central-proxy,https://repository.sonatype.org/service/local/artifact/maven/redirect?r=central-proxy&g=org.antlr&a=antlr&v=3.2&e=pom, ,
antlr-master,3.2,org.antlr,central-proxy,https://repository.sonatype.org/service/local/artifact/maven/redirect?r=central-proxy&g=org.antlr&a=antlr-master&v=3.2&e=pom, ,
antlr-runtime,3.2,org.antlr,central-proxy,https://repository.sonatype.org/service/local/artifact/maven/redirect?r=central-proxy&g=org.antlr&a=antlr-runtime&v=3.2&e=pom,SCM[http://fisheye2.cenqua.com/browse/antlr;http://fisheye2.cenqua.com/browse/antlr],
antlr3-maven-plugin,3.2,org.antlr,central-proxy,https://repository.sonatype.org/service/local/artifact/maven/redirect?r=central-proxy&g=org.antlr&a=antlr3-maven-plugin&v=3.2&e=pom, ,
antlr,3.3,org.antlr,central-proxy,https://repository.sonatype.org/service/local/artifact/maven/redirect?r=central-proxy&g=org.antlr&a=antlr&v=3.3&e=pom, ,
antlr-master,3.3,org.antlr,central-proxy,https://repository.sonatype.org/service/local/artifact/maven/redirect?r=central-proxy&g=org.antlr&a=antlr-master&v=3.3&e=pom, ,
antlr-runtime,3.3,org.antlr,central-proxy,https://repository.sonatype.org/service/local/artifact/maven/redirect?r=central-proxy&g=org.antlr&a=antlr-runtime&v=3.3&e=pom,SCM[http://fisheye2.cenqua.com/browse/antlr;http://fisheye2.cenqua.com/browse/antlr],
antlr3-maven-archetype,3.3,org.antlr,central-proxy,https://repository.sonatype.org/service/local/artifact/maven/redirect?r=central-proxy&g=org.antlr&a=antlr3-maven-archetype&v=3.3&e=pom, ,
antlr3-maven-plugin,3.3,org.antlr,central-proxy,https://repository.sonatype.org/service/local/artifact/maven/redirect?r=central-proxy&g=org.antlr&a=antlr3-maven-plugin&v=3.3&e=pom, ,
antlr3-maven-archetype,3.3-1,org.antlr,central-proxy,https://repository.sonatype.org/service/local/artifact/maven/redirect?r=central-proxy&g=org.antlr&a=antlr3-maven-archetype&v=3.3-1&e=pom, ,
antlr,3.4-beta3,org.antlr,central-proxy,https://repository.sonatype.org/service/local/artifact/maven/redirect?r=central-proxy&g=org.antlr&a=antlr&v=3.4-beta3&e=pom, ,
antlr-runtime,3.4-beta3,org.antlr,central-proxy,https://repository.sonatype.org/service/local/artifact/maven/redirect?r=central-proxy&g=org.antlr&a=antlr-runtime&v=3.4-beta3&e=pom,SCM[http://fisheye2.cenqua.com/browse/antlr;http://fisheye2.cenqua.com/browse/antlr],
antlr3-maven-archetype,3.4-beta3,org.antlr,central-proxy,https://repository.sonatype.org/service/local/artifact/maven/redirect?r=central-proxy&g=org.antlr&a=antlr3-maven-archetype&v=3.4-beta3&e=pom, ,
antlr3-maven-plugin,3.4-beta3,org.antlr,central-proxy,https://repository.sonatype.org/service/local/artifact/maven/redirect?r=central-proxy&g=org.antlr&a=antlr3-maven-plugin&v=3.4-beta3&e=pom, ,
antlr,3.4-beta4,org.antlr,central-proxy,https://repository.sonatype.org/service/local/artifact/maven/redirect?r=central-proxy&g=org.antlr&a=antlr&v=3.4-beta4&e=pom, ,
antlr-runtime,3.4-beta4,org.antlr,central-proxy,https://repository.sonatype.org/service/local/artifact/maven/redirect?r=central-proxy&g=org.antlr&a=antlr-runtime&v=3.4-beta4&e=pom,SCM[http://fisheye2.cenqua.com/browse/antlr;http://fisheye2.cenqua.com/browse/antlr],
antlr3-maven-archetype,3.4-beta4,org.antlr,central-proxy,https://repository.sonatype.org/service/local/artifact/maven/redirect?r=central-proxy&g=org.antlr&a=antlr3-maven-archetype&v=3.4-beta4&e=pom, ,
antlr3-maven-plugin,3.4-beta4,org.antlr,central-proxy,https://repository.sonatype.org/service/local/artifact/maven/redirect?r=central-proxy&g=org.antlr&a=antlr3-maven-plugin&v=3.4-beta4&e=pom, ,
antlr,3.4,org.antlr,central-proxy,https://repository.sonatype.org/service/local/artifact/maven/redirect?r=central-proxy&g=org.antlr&a=antlr&v=3.4&e=pom, ,
antlr-master,3.4,org.antlr,central-proxy,https://repository.sonatype.org/service/local/artifact/maven/redirect?r=central-proxy&g=org.antlr&a=antlr-master&v=3.4&e=pom, ,
antlr-runtime,3.4,org.antlr,central-proxy,https://repository.sonatype.org/service/local/artifact/maven/redirect?r=central-proxy&g=org.antlr&a=antlr-runtime&v=3.4&e=pom,SCM[http://fisheye2.cenqua.com/browse/antlr;http://fisheye2.cenqua.com/browse/antlr],
antlr3-maven-archetype,3.4,org.antlr,central-proxy,https://repository.sonatype.org/service/local/artifact/maven/redirect?r=central-proxy&g=org.antlr&a=antlr3-maven-archetype&v=3.4&e=pom, ,
antlr3-maven-plugin,3.4,org.antlr,central-proxy,https://repository.sonatype.org/service/local/artifact/maven/redirect?r=central-proxy&g=org.antlr&a=antlr3-maven-plugin&v=3.4&e=pom, ,
antlr,2.7.4,antlr,central-proxy,https://repository.sonatype.org/service/local/artifact/maven/redirect?r=central-proxy&g=antlr&a=antlr&v=2.7.4&e=pom, ,
antlr,3.0b5,antlr,central-proxy,https://repository.sonatype.org/service/local/artifact/maven/redirect?r=central-proxy&g=antlr&a=antlr&v=3.0b5&e=pom, ,
antlr,3.0ea8,antlr,central-proxy,https://repository.sonatype.org/service/local/artifact/maven/redirect?r=central-proxy&g=antlr&a=antlr&v=3.0ea8&e=pom, ,
antlr,3.0b5,org.antlr,central-proxy,https://repository.sonatype.org/service/local/artifact/maven/redirect?r=central-proxy&g=org.antlr&a=antlr&v=3.0b5&e=pom, ,
antlr,3.0ea8,org.antlr,central-proxy,https://repository.sonatype.org/service/local/artifact/maven/redirect?r=central-proxy&g=org.antlr&a=antlr&v=3.0ea8&e=pom, ,
antlr,3.1,org.antlr,central-proxy,https://repository.sonatype.org/service/local/artifact/maven/redirect?r=central-proxy&g=org.antlr&a=antlr&v=3.1&e=pom, ,
antlr-runtime,3.1,org.antlr,central-proxy,https://repository.sonatype.org/service/local/artifact/maven/redirect?r=central-proxy&g=org.antlr&a=antlr-runtime&v=3.1&e=pom,SCM[http://fisheye2.cenqua.com/browse/antlr;http://fisheye2.cenqua.com/browse/antlr],
antlr3-maven-plugin,3.1.1,org.antlr,central-proxy,https://repository.sonatype.org/service/local/artifact/maven/redirect?r=central-proxy&g=org.antlr&a=antlr3-maven-plugin&v=3.1.1&e=pom, ,
antlr3-maven-plugin,3.1.1.1,org.antlr,central-proxy,https://repository.sonatype.org/service/local/artifact/maven/redirect?r=central-proxy&g=org.antlr&a=antlr3-maven-plugin&v=3.1.1.1&e=pom, ,
antlr3-maven-plugin,3.1.1.2,org.antlr,central-proxy,https://repository.sonatype.org/service/local/artifact/maven/redirect?r=central-proxy&g=org.antlr&a=antlr3-maven-plugin&v=3.1.1.2&e=pom, ,
antlr3-maven-plugin,3.1.2,org.antlr,central-proxy,https://repository.sonatype.org/service/local/artifact/maven/redirect?r=central-proxy&g=org.antlr&a=antlr3-maven-plugin&v=3.1.2&e=pom, ,
antlr3-maven-plugin,3.1.3,org.antlr,central-proxy,https://repository.sonatype.org/service/local/artifact/maven/redirect?r=central-proxy&g=org.antlr&a=antlr3-maven-plugin&v=3.1.3&e=pom, ,
antlr3-maven-archetype,3.2,org.antlr,central-proxy,https://repository.sonatype.org/service/local/artifact/maven/redirect?r=central-proxy&g=org.antlr&a=antlr3-maven-archetype&v=3.2&e=pom, ,
antlr-master,3.4-beta3,org.antlr,central-proxy,https://repository.sonatype.org/service/local/artifact/maven/redirect?r=central-proxy&g=org.antlr&a=antlr-master&v=3.4-beta3&e=pom, ,
antlr-master,3.4-beta4,org.antlr,central-proxy,https://repository.sonatype.org/service/local/artifact/maven/redirect?r=central-proxy&g=org.antlr&a=antlr-master&v=3.4-beta4&e=pom, ,
anttex,1.0,anttex,central-proxy,https://repository.sonatype.org/service/local/artifact/maven/redirect?r=central-proxy&g=anttex&a=anttex&v=1.0&e=pom, ,
ant-antunit,1.0,org.apache.ant,central-proxy,https://repository.sonatype.org/service/local/artifact/maven/redirect?r=central-proxy&g=org.apache.ant&a=ant-antunit&v=1.0&e=pom, ,
ant-antunit,1.1,org.apache.ant,central-proxy,https://repository.sonatype.org/service/local/artifact/maven/redirect?r=central-proxy&g=org.apache.ant&a=ant-antunit&v=1.1&e=pom, ,
ant-antunit,1.2,org.apache.ant,central-proxy,https://repository.sonatype.org/service/local/artifact/maven/redirect?r=central-proxy&g=org.apache.ant&a=ant-antunit&v=1.2&e=pom, ,
anyobject,0.9,mx.bigdata.anyobject,central-proxy,https://repository.sonatype.org/service/local/artifact/maven/redirect?r=central-proxy&g=mx.bigdata.anyobject&a=anyobject&v=0.9&e=pom,SCM[scm:git:git@github.com:elmer-garduno/AnyObject.git;git://github.com/elmer-garduno/AnyObject.git],
anyobject,0.9.1,mx.bigdata.anyobject,central-proxy,https://repository.sonatype.org/service/local/artifact/maven/redirect?r=central-proxy&g=mx.bigdata.anyobject&a=anyobject&v=0.9.1&e=pom,SCM[scm:git:git@github.com:elmer-garduno/AnyObject.git;git://github.com/elmer-garduno/AnyObject.git],
anyobject,0.9.2,mx.bigdata.anyobject,central-proxy,https://repository.sonatype.org/service/local/artifact/maven/redirect?r=central-proxy&g=mx.bigdata.anyobject&a=anyobject&v=0.9.2&e=pom,SCM[scm:git:git@github.com:bigdata-mx/AnyObject.git;git://github.com/bigdata-mx/AnyObject.git],
anyobject,0.9.3,mx.bigdata.anyobject,central-proxy,https://repository.sonatype.org/service/local/artifact/maven/redirect?r=central-proxy&g=mx.bigdata.anyobject&a=anyobject&v=0.9.3&e=pom,SCM[scm:git:git@github.com:bigdata-mx/AnyObject.git;git://github.com/bigdata-mx/AnyObject.git],
