as7-cdi-tck-runner,1.0.0.CR1,org.jboss.jbossas.as7-cdi-tck,jboss-releases,https://repository.sonatype.org/service/local/artifact/maven/redirect?r=jboss-releases&g=org.jboss.jbossas.as7-cdi-tck&a=as7-cdi-tck-runner&v=1.0.0.CR1&e=pom, ,
as7-cdi-tck-runner,1.0.0.Alpha1,org.jboss.jbossas.as7-cdi-tck,jboss-releases,https://repository.sonatype.org/service/local/artifact/maven/redirect?r=jboss-releases&g=org.jboss.jbossas.as7-cdi-tck&a=as7-cdi-tck-runner&v=1.0.0.Alpha1&e=pom, ,
asadmin-java,0.6,org.codeartisans.asadmin-java,central-proxy,https://repository.sonatype.org/service/local/artifact/maven/redirect?r=central-proxy&g=org.codeartisans.asadmin-java&a=asadmin-java&v=0.6&e=pom,SCM[scm:git:git@github.com:eskatos/asadmin-java.git;scm:git:git@github.com:eskatos/asadmin-java.git],
asadmin-maven-plugin,0.6,org.codeartisans.asadmin-maven-plugin,central-proxy,https://repository.sonatype.org/service/local/artifact/maven/redirect?r=central-proxy&g=org.codeartisans.asadmin-maven-plugin&a=asadmin-maven-plugin&v=0.6&e=pom, ,
asadmin-maven-plugin-parent,0.6,org.codeartisans.asadmin-maven-plugin,central-proxy,https://repository.sonatype.org/service/local/artifact/maven/redirect?r=central-proxy&g=org.codeartisans.asadmin-maven-plugin&a=asadmin-maven-plugin-parent&v=0.6&e=pom,SCM[scm:git:git@github.com:eskatos/asadmin-maven-plugin.git;scm:git:git@github.com:eskatos/asadmin-maven-plugin.git],
asadmin,0.7,org.codeartisans.asadmin,central-proxy,https://repository.sonatype.org/service/local/artifact/maven/redirect?r=central-proxy&g=org.codeartisans.asadmin&a=asadmin&v=0.7&e=pom,SCM[scm:git:git@github.com:Codeartisans/asadmin.git;scm:git:git@github.com:Codeartisans/asadmin.git],
asadmin-java,0.7,org.codeartisans.asadmin,central-proxy,https://repository.sonatype.org/service/local/artifact/maven/redirect?r=central-proxy&g=org.codeartisans.asadmin&a=asadmin-java&v=0.7&e=pom, ,
asadmin-maven-plugin,0.7,org.codeartisans.asadmin,central-proxy,https://repository.sonatype.org/service/local/artifact/maven/redirect?r=central-proxy&g=org.codeartisans.asadmin&a=asadmin-maven-plugin&v=0.7&e=pom, ,
asadmin,0.8,org.codeartisans.asadmin,central-proxy,https://repository.sonatype.org/service/local/artifact/maven/redirect?r=central-proxy&g=org.codeartisans.asadmin&a=asadmin&v=0.8&e=pom,SCM[scm:git:git@github.com:Codeartisans/asadmin.git;scm:git:git@github.com:Codeartisans/asadmin.git],
asadmin-java,0.8,org.codeartisans.asadmin,central-proxy,https://repository.sonatype.org/service/local/artifact/maven/redirect?r=central-proxy&g=org.codeartisans.asadmin&a=asadmin-java&v=0.8&e=pom, ,
asadmin-maven-plugin,0.8,org.codeartisans.asadmin,central-proxy,https://repository.sonatype.org/service/local/artifact/maven/redirect?r=central-proxy&g=org.codeartisans.asadmin&a=asadmin-maven-plugin&v=0.8&e=pom, ,
ascrblr,1.0-alpha2,ch.rolandschaer.ascrblr,central-proxy,https://repository.sonatype.org/service/local/artifact/maven/redirect?r=central-proxy&g=ch.rolandschaer.ascrblr&a=ascrblr&v=1.0-alpha2&e=pom, ,
asc,4.5.1.21328,com.adobe.flex.compiler,flex,https://repository.sonatype.org/service/local/artifact/maven/redirect?r=flex&g=com.adobe.flex.compiler&a=asc&v=4.5.1.21328&e=pom, ,
asc,4.5.0.20967,com.adobe.flex.compiler,flex,https://repository.sonatype.org/service/local/artifact/maven/redirect?r=flex&g=com.adobe.flex.compiler&a=asc&v=4.5.0.20967&e=pom, ,
asdoc,1.0-beta1,info.rvin.mojo,flexmojos-releases,https://repository.sonatype.org/service/local/artifact/maven/redirect?r=flexmojos-releases&g=info.rvin.mojo&a=asdoc&v=1.0-beta1&e=pom, ,
asdoc,1.0,info.rvin.mojo,flexmojos-releases,https://repository.sonatype.org/service/local/artifact/maven/redirect?r=flexmojos-releases&g=info.rvin.mojo&a=asdoc&v=1.0&e=pom, ,
asdoc-mojo,2.0.3,info.flex-mojos,flexmojos-releases,https://repository.sonatype.org/service/local/artifact/maven/redirect?r=flexmojos-releases&g=info.flex-mojos&a=asdoc-mojo&v=2.0.3&e=pom, ,
asdoc-mojo,2.0.2,info.flex-mojos,flexmojos-releases,https://repository.sonatype.org/service/local/artifact/maven/redirect?r=flexmojos-releases&g=info.flex-mojos&a=asdoc-mojo&v=2.0.2&e=pom, ,
asdoc-mojo,2.0.1,info.flex-mojos,flexmojos-releases,https://repository.sonatype.org/service/local/artifact/maven/redirect?r=flexmojos-releases&g=info.flex-mojos&a=asdoc-mojo&v=2.0.1&e=pom, ,
asdoc-mojo,2.0,info.flex-mojos,flexmojos-releases,https://repository.sonatype.org/service/local/artifact/maven/redirect?r=flexmojos-releases&g=info.flex-mojos&a=asdoc-mojo&v=2.0&e=pom, ,
asdoc,4.5.1.21328,com.adobe.flex.compiler,flex,https://repository.sonatype.org/service/local/artifact/maven/redirect?r=flex&g=com.adobe.flex.compiler&a=asdoc&v=4.5.1.21328&e=pom, ,
asdoc,4.5.0.20967,com.adobe.flex.compiler,flex,https://repository.sonatype.org/service/local/artifact/maven/redirect?r=flex&g=com.adobe.flex.compiler&a=asdoc&v=4.5.0.20967&e=pom, ,
asdoc,4.5.0.19786,com.adobe.flex.compiler,flex,https://repository.sonatype.org/service/local/artifact/maven/redirect?r=flex&g=com.adobe.flex.compiler&a=asdoc&v=4.5.0.19786&e=pom, ,
asdoc,4.5.0.18623,com.adobe.flex.compiler,flex,https://repository.sonatype.org/service/local/artifact/maven/redirect?r=flex&g=com.adobe.flex.compiler&a=asdoc&v=4.5.0.18623&e=pom, ,
asdoc,4.5.0.17855,com.adobe.flex.compiler,flex,https://repository.sonatype.org/service/local/artifact/maven/redirect?r=flex&g=com.adobe.flex.compiler&a=asdoc&v=4.5.0.17855&e=pom, ,
asdoc,4.5.0.17689,com.adobe.flex.compiler,flex,https://repository.sonatype.org/service/local/artifact/maven/redirect?r=flex&g=com.adobe.flex.compiler&a=asdoc&v=4.5.0.17689&e=pom, ,
asdoc,4.5.0.17077,com.adobe.flex.compiler,flex,https://repository.sonatype.org/service/local/artifact/maven/redirect?r=flex&g=com.adobe.flex.compiler&a=asdoc&v=4.5.0.17077&e=pom, ,
asdoc,4.1.0.16248,com.adobe.flex.compiler,flex,https://repository.sonatype.org/service/local/artifact/maven/redirect?r=flex&g=com.adobe.flex.compiler&a=asdoc&v=4.1.0.16248&e=pom, ,
asdoc,4.1.0.16076,com.adobe.flex.compiler,flex,https://repository.sonatype.org/service/local/artifact/maven/redirect?r=flex&g=com.adobe.flex.compiler&a=asdoc&v=4.1.0.16076&e=pom, ,
asdoc,4.1.0.15646,com.adobe.flex.compiler,flex,https://repository.sonatype.org/service/local/artifact/maven/redirect?r=flex&g=com.adobe.flex.compiler&a=asdoc&v=4.1.0.15646&e=pom, ,
asdoc,4.0.0.8811,com.adobe.flex.compiler,flex,https://repository.sonatype.org/service/local/artifact/maven/redirect?r=flex&g=com.adobe.flex.compiler&a=asdoc&v=4.0.0.8811&e=pom, ,
asdoc,4.0.0.7219,com.adobe.flex.compiler,flex,https://repository.sonatype.org/service/local/artifact/maven/redirect?r=flex&g=com.adobe.flex.compiler&a=asdoc&v=4.0.0.7219&e=pom, ,
asdoc,4.0.0.14159,com.adobe.flex.compiler,flex,https://repository.sonatype.org/service/local/artifact/maven/redirect?r=flex&g=com.adobe.flex.compiler&a=asdoc&v=4.0.0.14159&e=pom, ,
asdoc,4.0.0.13875,com.adobe.flex.compiler,flex,https://repository.sonatype.org/service/local/artifact/maven/redirect?r=flex&g=com.adobe.flex.compiler&a=asdoc&v=4.0.0.13875&e=pom, ,
asdoc,4.0.0.13555,com.adobe.flex.compiler,flex,https://repository.sonatype.org/service/local/artifact/maven/redirect?r=flex&g=com.adobe.flex.compiler&a=asdoc&v=4.0.0.13555&e=pom, ,
asdoc,4.0.0.12575,com.adobe.flex.compiler,flex,https://repository.sonatype.org/service/local/artifact/maven/redirect?r=flex&g=com.adobe.flex.compiler&a=asdoc&v=4.0.0.12575&e=pom, ,
asdoc,4.0.0.10485,com.adobe.flex.compiler,flex,https://repository.sonatype.org/service/local/artifact/maven/redirect?r=flex&g=com.adobe.flex.compiler&a=asdoc&v=4.0.0.10485&e=pom, ,
asdoc,4.0.0.10193,com.adobe.flex.compiler,flex,https://repository.sonatype.org/service/local/artifact/maven/redirect?r=flex&g=com.adobe.flex.compiler&a=asdoc&v=4.0.0.10193&e=pom, ,
asdoc,3.6.0.16995,com.adobe.flex.compiler,flex,https://repository.sonatype.org/service/local/artifact/maven/redirect?r=flex&g=com.adobe.flex.compiler&a=asdoc&v=3.6.0.16995&e=pom, ,
asdoc,3.6.0.16321,com.adobe.flex.compiler,flex,https://repository.sonatype.org/service/local/artifact/maven/redirect?r=flex&g=com.adobe.flex.compiler&a=asdoc&v=3.6.0.16321&e=pom, ,
asdoc,3.5.a.12683,com.adobe.flex.compiler,flex,https://repository.sonatype.org/service/local/artifact/maven/redirect?r=flex&g=com.adobe.flex.compiler&a=asdoc&v=3.5.a.12683&e=pom, ,
asdoc,3.5.0.12683,com.adobe.flex.compiler,flex,https://repository.sonatype.org/service/local/artifact/maven/redirect?r=flex&g=com.adobe.flex.compiler&a=asdoc&v=3.5.0.12683&e=pom, ,
asdoc,3.4.1.10084,com.adobe.flex.compiler,flex,https://repository.sonatype.org/service/local/artifact/maven/redirect?r=flex&g=com.adobe.flex.compiler&a=asdoc&v=3.4.1.10084&e=pom, ,
asdoc,3.4.0.9271,com.adobe.flex.compiler,flex,https://repository.sonatype.org/service/local/artifact/maven/redirect?r=flex&g=com.adobe.flex.compiler&a=asdoc&v=3.4.0.9271&e=pom, ,
asdoc,3.3.0.4852,com.adobe.flex.compiler,flex,https://repository.sonatype.org/service/local/artifact/maven/redirect?r=flex&g=com.adobe.flex.compiler&a=asdoc&v=3.3.0.4852&e=pom, ,
asdoc,3.2.0.3958,com.adobe.flex.compiler,flex,https://repository.sonatype.org/service/local/artifact/maven/redirect?r=flex&g=com.adobe.flex.compiler&a=asdoc&v=3.2.0.3958&e=pom, ,
asdoc,3.1.0.2710,com.adobe.flex.compiler,flex,https://repository.sonatype.org/service/local/artifact/maven/redirect?r=flex&g=com.adobe.flex.compiler&a=asdoc&v=3.1.0.2710&e=pom, ,
asdoc,3.0.0.477,com.adobe.flex.compiler,flex,https://repository.sonatype.org/service/local/artifact/maven/redirect?r=flex&g=com.adobe.flex.compiler&a=asdoc&v=3.0.0.477&e=pom, ,
asdoc,2.0.1.180927,com.adobe.flex.compiler,flex,https://repository.sonatype.org/service/local/artifact/maven/redirect?r=flex&g=com.adobe.flex.compiler&a=asdoc&v=2.0.1.180927&e=pom, ,
ashkay,0.6,ashkay,central-proxy,https://repository.sonatype.org/service/local/artifact/maven/redirect?r=central-proxy&g=ashkay&a=ashkay&v=0.6&e=pom,SCM[scm:cvs:pserver:anonymous@cvs.sourceforge.net:/cvsroot/ashkay:ashkay;http://cvs.sourceforge.net/viewcvs.py/ashkay/],
ashkelon,20030312.120000,ashkelon,central-proxy,https://repository.sonatype.org/service/local/artifact/maven/redirect?r=central-proxy&g=ashkelon&a=ashkelon&v=20030312.120000&e=pom, ,
ashkelon,20030430.110700,ashkelon,central-proxy,https://repository.sonatype.org/service/local/artifact/maven/redirect?r=central-proxy&g=ashkelon&a=ashkelon&v=20030430.110700&e=pom, ,
ashwood,1.1,org.objectstyle.ashwood,central-proxy,https://repository.sonatype.org/service/local/artifact/maven/redirect?r=central-proxy&g=org.objectstyle.ashwood&a=ashwood&v=1.1&e=pom,SCM[scm:cvs:pserver:anonymous:@cvs.sourceforge.net:/cvsroot/ashwood;http://cvs.sourceforge.net/viewcvs.py/ashwood/],
ashwood,2.0,org.objectstyle.ashwood,central-proxy,https://repository.sonatype.org/service/local/artifact/maven/redirect?r=central-proxy&g=org.objectstyle.ashwood&a=ashwood&v=2.0&e=pom,SCM[scm:svn:https://svn.objectstyle.org/repos/ashwood2/trunk/ashwood2;scm:svn:https://svn.objectstyle.org/repos/ashwood2/trunk/ashwood2],
asl20-oss-parent,1,de.schlichtherle,central-proxy,https://repository.sonatype.org/service/local/artifact/maven/redirect?r=central-proxy&g=de.schlichtherle&a=asl20-oss-parent&v=1&e=pom, ,
asl20-oss-parent,2,de.schlichtherle,central-proxy,https://repository.sonatype.org/service/local/artifact/maven/redirect?r=central-proxy&g=de.schlichtherle&a=asl20-oss-parent&v=2&e=pom, ,
asl20-oss-parent,3,de.schlichtherle,central-proxy,https://repository.sonatype.org/service/local/artifact/maven/redirect?r=central-proxy&g=de.schlichtherle&a=asl20-oss-parent&v=3&e=pom, ,
asl20-oss-parent,4,de.schlichtherle,central-proxy,https://repository.sonatype.org/service/local/artifact/maven/redirect?r=central-proxy&g=de.schlichtherle&a=asl20-oss-parent&v=4&e=pom, ,
asl20-oss-resources,1.0,de.schlichtherle,central-proxy,https://repository.sonatype.org/service/local/artifact/maven/redirect?r=central-proxy&g=de.schlichtherle&a=asl20-oss-resources&v=1.0&e=pom, ,
asl20-oss-parent,5,de.schlichtherle,central-proxy,https://repository.sonatype.org/service/local/artifact/maven/redirect?r=central-proxy&g=de.schlichtherle&a=asl20-oss-parent&v=5&e=pom, ,
asl20-oss-parent,6,de.schlichtherle,central-proxy,https://repository.sonatype.org/service/local/artifact/maven/redirect?r=central-proxy&g=de.schlichtherle&a=asl20-oss-parent&v=6&e=pom, ,
asl20-oss-resources,1.1,de.schlichtherle,central-proxy,https://repository.sonatype.org/service/local/artifact/maven/redirect?r=central-proxy&g=de.schlichtherle&a=asl20-oss-resources&v=1.1&e=pom, ,
asl20-oss-parent,7,de.schlichtherle,central-proxy,https://repository.sonatype.org/service/local/artifact/maven/redirect?r=central-proxy&g=de.schlichtherle&a=asl20-oss-parent&v=7&e=pom, ,
asl20-oss-parent,10,de.schlichtherle,central-proxy,https://repository.sonatype.org/service/local/artifact/maven/redirect?r=central-proxy&g=de.schlichtherle&a=asl20-oss-parent&v=10&e=pom, ,
asl20-oss-parent,9,de.schlichtherle,central-proxy,https://repository.sonatype.org/service/local/artifact/maven/redirect?r=central-proxy&g=de.schlichtherle&a=asl20-oss-parent&v=9&e=pom,SCM[scm:svn:http://svn.sonatype.org/spice/tags/asl20-oss-parent-8;http://svn.sonatype.org/spice/tags/asl20-oss-parent-8],
asl20-oss-parent,11,de.schlichtherle,central-proxy,https://repository.sonatype.org/service/local/artifact/maven/redirect?r=central-proxy&g=de.schlichtherle&a=asl20-oss-parent&v=11&e=pom, ,
asl20-oss-parent,12,de.schlichtherle,central-proxy,https://repository.sonatype.org/service/local/artifact/maven/redirect?r=central-proxy&g=de.schlichtherle&a=asl20-oss-parent&v=12&e=pom, ,
asl20-oss-parent,13,de.schlichtherle,central-proxy,https://repository.sonatype.org/service/local/artifact/maven/redirect?r=central-proxy&g=de.schlichtherle&a=asl20-oss-parent&v=13&e=pom, ,
asl20-oss-resources,1.2,de.schlichtherle,central-proxy,https://repository.sonatype.org/service/local/artifact/maven/redirect?r=central-proxy&g=de.schlichtherle&a=asl20-oss-resources&v=1.2&e=pom, ,
asl20-oss-parent,14,de.schlichtherle,central-proxy,https://repository.sonatype.org/service/local/artifact/maven/redirect?r=central-proxy&g=de.schlichtherle&a=asl20-oss-parent&v=14&e=pom, ,
asl20-oss-parent,15,de.schlichtherle,central-proxy,https://repository.sonatype.org/service/local/artifact/maven/redirect?r=central-proxy&g=de.schlichtherle&a=asl20-oss-parent&v=15&e=pom, ,
asl20-oss-parent,16,de.schlichtherle,central-proxy,https://repository.sonatype.org/service/local/artifact/maven/redirect?r=central-proxy&g=de.schlichtherle&a=asl20-oss-parent&v=16&e=pom, ,
asl20-oss-parent,17,de.schlichtherle,central-proxy,https://repository.sonatype.org/service/local/artifact/maven/redirect?r=central-proxy&g=de.schlichtherle&a=asl20-oss-parent&v=17&e=pom, ,
asl20-oss-parent,18,de.schlichtherle,central-proxy,https://repository.sonatype.org/service/local/artifact/maven/redirect?r=central-proxy&g=de.schlichtherle&a=asl20-oss-parent&v=18&e=pom, ,
asm,1.3.3,asm,central-proxy,https://repository.sonatype.org/service/local/artifact/maven/redirect?r=central-proxy&g=asm&a=asm&v=1.3.3&e=pom, ,
asm,1.4.3,asm,central-proxy,https://repository.sonatype.org/service/local/artifact/maven/redirect?r=central-proxy&g=asm&a=asm&v=1.4.3&e=pom, ,
asm,1.5.1,asm,central-proxy,https://repository.sonatype.org/service/local/artifact/maven/redirect?r=central-proxy&g=asm&a=asm&v=1.5.1&e=pom, ,
asm,1.5.3,asm,central-proxy,https://repository.sonatype.org/service/local/artifact/maven/redirect?r=central-proxy&g=asm&a=asm&v=1.5.3&e=pom, ,
asm,2.1,asm,central-proxy,https://repository.sonatype.org/service/local/artifact/maven/redirect?r=central-proxy&g=asm&a=asm&v=2.1&e=pom, ,
asm,2.2,asm,central-proxy,https://repository.sonatype.org/service/local/artifact/maven/redirect?r=central-proxy&g=asm&a=asm&v=2.2&e=pom, ,
asm,2.2.1,asm,central-proxy,https://repository.sonatype.org/service/local/artifact/maven/redirect?r=central-proxy&g=asm&a=asm&v=2.2.1&e=pom, ,
asm,2.2.2,asm,central-proxy,https://repository.sonatype.org/service/local/artifact/maven/redirect?r=central-proxy&g=asm&a=asm&v=2.2.2&e=pom, ,
asm,2.2.3,asm,central-proxy,https://repository.sonatype.org/service/local/artifact/maven/redirect?r=central-proxy&g=asm&a=asm&v=2.2.3&e=pom, ,
asm,20041228.180559,asm,central-proxy,https://repository.sonatype.org/service/local/artifact/maven/redirect?r=central-proxy&g=asm&a=asm&v=20041228.180559&e=pom, ,
asm,3.0,asm,central-proxy,https://repository.sonatype.org/service/local/artifact/maven/redirect?r=central-proxy&g=asm&a=asm&v=3.0&e=pom, ,
asm,3.1,asm,central-proxy,https://repository.sonatype.org/service/local/artifact/maven/redirect?r=central-proxy&g=asm&a=asm&v=3.1&e=pom, ,
asm-all,2.2.3,asm,central-proxy,https://repository.sonatype.org/service/local/artifact/maven/redirect?r=central-proxy&g=asm&a=asm-all&v=2.2.3&e=pom, ,
asm-all,3.1,asm,central-proxy,https://repository.sonatype.org/service/local/artifact/maven/redirect?r=central-proxy&g=asm&a=asm-all&v=3.1&e=pom, ,
asm-analysis,1.5.1,asm,central-proxy,https://repository.sonatype.org/service/local/artifact/maven/redirect?r=central-proxy&g=asm&a=asm-analysis&v=1.5.1&e=pom, ,
asm-analysis,1.5.2,asm,central-proxy,https://repository.sonatype.org/service/local/artifact/maven/redirect?r=central-proxy&g=asm&a=asm-analysis&v=1.5.2&e=pom, ,
asm-analysis,1.5.3,asm,central-proxy,https://repository.sonatype.org/service/local/artifact/maven/redirect?r=central-proxy&g=asm&a=asm-analysis&v=1.5.3&e=pom, ,
asm-analysis,2.0,asm,central-proxy,https://repository.sonatype.org/service/local/artifact/maven/redirect?r=central-proxy&g=asm&a=asm-analysis&v=2.0&e=pom, ,
asm-analysis,2.1,asm,central-proxy,https://repository.sonatype.org/service/local/artifact/maven/redirect?r=central-proxy&g=asm&a=asm-analysis&v=2.1&e=pom, ,
asm-analysis,2.2,asm,central-proxy,https://repository.sonatype.org/service/local/artifact/maven/redirect?r=central-proxy&g=asm&a=asm-analysis&v=2.2&e=pom, ,
asm-analysis,2.2.1,asm,central-proxy,https://repository.sonatype.org/service/local/artifact/maven/redirect?r=central-proxy&g=asm&a=asm-analysis&v=2.2.1&e=pom, ,
asm-analysis,2.2.3,asm,central-proxy,https://repository.sonatype.org/service/local/artifact/maven/redirect?r=central-proxy&g=asm&a=asm-analysis&v=2.2.3&e=pom, ,
asm-analysis,20041228.180559,asm,central-proxy,https://repository.sonatype.org/service/local/artifact/maven/redirect?r=central-proxy&g=asm&a=asm-analysis&v=20041228.180559&e=pom, ,
asm-analysis,3.0,asm,central-proxy,https://repository.sonatype.org/service/local/artifact/maven/redirect?r=central-proxy&g=asm&a=asm-analysis&v=3.0&e=pom, ,
asm-analysis,3.0_RC1,asm,central-proxy,https://repository.sonatype.org/service/local/artifact/maven/redirect?r=central-proxy&g=asm&a=asm-analysis&v=3.0_RC1&e=pom, ,
asm-analysis,3.1,asm,central-proxy,https://repository.sonatype.org/service/local/artifact/maven/redirect?r=central-proxy&g=asm&a=asm-analysis&v=3.1&e=pom, ,
asm-attrs,1.4.1,asm,central-proxy,https://repository.sonatype.org/service/local/artifact/maven/redirect?r=central-proxy&g=asm&a=asm-attrs&v=1.4.1&e=pom, ,
asm-attrs,1.4.3,asm,central-proxy,https://repository.sonatype.org/service/local/artifact/maven/redirect?r=central-proxy&g=asm&a=asm-attrs&v=1.4.3&e=pom, ,
asm-attrs,1.5.1,asm,central-proxy,https://repository.sonatype.org/service/local/artifact/maven/redirect?r=central-proxy&g=asm&a=asm-attrs&v=1.5.1&e=pom, ,
asm-attrs,1.5.2,asm,central-proxy,https://repository.sonatype.org/service/local/artifact/maven/redirect?r=central-proxy&g=asm&a=asm-attrs&v=1.5.2&e=pom, ,
asm-attrs,1.5.3,asm,central-proxy,https://repository.sonatype.org/service/local/artifact/maven/redirect?r=central-proxy&g=asm&a=asm-attrs&v=1.5.3&e=pom, ,
asm-attrs,2.0,asm,central-proxy,https://repository.sonatype.org/service/local/artifact/maven/redirect?r=central-proxy&g=asm&a=asm-attrs&v=2.0&e=pom, ,
asm-attrs,2.1,asm,central-proxy,https://repository.sonatype.org/service/local/artifact/maven/redirect?r=central-proxy&g=asm&a=asm-attrs&v=2.1&e=pom, ,
asm-attrs,2.2,asm,central-proxy,https://repository.sonatype.org/service/local/artifact/maven/redirect?r=central-proxy&g=asm&a=asm-attrs&v=2.2&e=pom, ,
asm-attrs,2.2.1,asm,central-proxy,https://repository.sonatype.org/service/local/artifact/maven/redirect?r=central-proxy&g=asm&a=asm-attrs&v=2.2.1&e=pom, ,
asm-attrs,2.2.3,asm,central-proxy,https://repository.sonatype.org/service/local/artifact/maven/redirect?r=central-proxy&g=asm&a=asm-attrs&v=2.2.3&e=pom, ,
asm-attrs,20041228.180559,asm,central-proxy,https://repository.sonatype.org/service/local/artifact/maven/redirect?r=central-proxy&g=asm&a=asm-attrs&v=20041228.180559&e=pom, ,
asm-commons,2.1,asm,central-proxy,https://repository.sonatype.org/service/local/artifact/maven/redirect?r=central-proxy&g=asm&a=asm-commons&v=2.1&e=pom, ,
asm-commons,2.2.1,asm,central-proxy,https://repository.sonatype.org/service/local/artifact/maven/redirect?r=central-proxy&g=asm&a=asm-commons&v=2.2.1&e=pom, ,
asm-commons,2.2.2,asm,central-proxy,https://repository.sonatype.org/service/local/artifact/maven/redirect?r=central-proxy&g=asm&a=asm-commons&v=2.2.2&e=pom, ,
asm-commons,2.2.3,asm,central-proxy,https://repository.sonatype.org/service/local/artifact/maven/redirect?r=central-proxy&g=asm&a=asm-commons&v=2.2.3&e=pom, ,
asm-commons,3.0,asm,central-proxy,https://repository.sonatype.org/service/local/artifact/maven/redirect?r=central-proxy&g=asm&a=asm-commons&v=3.0&e=pom, ,
asm-commons,3.1,asm,central-proxy,https://repository.sonatype.org/service/local/artifact/maven/redirect?r=central-proxy&g=asm&a=asm-commons&v=3.1&e=pom, ,
asm-parent,2.2.3,asm,central-proxy,https://repository.sonatype.org/service/local/artifact/maven/redirect?r=central-proxy&g=asm&a=asm-parent&v=2.2.3&e=pom,SCM[scm:cvs:pserver:anonymous@cvs.forge.objectweb.org:/cvsroot/asm:asm;http://cvs.forge.objectweb.org/cgi-bin/viewcvs.cgi/asm/asm/],
asm-parent,3.0,asm,central-proxy,https://repository.sonatype.org/service/local/artifact/maven/redirect?r=central-proxy&g=asm&a=asm-parent&v=3.0&e=pom,SCM[scm:cvs:pserver:anonymous@cvs.forge.objectweb.org:/cvsroot/asm:asm;http://cvs.forge.objectweb.org/cgi-bin/viewcvs.cgi/asm/asm/],
asm-parent,3.1,asm,central-proxy,https://repository.sonatype.org/service/local/artifact/maven/redirect?r=central-proxy&g=asm&a=asm-parent&v=3.1&e=pom,SCM[scm:cvs:pserver:anonymous@cvs.forge.objectweb.org:/cvsroot/asm:asm;http://cvs.forge.objectweb.org/cgi-bin/viewcvs.cgi/asm/asm/],
asm-tree,1.5.3,asm,central-proxy,https://repository.sonatype.org/service/local/artifact/maven/redirect?r=central-proxy&g=asm&a=asm-tree&v=1.5.3&e=pom, ,
asm-tree,2.1,asm,central-proxy,https://repository.sonatype.org/service/local/artifact/maven/redirect?r=central-proxy&g=asm&a=asm-tree&v=2.1&e=pom, ,
asm-tree,2.2,asm,central-proxy,https://repository.sonatype.org/service/local/artifact/maven/redirect?r=central-proxy&g=asm&a=asm-tree&v=2.2&e=pom, ,
asm-tree,2.2.1,asm,central-proxy,https://repository.sonatype.org/service/local/artifact/maven/redirect?r=central-proxy&g=asm&a=asm-tree&v=2.2.1&e=pom, ,
asm-tree,2.2.3,asm,central-proxy,https://repository.sonatype.org/service/local/artifact/maven/redirect?r=central-proxy&g=asm&a=asm-tree&v=2.2.3&e=pom, ,
asm-tree,20041228.180559,asm,central-proxy,https://repository.sonatype.org/service/local/artifact/maven/redirect?r=central-proxy&g=asm&a=asm-tree&v=20041228.180559&e=pom, ,
asm-tree,3.0,asm,central-proxy,https://repository.sonatype.org/service/local/artifact/maven/redirect?r=central-proxy&g=asm&a=asm-tree&v=3.0&e=pom, ,
asm-tree,3.1,asm,central-proxy,https://repository.sonatype.org/service/local/artifact/maven/redirect?r=central-proxy&g=asm&a=asm-tree&v=3.1&e=pom, ,
asm-util,1.3.4,asm,central-proxy,https://repository.sonatype.org/service/local/artifact/maven/redirect?r=central-proxy&g=asm&a=asm-util&v=1.3.4&e=pom, ,
asm-util,2.1,asm,central-proxy,https://repository.sonatype.org/service/local/artifact/maven/redirect?r=central-proxy&g=asm&a=asm-util&v=2.1&e=pom, ,
asm-util,2.2,asm,central-proxy,https://repository.sonatype.org/service/local/artifact/maven/redirect?r=central-proxy&g=asm&a=asm-util&v=2.2&e=pom, ,
asm-util,2.2.1,asm,central-proxy,https://repository.sonatype.org/service/local/artifact/maven/redirect?r=central-proxy&g=asm&a=asm-util&v=2.2.1&e=pom, ,
asm-util,2.2.3,asm,central-proxy,https://repository.sonatype.org/service/local/artifact/maven/redirect?r=central-proxy&g=asm&a=asm-util&v=2.2.3&e=pom, ,
asm-util,20041228.180559,asm,central-proxy,https://repository.sonatype.org/service/local/artifact/maven/redirect?r=central-proxy&g=asm&a=asm-util&v=20041228.180559&e=pom, ,
asm-util,3.0,asm,central-proxy,https://repository.sonatype.org/service/local/artifact/maven/redirect?r=central-proxy&g=asm&a=asm-util&v=3.0&e=pom, ,
asm-util,3.1,asm,central-proxy,https://repository.sonatype.org/service/local/artifact/maven/redirect?r=central-proxy&g=asm&a=asm-util&v=3.1&e=pom, ,
asm-xml,2.2.1,asm,central-proxy,https://repository.sonatype.org/service/local/artifact/maven/redirect?r=central-proxy&g=asm&a=asm-xml&v=2.2.1&e=pom, ,
asm-xml,3.0,asm,central-proxy,https://repository.sonatype.org/service/local/artifact/maven/redirect?r=central-proxy&g=asm&a=asm-xml&v=3.0&e=pom, ,
asm-xml,3.1,asm,central-proxy,https://repository.sonatype.org/service/local/artifact/maven/redirect?r=central-proxy&g=asm&a=asm-xml&v=3.1&e=pom, ,
asm,3.1,org.ow2.util.asm,central-proxy,https://repository.sonatype.org/service/local/artifact/maven/redirect?r=central-proxy&g=org.ow2.util.asm&a=asm&v=3.1&e=pom, ,
asm-parent,3.1,org.ow2.util.asm,central-proxy,https://repository.sonatype.org/service/local/artifact/maven/redirect?r=central-proxy&g=org.ow2.util.asm&a=asm-parent&v=3.1&e=pom,SCM[scm:cvs:pserver:anonymous@cvs.forge.objectweb.org:/cvsroot/asm:asm;http://cvs.forge.objectweb.org/cgi-bin/viewcvs.cgi/asm/asm/],
asm,3.2,asm,central-proxy,https://repository.sonatype.org/service/local/artifact/maven/redirect?r=central-proxy&g=asm&a=asm&v=3.2&e=pom, ,
asm-all,3.2,asm,central-proxy,https://repository.sonatype.org/service/local/artifact/maven/redirect?r=central-proxy&g=asm&a=asm-all&v=3.2&e=pom, ,
asm-analysis,3.2,asm,central-proxy,https://repository.sonatype.org/service/local/artifact/maven/redirect?r=central-proxy&g=asm&a=asm-analysis&v=3.2&e=pom, ,
asm-commons,3.2,asm,central-proxy,https://repository.sonatype.org/service/local/artifact/maven/redirect?r=central-proxy&g=asm&a=asm-commons&v=3.2&e=pom, ,
asm-debug-all,3.2,asm,central-proxy,https://repository.sonatype.org/service/local/artifact/maven/redirect?r=central-proxy&g=asm&a=asm-debug-all&v=3.2&e=pom, ,
asm-parent,3.2,asm,central-proxy,https://repository.sonatype.org/service/local/artifact/maven/redirect?r=central-proxy&g=asm&a=asm-parent&v=3.2&e=pom,SCM[scm:svn:svn://svn.forge.objectweb.org/svnroot/asm/tags/ASM_3_2;http://svn.forge.objectweb.org/cgi-bin/viewcvs.cgi/asm/tags/ASM_3_2/],
asm-tree,3.2,asm,central-proxy,https://repository.sonatype.org/service/local/artifact/maven/redirect?r=central-proxy&g=asm&a=asm-tree&v=3.2&e=pom, ,
asm-util,3.2,asm,central-proxy,https://repository.sonatype.org/service/local/artifact/maven/redirect?r=central-proxy&g=asm&a=asm-util&v=3.2&e=pom, ,
asm,3.3,asm,central-proxy,https://repository.sonatype.org/service/local/artifact/maven/redirect?r=central-proxy&g=asm&a=asm&v=3.3&e=pom, ,
asm-all,3.3,asm,central-proxy,https://repository.sonatype.org/service/local/artifact/maven/redirect?r=central-proxy&g=asm&a=asm-all&v=3.3&e=pom, ,
asm-analysis,3.3,asm,central-proxy,https://repository.sonatype.org/service/local/artifact/maven/redirect?r=central-proxy&g=asm&a=asm-analysis&v=3.3&e=pom, ,
asm-commons,3.3,asm,central-proxy,https://repository.sonatype.org/service/local/artifact/maven/redirect?r=central-proxy&g=asm&a=asm-commons&v=3.3&e=pom, ,
asm-debug-all,3.3,asm,central-proxy,https://repository.sonatype.org/service/local/artifact/maven/redirect?r=central-proxy&g=asm&a=asm-debug-all&v=3.3&e=pom, ,
asm-parent,3.3,asm,central-proxy,https://repository.sonatype.org/service/local/artifact/maven/redirect?r=central-proxy&g=asm&a=asm-parent&v=3.3&e=pom,SCM[scm:svn:svn://svn.forge.objectweb.org/svnroot/asm/trunk;http://svn.forge.objectweb.org/cgi-bin/viewcvs.cgi/asm/trunk/],
asm-tree,3.3,asm,central-proxy,https://repository.sonatype.org/service/local/artifact/maven/redirect?r=central-proxy&g=asm&a=asm-tree&v=3.3&e=pom, ,
asm,3.3.1,asm,central-proxy,https://repository.sonatype.org/service/local/artifact/maven/redirect?r=central-proxy&g=asm&a=asm&v=3.3.1&e=pom, ,
asm-all,3.3.1,asm,central-proxy,https://repository.sonatype.org/service/local/artifact/maven/redirect?r=central-proxy&g=asm&a=asm-all&v=3.3.1&e=pom, ,
asm-analysis,3.3.1,asm,central-proxy,https://repository.sonatype.org/service/local/artifact/maven/redirect?r=central-proxy&g=asm&a=asm-analysis&v=3.3.1&e=pom, ,
asm-commons,3.3.1,asm,central-proxy,https://repository.sonatype.org/service/local/artifact/maven/redirect?r=central-proxy&g=asm&a=asm-commons&v=3.3.1&e=pom, ,
asm-debug-all,3.3.1,asm,central-proxy,https://repository.sonatype.org/service/local/artifact/maven/redirect?r=central-proxy&g=asm&a=asm-debug-all&v=3.3.1&e=pom, ,
asm-parent,3.3.1,asm,central-proxy,https://repository.sonatype.org/service/local/artifact/maven/redirect?r=central-proxy&g=asm&a=asm-parent&v=3.3.1&e=pom,SCM[scm:svn:svn://svn.forge.objectweb.org/svnroot/asm/trunk;http://svn.forge.objectweb.org/cgi-bin/viewcvs.cgi/asm/trunk/],
asm-tree,3.3.1,asm,central-proxy,https://repository.sonatype.org/service/local/artifact/maven/redirect?r=central-proxy&g=asm&a=asm-tree&v=3.3.1&e=pom, ,
asm-util,3.3.1,asm,central-proxy,https://repository.sonatype.org/service/local/artifact/maven/redirect?r=central-proxy&g=asm&a=asm-util&v=3.3.1&e=pom, ,
asmock,0.9,net.sf.asmock,central-proxy,https://repository.sonatype.org/service/local/artifact/maven/redirect?r=central-proxy&g=net.sf.asmock&a=asmock&v=0.9&e=pom, ,
asmock-flexunit1,0.9,net.sf.asmock,central-proxy,https://repository.sonatype.org/service/local/artifact/maven/redirect?r=central-proxy&g=net.sf.asmock&a=asmock-flexunit1&v=0.9&e=pom, ,
asm-all,2.1,asm,central-proxy,https://repository.sonatype.org/service/local/artifact/maven/redirect?r=central-proxy&g=asm&a=asm-all&v=2.1&e=pom, ,
asm-all,2.2,asm,central-proxy,https://repository.sonatype.org/service/local/artifact/maven/redirect?r=central-proxy&g=asm&a=asm-all&v=2.2&e=pom, ,
asm-all,20070324,asm,central-proxy,https://repository.sonatype.org/service/local/artifact/maven/redirect?r=central-proxy&g=asm&a=asm-all&v=20070324&e=pom, ,
asm-all,3.0,asm,central-proxy,https://repository.sonatype.org/service/local/artifact/maven/redirect?r=central-proxy&g=asm&a=asm-all&v=3.0&e=pom, ,
asm,1.3.4,asm,central-proxy,https://repository.sonatype.org/service/local/artifact/maven/redirect?r=central-proxy&g=asm&a=asm&v=1.3.4&e=pom, ,
asm,1.3.5,asm,central-proxy,https://repository.sonatype.org/service/local/artifact/maven/redirect?r=central-proxy&g=asm&a=asm&v=1.3.5&e=pom, ,
asm,1.4,asm,central-proxy,https://repository.sonatype.org/service/local/artifact/maven/redirect?r=central-proxy&g=asm&a=asm&v=1.4&e=pom, ,
asm,1.4.1,asm,central-proxy,https://repository.sonatype.org/service/local/artifact/maven/redirect?r=central-proxy&g=asm&a=asm&v=1.4.1&e=pom, ,
asm,1.4.2,asm,central-proxy,https://repository.sonatype.org/service/local/artifact/maven/redirect?r=central-proxy&g=asm&a=asm&v=1.4.2&e=pom, ,
asm,1.4.4,asm,central-proxy,https://repository.sonatype.org/service/local/artifact/maven/redirect?r=central-proxy&g=asm&a=asm&v=1.4.4&e=pom, ,
asm,1.5.2,asm,central-proxy,https://repository.sonatype.org/service/local/artifact/maven/redirect?r=central-proxy&g=asm&a=asm&v=1.5.2&e=pom, ,
asm,2.0,asm,central-proxy,https://repository.sonatype.org/service/local/artifact/maven/redirect?r=central-proxy&g=asm&a=asm&v=2.0&e=pom, ,
asm,3.0_RC1,asm,central-proxy,https://repository.sonatype.org/service/local/artifact/maven/redirect?r=central-proxy&g=asm&a=asm&v=3.0_RC1&e=pom, ,
asm-all,3.0_RC1,asm,central-proxy,https://repository.sonatype.org/service/local/artifact/maven/redirect?r=central-proxy&g=asm&a=asm-all&v=3.0_RC1&e=pom, ,
asm-commons,2.0,asm,central-proxy,https://repository.sonatype.org/service/local/artifact/maven/redirect?r=central-proxy&g=asm&a=asm-commons&v=2.0&e=pom, ,
asm-commons,2.2,asm,central-proxy,https://repository.sonatype.org/service/local/artifact/maven/redirect?r=central-proxy&g=asm&a=asm-commons&v=2.2&e=pom, ,
asm-commons,3.0_RC1,asm,central-proxy,https://repository.sonatype.org/service/local/artifact/maven/redirect?r=central-proxy&g=asm&a=asm-commons&v=3.0_RC1&e=pom, ,
asm-parent,3.0_RC1,asm,central-proxy,https://repository.sonatype.org/service/local/artifact/maven/redirect?r=central-proxy&g=asm&a=asm-parent&v=3.0_RC1&e=pom,SCM[scm:cvs:pserver:anonymous@cvs.forge.objectweb.org:/cvsroot/asm:asm;http://cvs.forge.objectweb.org/cgi-bin/viewcvs.cgi/asm/asm/],
asm-pom,1.5.1,asm,central-proxy,https://repository.sonatype.org/service/local/artifact/maven/redirect?r=central-proxy&g=asm&a=asm-pom&v=1.5.1&e=pom, ,
asm-tree,1.3.5,asm,central-proxy,https://repository.sonatype.org/service/local/artifact/maven/redirect?r=central-proxy&g=asm&a=asm-tree&v=1.3.5&e=pom, ,
asm-tree,1.5.1,asm,central-proxy,https://repository.sonatype.org/service/local/artifact/maven/redirect?r=central-proxy&g=asm&a=asm-tree&v=1.5.1&e=pom, ,
asm-tree,1.5.2,asm,central-proxy,https://repository.sonatype.org/service/local/artifact/maven/redirect?r=central-proxy&g=asm&a=asm-tree&v=1.5.2&e=pom, ,
asm-tree,2.0,asm,central-proxy,https://repository.sonatype.org/service/local/artifact/maven/redirect?r=central-proxy&g=asm&a=asm-tree&v=2.0&e=pom, ,
asm-tree,3.0_RC1,asm,central-proxy,https://repository.sonatype.org/service/local/artifact/maven/redirect?r=central-proxy&g=asm&a=asm-tree&v=3.0_RC1&e=pom, ,
asm-util,1.3.5,asm,central-proxy,https://repository.sonatype.org/service/local/artifact/maven/redirect?r=central-proxy&g=asm&a=asm-util&v=1.3.5&e=pom, ,
asm-util,1.4.1,asm,central-proxy,https://repository.sonatype.org/service/local/artifact/maven/redirect?r=central-proxy&g=asm&a=asm-util&v=1.4.1&e=pom, ,
asm-util,1.4.3,asm,central-proxy,https://repository.sonatype.org/service/local/artifact/maven/redirect?r=central-proxy&g=asm&a=asm-util&v=1.4.3&e=pom, ,
asm-util,1.5.1,asm,central-proxy,https://repository.sonatype.org/service/local/artifact/maven/redirect?r=central-proxy&g=asm&a=asm-util&v=1.5.1&e=pom, ,
asm-util,1.5.2,asm,central-proxy,https://repository.sonatype.org/service/local/artifact/maven/redirect?r=central-proxy&g=asm&a=asm-util&v=1.5.2&e=pom, ,
asm-util,1.5.3,asm,central-proxy,https://repository.sonatype.org/service/local/artifact/maven/redirect?r=central-proxy&g=asm&a=asm-util&v=1.5.3&e=pom, ,
asm-util,2.0,asm,central-proxy,https://repository.sonatype.org/service/local/artifact/maven/redirect?r=central-proxy&g=asm&a=asm-util&v=2.0&e=pom, ,
asm-util,3.0_RC1,asm,central-proxy,https://repository.sonatype.org/service/local/artifact/maven/redirect?r=central-proxy&g=asm&a=asm-util&v=3.0_RC1&e=pom, ,
asm-xml,1.5.1,asm,central-proxy,https://repository.sonatype.org/service/local/artifact/maven/redirect?r=central-proxy&g=asm&a=asm-xml&v=1.5.1&e=pom, ,
asm-xml,1.5.2,asm,central-proxy,https://repository.sonatype.org/service/local/artifact/maven/redirect?r=central-proxy&g=asm&a=asm-xml&v=1.5.2&e=pom, ,
asm-xml,1.5.3,asm,central-proxy,https://repository.sonatype.org/service/local/artifact/maven/redirect?r=central-proxy&g=asm&a=asm-xml&v=1.5.3&e=pom, ,
asm-xml,2.0,asm,central-proxy,https://repository.sonatype.org/service/local/artifact/maven/redirect?r=central-proxy&g=asm&a=asm-xml&v=2.0&e=pom, ,
asm-xml,2.1,asm,central-proxy,https://repository.sonatype.org/service/local/artifact/maven/redirect?r=central-proxy&g=asm&a=asm-xml&v=2.1&e=pom, ,
asm-xml,2.2,asm,central-proxy,https://repository.sonatype.org/service/local/artifact/maven/redirect?r=central-proxy&g=asm&a=asm-xml&v=2.2&e=pom, ,
asm-xml,2.2.3,asm,central-proxy,https://repository.sonatype.org/service/local/artifact/maven/redirect?r=central-proxy&g=asm&a=asm-xml&v=2.2.3&e=pom, ,
asm-xml,20041228.180559,asm,central-proxy,https://repository.sonatype.org/service/local/artifact/maven/redirect?r=central-proxy&g=asm&a=asm-xml&v=20041228.180559&e=pom, ,
asm-xml,3.0_RC1,asm,central-proxy,https://repository.sonatype.org/service/local/artifact/maven/redirect?r=central-proxy&g=asm&a=asm-xml&v=3.0_RC1&e=pom, ,
asm,3.1,org.ow2.jonas.asm,central-proxy,https://repository.sonatype.org/service/local/artifact/maven/redirect?r=central-proxy&g=org.ow2.jonas.asm&a=asm&v=3.1&e=pom, ,
asm-commons,3.1,org.ow2.util.asm,central-proxy,https://repository.sonatype.org/service/local/artifact/maven/redirect?r=central-proxy&g=org.ow2.util.asm&a=asm-commons&v=3.1&e=pom, ,
asm-tree,3.1,org.ow2.util.asm,central-proxy,https://repository.sonatype.org/service/local/artifact/maven/redirect?r=central-proxy&g=org.ow2.util.asm&a=asm-tree&v=3.1&e=pom, ,
asm-xml,3.2,asm,central-proxy,https://repository.sonatype.org/service/local/artifact/maven/redirect?r=central-proxy&g=asm&a=asm-xml&v=3.2&e=pom, ,
asm-util,3.3,asm,central-proxy,https://repository.sonatype.org/service/local/artifact/maven/redirect?r=central-proxy&g=asm&a=asm-util&v=3.3&e=pom, ,
asm-xml,3.3,asm,central-proxy,https://repository.sonatype.org/service/local/artifact/maven/redirect?r=central-proxy&g=asm&a=asm-xml&v=3.3&e=pom, ,
asm-xml,3.3.1,asm,central-proxy,https://repository.sonatype.org/service/local/artifact/maven/redirect?r=central-proxy&g=asm&a=asm-xml&v=3.3.1&e=pom, ,
asn1,0.3.3,directory-asn1,central-proxy,https://repository.sonatype.org/service/local/artifact/maven/redirect?r=central-proxy&g=directory-asn1&a=asn1&v=0.3.3&e=pom,SCM[scm:svn:http://svn.apache.org/repos/asf/directory:asn1/trunk/;http://svn.apache.org/viewcvs.cgi/directory/asn1/trunk//?root=Apache-SVN],
asn1-ber,0.3,directory-asn1,central-proxy,https://repository.sonatype.org/service/local/artifact/maven/redirect?r=central-proxy&g=directory-asn1&a=asn1-ber&v=0.3&e=pom, ,
asn1-ber,0.3.2,directory-asn1,central-proxy,https://repository.sonatype.org/service/local/artifact/maven/redirect?r=central-proxy&g=directory-asn1&a=asn1-ber&v=0.3.2&e=pom, ,
asn1-ber,0.3.3,directory-asn1,central-proxy,https://repository.sonatype.org/service/local/artifact/maven/redirect?r=central-proxy&g=directory-asn1&a=asn1-ber&v=0.3.3&e=pom, ,
asn1-codec,0.3,directory-asn1,central-proxy,https://repository.sonatype.org/service/local/artifact/maven/redirect?r=central-proxy&g=directory-asn1&a=asn1-codec&v=0.3&e=pom, ,
asn1-codec,0.3.2,directory-asn1,central-proxy,https://repository.sonatype.org/service/local/artifact/maven/redirect?r=central-proxy&g=directory-asn1&a=asn1-codec&v=0.3.2&e=pom, ,
asn1-codec,0.3.3,directory-asn1,central-proxy,https://repository.sonatype.org/service/local/artifact/maven/redirect?r=central-proxy&g=directory-asn1&a=asn1-codec&v=0.3.3&e=pom, ,
asn1-der,0.3,directory-asn1,central-proxy,https://repository.sonatype.org/service/local/artifact/maven/redirect?r=central-proxy&g=directory-asn1&a=asn1-der&v=0.3&e=pom, ,
asn1-der,0.3.2,directory-asn1,central-proxy,https://repository.sonatype.org/service/local/artifact/maven/redirect?r=central-proxy&g=directory-asn1&a=asn1-der&v=0.3.2&e=pom, ,
asn1-der,0.3.3,directory-asn1,central-proxy,https://repository.sonatype.org/service/local/artifact/maven/redirect?r=central-proxy&g=directory-asn1&a=asn1-der&v=0.3.3&e=pom, ,
asn1-new-ber,0.3.3,directory-asn1,central-proxy,https://repository.sonatype.org/service/local/artifact/maven/redirect?r=central-proxy&g=directory-asn1&a=asn1-new-ber&v=0.3.3&e=pom, ,
asn-parent,1.0.0.BETA4,org.mobicents.protocols.asn,jboss-releases,https://repository.sonatype.org/service/local/artifact/maven/redirect?r=jboss-releases&g=org.mobicents.protocols.asn&a=asn-parent&v=1.0.0.BETA4&e=pom,SCM[scm:svn:https://mobicents.googlecode.com/svn/tags/protocols/asn/asn-1.0.0.BETA4;http://mobicents.googlecode.com/svn/tags/protocols/asn/asn-1.0.0.BETA4],
asn-parent,1.0.0.BETA3,org.mobicents.protocols.asn,jboss-releases,https://repository.sonatype.org/service/local/artifact/maven/redirect?r=jboss-releases&g=org.mobicents.protocols.asn&a=asn-parent&v=1.0.0.BETA3&e=pom,SCM[scm:svn:https://mobicents.googlecode.com/svn/tags/protocols/asn/asn-1.0.0.BETA3;http://mobicents.googlecode.com/svn/tags/protocols/asn/asn-1.0.0.BETA3],
asn-parent,1.0.0.BETA2,org.mobicents.protocols.asn,jboss-releases,https://repository.sonatype.org/service/local/artifact/maven/redirect?r=jboss-releases&g=org.mobicents.protocols.asn&a=asn-parent&v=1.0.0.BETA2&e=pom,SCM[scm:svn:https://mobicents.googlecode.com/svn/tags/protocols/asn/asn-1.0.0.BETA2;http://mobicents.googlecode.com/svn/tags/protocols/asn/asn-1.0.0.BETA2],
asn,1.0.0.BETA4,org.mobicents.protocols.asn,jboss-releases,https://repository.sonatype.org/service/local/artifact/maven/redirect?r=jboss-releases&g=org.mobicents.protocols.asn&a=asn&v=1.0.0.BETA4&e=pom, ,
asn,1.0.0.BETA3,org.mobicents.protocols.asn,jboss-releases,https://repository.sonatype.org/service/local/artifact/maven/redirect?r=jboss-releases&g=org.mobicents.protocols.asn&a=asn&v=1.0.0.BETA3&e=pom, ,
asn,1.0.0.BETA2,org.mobicents.protocols.asn,jboss-releases,https://repository.sonatype.org/service/local/artifact/maven/redirect?r=jboss-releases&g=org.mobicents.protocols.asn&a=asn&v=1.0.0.BETA2&e=pom, ,
asn,1.0.0.BETA1,org.mobicents.protocols.asn,jboss-releases,https://repository.sonatype.org/service/local/artifact/maven/redirect?r=jboss-releases&g=org.mobicents.protocols.asn&a=asn&v=1.0.0.BETA1&e=pom,SCM[scm:svn:https://mobicents.googlecode.com/svn/tags/protocols/asn/asn-1.0.0.BETA1;http://mobicents.googlecode.com/svn/tags/protocols/asn/asn-1.0.0.BETA1],
aspectjweaver,1.6.11.M2,org.aspectj,third-party,https://repository.sonatype.org/service/local/artifact/maven/redirect?r=third-party&g=org.aspectj&a=aspectjweaver&v=1.6.11.M2&e=pom, ,
aspectjweaver,1.6.11,org.aspectj,third-party,https://repository.sonatype.org/service/local/artifact/maven/redirect?r=third-party&g=org.aspectj&a=aspectjweaver&v=1.6.11&e=pom, ,
aspectjtools,1.6.11.M2,org.aspectj,third-party,https://repository.sonatype.org/service/local/artifact/maven/redirect?r=third-party&g=org.aspectj&a=aspectjtools&v=1.6.11.M2&e=pom, ,
aspectjtools,1.6.11,org.aspectj,third-party,https://repository.sonatype.org/service/local/artifact/maven/redirect?r=third-party&g=org.aspectj&a=aspectjtools&v=1.6.11&e=pom, ,
aspectjrt,1.6.11.M2,org.aspectj,third-party,https://repository.sonatype.org/service/local/artifact/maven/redirect?r=third-party&g=org.aspectj&a=aspectjrt&v=1.6.11.M2&e=pom, ,
aspectjrt,1.6.11,org.aspectj,third-party,https://repository.sonatype.org/service/local/artifact/maven/redirect?r=third-party&g=org.aspectj&a=aspectjrt&v=1.6.11&e=pom, ,
aspectjmatcher,1.6.11.M2,org.aspectj,third-party,https://repository.sonatype.org/service/local/artifact/maven/redirect?r=third-party&g=org.aspectj&a=aspectjmatcher&v=1.6.11.M2&e=pom, ,
aspectjmatcher,1.6.11,org.aspectj,third-party,https://repository.sonatype.org/service/local/artifact/maven/redirect?r=third-party&g=org.aspectj&a=aspectjmatcher&v=1.6.11&e=pom, ,
aspectjlib,1.5.0,aspectj,central-proxy,https://repository.sonatype.org/service/local/artifact/maven/redirect?r=central-proxy&g=aspectj&a=aspectjlib&v=1.5.0&e=pom, ,
aspectjlib,1.5.0_M5,aspectj,central-proxy,https://repository.sonatype.org/service/local/artifact/maven/redirect?r=central-proxy&g=aspectj&a=aspectjlib&v=1.5.0_M5&e=pom, ,
aspectjlib,1.5.0_RC1,aspectj,central-proxy,https://repository.sonatype.org/service/local/artifact/maven/redirect?r=central-proxy&g=aspectj&a=aspectjlib&v=1.5.0_RC1&e=pom, ,
aspectjlib,1.5.2,aspectj,central-proxy,https://repository.sonatype.org/service/local/artifact/maven/redirect?r=central-proxy&g=aspectj&a=aspectjlib&v=1.5.2&e=pom, ,
aspectjlib,1.5.2a,aspectj,central-proxy,https://repository.sonatype.org/service/local/artifact/maven/redirect?r=central-proxy&g=aspectj&a=aspectjlib&v=1.5.2a&e=pom, ,
aspectjlib,1.5.3,aspectj,central-proxy,https://repository.sonatype.org/service/local/artifact/maven/redirect?r=central-proxy&g=aspectj&a=aspectjlib&v=1.5.3&e=pom, ,
aspectjrt,1.0.5,aspectj,central-proxy,https://repository.sonatype.org/service/local/artifact/maven/redirect?r=central-proxy&g=aspectj&a=aspectjrt&v=1.0.5&e=pom, ,
aspectjrt,1.0.6,aspectj,central-proxy,https://repository.sonatype.org/service/local/artifact/maven/redirect?r=central-proxy&g=aspectj&a=aspectjrt&v=1.0.6&e=pom, ,
aspectjrt,1.1.0,aspectj,central-proxy,https://repository.sonatype.org/service/local/artifact/maven/redirect?r=central-proxy&g=aspectj&a=aspectjrt&v=1.1.0&e=pom, ,
aspectjrt,1.1.1,aspectj,central-proxy,https://repository.sonatype.org/service/local/artifact/maven/redirect?r=central-proxy&g=aspectj&a=aspectjrt&v=1.1.1&e=pom, ,
aspectjrt,1.2,aspectj,central-proxy,https://repository.sonatype.org/service/local/artifact/maven/redirect?r=central-proxy&g=aspectj&a=aspectjrt&v=1.2&e=pom,SCM[scm:cvs:pserver:anonymous@dev.eclipse.org:/home/technology:org.aspectj;http://dev.eclipse.org/viewcvs/index.cgi?cvsroot=Technology_Project],
aspectjrt,1.2.1,aspectj,central-proxy,https://repository.sonatype.org/service/local/artifact/maven/redirect?r=central-proxy&g=aspectj&a=aspectjrt&v=1.2.1&e=pom,SCM[scm:cvs:pserver:anonymous@dev.eclipse.org:/home/technology:org.aspectj;http://dev.eclipse.org/viewcvs/index.cgi?cvsroot=Technology_Project],
aspectjrt,1.2.1rc1,aspectj,central-proxy,https://repository.sonatype.org/service/local/artifact/maven/redirect?r=central-proxy&g=aspectj&a=aspectjrt&v=1.2.1rc1&e=pom,SCM[scm:cvs:pserver:anonymous@dev.eclipse.org:/home/technology:org.aspectj;http://dev.eclipse.org/viewcvs/index.cgi?cvsroot=Technology_Project],
aspectjrt,1.2rc1,aspectj,central-proxy,https://repository.sonatype.org/service/local/artifact/maven/redirect?r=central-proxy&g=aspectj&a=aspectjrt&v=1.2rc1&e=pom, ,
aspectjrt,1.5.0,aspectj,central-proxy,https://repository.sonatype.org/service/local/artifact/maven/redirect?r=central-proxy&g=aspectj&a=aspectjrt&v=1.5.0&e=pom, ,
aspectjrt,1.5.0_M5,aspectj,central-proxy,https://repository.sonatype.org/service/local/artifact/maven/redirect?r=central-proxy&g=aspectj&a=aspectjrt&v=1.5.0_M5&e=pom, ,
aspectjrt,1.5.0_RC1,aspectj,central-proxy,https://repository.sonatype.org/service/local/artifact/maven/redirect?r=central-proxy&g=aspectj&a=aspectjrt&v=1.5.0_RC1&e=pom, ,
aspectjrt,1.5.2,aspectj,central-proxy,https://repository.sonatype.org/service/local/artifact/maven/redirect?r=central-proxy&g=aspectj&a=aspectjrt&v=1.5.2&e=pom, ,
aspectjrt,1.5.2a,aspectj,central-proxy,https://repository.sonatype.org/service/local/artifact/maven/redirect?r=central-proxy&g=aspectj&a=aspectjrt&v=1.5.2a&e=pom, ,
aspectjrt,1.5.3,aspectj,central-proxy,https://repository.sonatype.org/service/local/artifact/maven/redirect?r=central-proxy&g=aspectj&a=aspectjrt&v=1.5.3&e=pom, ,
aspectjrt,1.5.4,aspectj,central-proxy,https://repository.sonatype.org/service/local/artifact/maven/redirect?r=central-proxy&g=aspectj&a=aspectjrt&v=1.5.4&e=pom, ,
aspectjtools,1.1.0,aspectj,central-proxy,https://repository.sonatype.org/service/local/artifact/maven/redirect?r=central-proxy&g=aspectj&a=aspectjtools&v=1.1.0&e=pom, ,
aspectjtools,1.1.1,aspectj,central-proxy,https://repository.sonatype.org/service/local/artifact/maven/redirect?r=central-proxy&g=aspectj&a=aspectjtools&v=1.1.1&e=pom, ,
aspectjtools,1.2,aspectj,central-proxy,https://repository.sonatype.org/service/local/artifact/maven/redirect?r=central-proxy&g=aspectj&a=aspectjtools&v=1.2&e=pom,SCM[scm:cvs:pserver:anonymous@dev.eclipse.org:/home/technology:org.aspectj;http://dev.eclipse.org/viewcvs/index.cgi?cvsroot=Technology_Project],
aspectjtools,1.2.1,aspectj,central-proxy,https://repository.sonatype.org/service/local/artifact/maven/redirect?r=central-proxy&g=aspectj&a=aspectjtools&v=1.2.1&e=pom,SCM[scm:cvs:pserver:anonymous@dev.eclipse.org:/home/technology:org.aspectj;http://dev.eclipse.org/viewcvs/index.cgi?cvsroot=Technology_Project],
aspectjtools,1.2.1rc1,aspectj,central-proxy,https://repository.sonatype.org/service/local/artifact/maven/redirect?r=central-proxy&g=aspectj&a=aspectjtools&v=1.2.1rc1&e=pom,SCM[scm:cvs:pserver:anonymous@dev.eclipse.org:/home/technology:org.aspectj;http://dev.eclipse.org/viewcvs/index.cgi?cvsroot=Technology_Project],
aspectjtools,1.2rc1,aspectj,central-proxy,https://repository.sonatype.org/service/local/artifact/maven/redirect?r=central-proxy&g=aspectj&a=aspectjtools&v=1.2rc1&e=pom, ,
aspectjtools,1.5.0,aspectj,central-proxy,https://repository.sonatype.org/service/local/artifact/maven/redirect?r=central-proxy&g=aspectj&a=aspectjtools&v=1.5.0&e=pom, ,
aspectjtools,1.5.0_M5,aspectj,central-proxy,https://repository.sonatype.org/service/local/artifact/maven/redirect?r=central-proxy&g=aspectj&a=aspectjtools&v=1.5.0_M5&e=pom, ,
aspectjtools,1.5.0_RC1,aspectj,central-proxy,https://repository.sonatype.org/service/local/artifact/maven/redirect?r=central-proxy&g=aspectj&a=aspectjtools&v=1.5.0_RC1&e=pom, ,
aspectjtools,1.5.1a,aspectj,central-proxy,https://repository.sonatype.org/service/local/artifact/maven/redirect?r=central-proxy&g=aspectj&a=aspectjtools&v=1.5.1a&e=pom, ,
aspectjtools,1.5.2,aspectj,central-proxy,https://repository.sonatype.org/service/local/artifact/maven/redirect?r=central-proxy&g=aspectj&a=aspectjtools&v=1.5.2&e=pom, ,
aspectjtools,1.5.2a,aspectj,central-proxy,https://repository.sonatype.org/service/local/artifact/maven/redirect?r=central-proxy&g=aspectj&a=aspectjtools&v=1.5.2a&e=pom, ,
aspectjtools,1.5.3,aspectj,central-proxy,https://repository.sonatype.org/service/local/artifact/maven/redirect?r=central-proxy&g=aspectj&a=aspectjtools&v=1.5.3&e=pom, ,
aspectjtools,1.5.4,aspectj,central-proxy,https://repository.sonatype.org/service/local/artifact/maven/redirect?r=central-proxy&g=aspectj&a=aspectjtools&v=1.5.4&e=pom, ,
aspectjweaver,1.5.0,aspectj,central-proxy,https://repository.sonatype.org/service/local/artifact/maven/redirect?r=central-proxy&g=aspectj&a=aspectjweaver&v=1.5.0&e=pom, ,
aspectjweaver,1.5.0_M5,aspectj,central-proxy,https://repository.sonatype.org/service/local/artifact/maven/redirect?r=central-proxy&g=aspectj&a=aspectjweaver&v=1.5.0_M5&e=pom, ,
aspectjweaver,1.5.0_RC1,aspectj,central-proxy,https://repository.sonatype.org/service/local/artifact/maven/redirect?r=central-proxy&g=aspectj&a=aspectjweaver&v=1.5.0_RC1&e=pom, ,
aspectjweaver,1.5.2,aspectj,central-proxy,https://repository.sonatype.org/service/local/artifact/maven/redirect?r=central-proxy&g=aspectj&a=aspectjweaver&v=1.5.2&e=pom, ,
aspectjweaver,1.5.2a,aspectj,central-proxy,https://repository.sonatype.org/service/local/artifact/maven/redirect?r=central-proxy&g=aspectj&a=aspectjweaver&v=1.5.2a&e=pom, ,
aspectjweaver,1.5.3,aspectj,central-proxy,https://repository.sonatype.org/service/local/artifact/maven/redirect?r=central-proxy&g=aspectj&a=aspectjweaver&v=1.5.3&e=pom, ,
aspectjweaver,1.5.4,aspectj,central-proxy,https://repository.sonatype.org/service/local/artifact/maven/redirect?r=central-proxy&g=aspectj&a=aspectjweaver&v=1.5.4&e=pom, ,
aspectwerkz,0.10,aspectwerkz,central-proxy,https://repository.sonatype.org/service/local/artifact/maven/redirect?r=central-proxy&g=aspectwerkz&a=aspectwerkz&v=0.10&e=pom, ,
aspectwerkz,0.10.RC1,aspectwerkz,central-proxy,https://repository.sonatype.org/service/local/artifact/maven/redirect?r=central-proxy&g=aspectwerkz&a=aspectwerkz&v=0.10.RC1&e=pom, ,
aspectwerkz,0.10.RC2,aspectwerkz,central-proxy,https://repository.sonatype.org/service/local/artifact/maven/redirect?r=central-proxy&g=aspectwerkz&a=aspectwerkz&v=0.10.RC2&e=pom, ,
aspectwerkz,0.8,aspectwerkz,central-proxy,https://repository.sonatype.org/service/local/artifact/maven/redirect?r=central-proxy&g=aspectwerkz&a=aspectwerkz&v=0.8&e=pom, ,
aspectwerkz,0.8.1,aspectwerkz,central-proxy,https://repository.sonatype.org/service/local/artifact/maven/redirect?r=central-proxy&g=aspectwerkz&a=aspectwerkz&v=0.8.1&e=pom, ,
aspectwerkz,0.9,aspectwerkz,central-proxy,https://repository.sonatype.org/service/local/artifact/maven/redirect?r=central-proxy&g=aspectwerkz&a=aspectwerkz&v=0.9&e=pom, ,
aspectwerkz,0.9.RC1,aspectwerkz,central-proxy,https://repository.sonatype.org/service/local/artifact/maven/redirect?r=central-proxy&g=aspectwerkz&a=aspectwerkz&v=0.9.RC1&e=pom, ,
aspectwerkz,0.9.RC2.dev.20040125,aspectwerkz,central-proxy,https://repository.sonatype.org/service/local/artifact/maven/redirect?r=central-proxy&g=aspectwerkz&a=aspectwerkz&v=0.9.RC2.dev.20040125&e=pom, ,
aspectwerkz,1.0,aspectwerkz,central-proxy,https://repository.sonatype.org/service/local/artifact/maven/redirect?r=central-proxy&g=aspectwerkz&a=aspectwerkz&v=1.0&e=pom, ,
aspectwerkz,1.0-beta1,aspectwerkz,central-proxy,https://repository.sonatype.org/service/local/artifact/maven/redirect?r=central-proxy&g=aspectwerkz&a=aspectwerkz&v=1.0-beta1&e=pom, ,
aspectwerkz,1.0-beta2,aspectwerkz,central-proxy,https://repository.sonatype.org/service/local/artifact/maven/redirect?r=central-proxy&g=aspectwerkz&a=aspectwerkz&v=1.0-beta2&e=pom, ,
aspectwerkz,1.0.RC1,aspectwerkz,central-proxy,https://repository.sonatype.org/service/local/artifact/maven/redirect?r=central-proxy&g=aspectwerkz&a=aspectwerkz&v=1.0.RC1&e=pom, ,
aspectwerkz,1.0.RC2,aspectwerkz,central-proxy,https://repository.sonatype.org/service/local/artifact/maven/redirect?r=central-proxy&g=aspectwerkz&a=aspectwerkz&v=1.0.RC2&e=pom, ,
aspectwerkz,1.0.RC3,aspectwerkz,central-proxy,https://repository.sonatype.org/service/local/artifact/maven/redirect?r=central-proxy&g=aspectwerkz&a=aspectwerkz&v=1.0.RC3&e=pom, ,
aspectwerkz,1.1,aspectwerkz,central-proxy,https://repository.sonatype.org/service/local/artifact/maven/redirect?r=central-proxy&g=aspectwerkz&a=aspectwerkz&v=1.1&e=pom, ,
aspectwerkz,2.0,aspectwerkz,central-proxy,https://repository.sonatype.org/service/local/artifact/maven/redirect?r=central-proxy&g=aspectwerkz&a=aspectwerkz&v=2.0&e=pom, ,
aspectwerkz,2.0.RC1,aspectwerkz,central-proxy,https://repository.sonatype.org/service/local/artifact/maven/redirect?r=central-proxy&g=aspectwerkz&a=aspectwerkz&v=2.0.RC1&e=pom, ,
aspectwerkz,2.0.RC2,aspectwerkz,central-proxy,https://repository.sonatype.org/service/local/artifact/maven/redirect?r=central-proxy&g=aspectwerkz&a=aspectwerkz&v=2.0.RC2&e=pom, ,
aspectwerkz,2.0.RC3,aspectwerkz,central-proxy,https://repository.sonatype.org/service/local/artifact/maven/redirect?r=central-proxy&g=aspectwerkz&a=aspectwerkz&v=2.0.RC3&e=pom, ,
aspectwerkz-core,0.10,aspectwerkz,central-proxy,https://repository.sonatype.org/service/local/artifact/maven/redirect?r=central-proxy&g=aspectwerkz&a=aspectwerkz-core&v=0.10&e=pom, ,
aspectwerkz-core,0.10.RC1,aspectwerkz,central-proxy,https://repository.sonatype.org/service/local/artifact/maven/redirect?r=central-proxy&g=aspectwerkz&a=aspectwerkz-core&v=0.10.RC1&e=pom, ,
aspectwerkz-core,0.10.RC2,aspectwerkz,central-proxy,https://repository.sonatype.org/service/local/artifact/maven/redirect?r=central-proxy&g=aspectwerkz&a=aspectwerkz-core&v=0.10.RC2&e=pom, ,
aspectwerkz-core,0.8,aspectwerkz,central-proxy,https://repository.sonatype.org/service/local/artifact/maven/redirect?r=central-proxy&g=aspectwerkz&a=aspectwerkz-core&v=0.8&e=pom, ,
aspectwerkz-core,0.8.1,aspectwerkz,central-proxy,https://repository.sonatype.org/service/local/artifact/maven/redirect?r=central-proxy&g=aspectwerkz&a=aspectwerkz-core&v=0.8.1&e=pom, ,
aspectwerkz-core,0.9,aspectwerkz,central-proxy,https://repository.sonatype.org/service/local/artifact/maven/redirect?r=central-proxy&g=aspectwerkz&a=aspectwerkz-core&v=0.9&e=pom, ,
aspectwerkz-core,0.9.RC1,aspectwerkz,central-proxy,https://repository.sonatype.org/service/local/artifact/maven/redirect?r=central-proxy&g=aspectwerkz&a=aspectwerkz-core&v=0.9.RC1&e=pom, ,
aspectwerkz-core,0.9.RC2.dev.20040125,aspectwerkz,central-proxy,https://repository.sonatype.org/service/local/artifact/maven/redirect?r=central-proxy&g=aspectwerkz&a=aspectwerkz-core&v=0.9.RC2.dev.20040125&e=pom, ,
aspectwerkz-core,1.0,aspectwerkz,central-proxy,https://repository.sonatype.org/service/local/artifact/maven/redirect?r=central-proxy&g=aspectwerkz&a=aspectwerkz-core&v=1.0&e=pom, ,
aspectwerkz-core,1.0-beta1,aspectwerkz,central-proxy,https://repository.sonatype.org/service/local/artifact/maven/redirect?r=central-proxy&g=aspectwerkz&a=aspectwerkz-core&v=1.0-beta1&e=pom, ,
aspectwerkz-core,1.0-beta2,aspectwerkz,central-proxy,https://repository.sonatype.org/service/local/artifact/maven/redirect?r=central-proxy&g=aspectwerkz&a=aspectwerkz-core&v=1.0-beta2&e=pom, ,
aspectwerkz-core,1.0.RC1,aspectwerkz,central-proxy,https://repository.sonatype.org/service/local/artifact/maven/redirect?r=central-proxy&g=aspectwerkz&a=aspectwerkz-core&v=1.0.RC1&e=pom, ,
aspectwerkz-core,1.0.RC2,aspectwerkz,central-proxy,https://repository.sonatype.org/service/local/artifact/maven/redirect?r=central-proxy&g=aspectwerkz&a=aspectwerkz-core&v=1.0.RC2&e=pom, ,
aspectwerkz-core,1.0.RC3,aspectwerkz,central-proxy,https://repository.sonatype.org/service/local/artifact/maven/redirect?r=central-proxy&g=aspectwerkz&a=aspectwerkz-core&v=1.0.RC3&e=pom, ,
aspectwerkz-core,1.1,aspectwerkz,central-proxy,https://repository.sonatype.org/service/local/artifact/maven/redirect?r=central-proxy&g=aspectwerkz&a=aspectwerkz-core&v=1.1&e=pom, ,
aspectwerkz-core,2.0,aspectwerkz,central-proxy,https://repository.sonatype.org/service/local/artifact/maven/redirect?r=central-proxy&g=aspectwerkz&a=aspectwerkz-core&v=2.0&e=pom, ,
aspectwerkz-core,2.0.RC1,aspectwerkz,central-proxy,https://repository.sonatype.org/service/local/artifact/maven/redirect?r=central-proxy&g=aspectwerkz&a=aspectwerkz-core&v=2.0.RC1&e=pom, ,
aspectwerkz-core,2.0.RC2,aspectwerkz,central-proxy,https://repository.sonatype.org/service/local/artifact/maven/redirect?r=central-proxy&g=aspectwerkz&a=aspectwerkz-core&v=2.0.RC2&e=pom, ,
aspectwerkz-core,2.0.RC3,aspectwerkz,central-proxy,https://repository.sonatype.org/service/local/artifact/maven/redirect?r=central-proxy&g=aspectwerkz&a=aspectwerkz-core&v=2.0.RC3&e=pom, ,
aspectwerkz-extensions,0.10,aspectwerkz,central-proxy,https://repository.sonatype.org/service/local/artifact/maven/redirect?r=central-proxy&g=aspectwerkz&a=aspectwerkz-extensions&v=0.10&e=pom, ,
aspectwerkz-extensions,0.10.RC1,aspectwerkz,central-proxy,https://repository.sonatype.org/service/local/artifact/maven/redirect?r=central-proxy&g=aspectwerkz&a=aspectwerkz-extensions&v=0.10.RC1&e=pom, ,
aspectwerkz-extensions,0.10.RC2,aspectwerkz,central-proxy,https://repository.sonatype.org/service/local/artifact/maven/redirect?r=central-proxy&g=aspectwerkz&a=aspectwerkz-extensions&v=0.10.RC2&e=pom, ,
aspectwerkz-extensions,0.9,aspectwerkz,central-proxy,https://repository.sonatype.org/service/local/artifact/maven/redirect?r=central-proxy&g=aspectwerkz&a=aspectwerkz-extensions&v=0.9&e=pom, ,
aspectwerkz-extensions,0.9.RC1,aspectwerkz,central-proxy,https://repository.sonatype.org/service/local/artifact/maven/redirect?r=central-proxy&g=aspectwerkz&a=aspectwerkz-extensions&v=0.9.RC1&e=pom, ,
aspectwerkz-extensions,1.0,aspectwerkz,central-proxy,https://repository.sonatype.org/service/local/artifact/maven/redirect?r=central-proxy&g=aspectwerkz&a=aspectwerkz-extensions&v=1.0&e=pom, ,
aspectwerkz-extensions,1.0-beta1,aspectwerkz,central-proxy,https://repository.sonatype.org/service/local/artifact/maven/redirect?r=central-proxy&g=aspectwerkz&a=aspectwerkz-extensions&v=1.0-beta1&e=pom, ,
aspectwerkz-extensions,1.0.RC1,aspectwerkz,central-proxy,https://repository.sonatype.org/service/local/artifact/maven/redirect?r=central-proxy&g=aspectwerkz&a=aspectwerkz-extensions&v=1.0.RC1&e=pom, ,
aspectwerkz-extensions,1.0.RC2,aspectwerkz,central-proxy,https://repository.sonatype.org/service/local/artifact/maven/redirect?r=central-proxy&g=aspectwerkz&a=aspectwerkz-extensions&v=1.0.RC2&e=pom, ,
aspectwerkz-extensions,1.0.RC3,aspectwerkz,central-proxy,https://repository.sonatype.org/service/local/artifact/maven/redirect?r=central-proxy&g=aspectwerkz&a=aspectwerkz-extensions&v=1.0.RC3&e=pom, ,
aspectwerkz-extensions,2.0,aspectwerkz,central-proxy,https://repository.sonatype.org/service/local/artifact/maven/redirect?r=central-proxy&g=aspectwerkz&a=aspectwerkz-extensions&v=2.0&e=pom, ,
aspectwerkz-extensions,2.0.RC1,aspectwerkz,central-proxy,https://repository.sonatype.org/service/local/artifact/maven/redirect?r=central-proxy&g=aspectwerkz&a=aspectwerkz-extensions&v=2.0.RC1&e=pom, ,
aspectwerkz-extensions,2.0.RC2,aspectwerkz,central-proxy,https://repository.sonatype.org/service/local/artifact/maven/redirect?r=central-proxy&g=aspectwerkz&a=aspectwerkz-extensions&v=2.0.RC2&e=pom, ,
aspectwerkz-extensions,2.0.RC3,aspectwerkz,central-proxy,https://repository.sonatype.org/service/local/artifact/maven/redirect?r=central-proxy&g=aspectwerkz&a=aspectwerkz-extensions&v=2.0.RC3&e=pom, ,
aspectwerkz-jdk14,2.0,aspectwerkz,central-proxy,https://repository.sonatype.org/service/local/artifact/maven/redirect?r=central-proxy&g=aspectwerkz&a=aspectwerkz-jdk14&v=2.0&e=pom, ,
aspectwerkz-jdk14,2.0.RC2,aspectwerkz,central-proxy,https://repository.sonatype.org/service/local/artifact/maven/redirect?r=central-proxy&g=aspectwerkz&a=aspectwerkz-jdk14&v=2.0.RC2&e=pom, ,
aspectwerkz-jdk14,2.0.RC3,aspectwerkz,central-proxy,https://repository.sonatype.org/service/local/artifact/maven/redirect?r=central-proxy&g=aspectwerkz&a=aspectwerkz-jdk14&v=2.0.RC3&e=pom, ,
aspectwerkz-jdk5,2.0,aspectwerkz,central-proxy,https://repository.sonatype.org/service/local/artifact/maven/redirect?r=central-proxy&g=aspectwerkz&a=aspectwerkz-jdk5&v=2.0&e=pom, ,
aspectwerkz-jdk5,2.0.RC1,aspectwerkz,central-proxy,https://repository.sonatype.org/service/local/artifact/maven/redirect?r=central-proxy&g=aspectwerkz&a=aspectwerkz-jdk5&v=2.0.RC1&e=pom, ,
aspectwerkz-jdk5,2.0.RC2,aspectwerkz,central-proxy,https://repository.sonatype.org/service/local/artifact/maven/redirect?r=central-proxy&g=aspectwerkz&a=aspectwerkz-jdk5&v=2.0.RC2&e=pom, ,
aspectwerkz-jdk5,2.0.RC3,aspectwerkz,central-proxy,https://repository.sonatype.org/service/local/artifact/maven/redirect?r=central-proxy&g=aspectwerkz&a=aspectwerkz-jdk5&v=2.0.RC3&e=pom, ,
aspectwerkz-nodeps-jdk14,2.0,aspectwerkz,central-proxy,https://repository.sonatype.org/service/local/artifact/maven/redirect?r=central-proxy&g=aspectwerkz&a=aspectwerkz-nodeps-jdk14&v=2.0&e=pom, ,
aspectwerkz-nodeps-jdk5,2.0,aspectwerkz,central-proxy,https://repository.sonatype.org/service/local/artifact/maven/redirect?r=central-proxy&g=aspectwerkz&a=aspectwerkz-nodeps-jdk5&v=2.0&e=pom, ,
aspectwerkz-samples,1.0.RC1,aspectwerkz,central-proxy,https://repository.sonatype.org/service/local/artifact/maven/redirect?r=central-proxy&g=aspectwerkz&a=aspectwerkz-samples&v=1.0.RC1&e=pom, ,
aspectwerkz-samples,1.0.RC2,aspectwerkz,central-proxy,https://repository.sonatype.org/service/local/artifact/maven/redirect?r=central-proxy&g=aspectwerkz&a=aspectwerkz-samples&v=1.0.RC2&e=pom, ,
aspectwerkz-samples,1.0.RC3,aspectwerkz,central-proxy,https://repository.sonatype.org/service/local/artifact/maven/redirect?r=central-proxy&g=aspectwerkz&a=aspectwerkz-samples&v=1.0.RC3&e=pom, ,
aspectwerkz-tutorial,TSS,aspectwerkz,central-proxy,https://repository.sonatype.org/service/local/artifact/maven/redirect?r=central-proxy&g=aspectwerkz&a=aspectwerkz-tutorial&v=TSS&e=pom, ,
aspectjlib,1.6.1,org.aspectj,central-proxy,https://repository.sonatype.org/service/local/artifact/maven/redirect?r=central-proxy&g=org.aspectj&a=aspectjlib&v=1.6.1&e=pom, ,
aspectjlib,1.6.2,org.aspectj,central-proxy,https://repository.sonatype.org/service/local/artifact/maven/redirect?r=central-proxy&g=org.aspectj&a=aspectjlib&v=1.6.2&e=pom, ,
aspectjrt,1.5.4,org.aspectj,central-proxy,https://repository.sonatype.org/service/local/artifact/maven/redirect?r=central-proxy&g=org.aspectj&a=aspectjrt&v=1.5.4&e=pom, ,
aspectjrt,1.6.0,org.aspectj,central-proxy,https://repository.sonatype.org/service/local/artifact/maven/redirect?r=central-proxy&g=org.aspectj&a=aspectjrt&v=1.6.0&e=pom, ,
aspectjrt,1.6.1,org.aspectj,central-proxy,https://repository.sonatype.org/service/local/artifact/maven/redirect?r=central-proxy&g=org.aspectj&a=aspectjrt&v=1.6.1&e=pom, ,
aspectjrt,1.6.2,org.aspectj,central-proxy,https://repository.sonatype.org/service/local/artifact/maven/redirect?r=central-proxy&g=org.aspectj&a=aspectjrt&v=1.6.2&e=pom, ,
aspectjtools,1.5.4,org.aspectj,central-proxy,https://repository.sonatype.org/service/local/artifact/maven/redirect?r=central-proxy&g=org.aspectj&a=aspectjtools&v=1.5.4&e=pom, ,
aspectjtools,1.6.0,org.aspectj,central-proxy,https://repository.sonatype.org/service/local/artifact/maven/redirect?r=central-proxy&g=org.aspectj&a=aspectjtools&v=1.6.0&e=pom, ,
aspectjtools,1.6.1,org.aspectj,central-proxy,https://repository.sonatype.org/service/local/artifact/maven/redirect?r=central-proxy&g=org.aspectj&a=aspectjtools&v=1.6.1&e=pom, ,
aspectjtools,1.6.2,org.aspectj,central-proxy,https://repository.sonatype.org/service/local/artifact/maven/redirect?r=central-proxy&g=org.aspectj&a=aspectjtools&v=1.6.2&e=pom, ,
aspectjweaver,1.5.4,org.aspectj,central-proxy,https://repository.sonatype.org/service/local/artifact/maven/redirect?r=central-proxy&g=org.aspectj&a=aspectjweaver&v=1.5.4&e=pom, ,
aspectjweaver,1.6.0,org.aspectj,central-proxy,https://repository.sonatype.org/service/local/artifact/maven/redirect?r=central-proxy&g=org.aspectj&a=aspectjweaver&v=1.6.0&e=pom, ,
aspectjweaver,1.6.1,org.aspectj,central-proxy,https://repository.sonatype.org/service/local/artifact/maven/redirect?r=central-proxy&g=org.aspectj&a=aspectjweaver&v=1.6.1&e=pom, ,
aspectjweaver,1.6.2,org.aspectj,central-proxy,https://repository.sonatype.org/service/local/artifact/maven/redirect?r=central-proxy&g=org.aspectj&a=aspectjweaver&v=1.6.2&e=pom, ,
aspectjrt,1.6.3,org.aspectj,central-proxy,https://repository.sonatype.org/service/local/artifact/maven/redirect?r=central-proxy&g=org.aspectj&a=aspectjrt&v=1.6.3&e=pom, ,
aspectjrt,1.6.4,org.aspectj,central-proxy,https://repository.sonatype.org/service/local/artifact/maven/redirect?r=central-proxy&g=org.aspectj&a=aspectjrt&v=1.6.4&e=pom, ,
aspectjtools,1.6.3,org.aspectj,central-proxy,https://repository.sonatype.org/service/local/artifact/maven/redirect?r=central-proxy&g=org.aspectj&a=aspectjtools&v=1.6.3&e=pom, ,
aspectjtools,1.6.4,org.aspectj,central-proxy,https://repository.sonatype.org/service/local/artifact/maven/redirect?r=central-proxy&g=org.aspectj&a=aspectjtools&v=1.6.4&e=pom, ,
aspectjweaver,1.6.3,org.aspectj,central-proxy,https://repository.sonatype.org/service/local/artifact/maven/redirect?r=central-proxy&g=org.aspectj&a=aspectjweaver&v=1.6.3&e=pom, ,
aspectjweaver,1.6.4,org.aspectj,central-proxy,https://repository.sonatype.org/service/local/artifact/maven/redirect?r=central-proxy&g=org.aspectj&a=aspectjweaver&v=1.6.4&e=pom, ,
aspectjrt,1.6.5,org.aspectj,central-proxy,https://repository.sonatype.org/service/local/artifact/maven/redirect?r=central-proxy&g=org.aspectj&a=aspectjrt&v=1.6.5&e=pom, ,
aspectjtools,1.6.5,org.aspectj,central-proxy,https://repository.sonatype.org/service/local/artifact/maven/redirect?r=central-proxy&g=org.aspectj&a=aspectjtools&v=1.6.5&e=pom, ,
aspectjweaver,1.6.5,org.aspectj,central-proxy,https://repository.sonatype.org/service/local/artifact/maven/redirect?r=central-proxy&g=org.aspectj&a=aspectjweaver&v=1.6.5&e=pom, ,
aspectjrt,1.6.6,org.aspectj,central-proxy,https://repository.sonatype.org/service/local/artifact/maven/redirect?r=central-proxy&g=org.aspectj&a=aspectjrt&v=1.6.6&e=pom, ,
aspectjtools,1.6.6,org.aspectj,central-proxy,https://repository.sonatype.org/service/local/artifact/maven/redirect?r=central-proxy&g=org.aspectj&a=aspectjtools&v=1.6.6&e=pom, ,
aspectjweaver,1.6.6,org.aspectj,central-proxy,https://repository.sonatype.org/service/local/artifact/maven/redirect?r=central-proxy&g=org.aspectj&a=aspectjweaver&v=1.6.6&e=pom, ,
aspectjrt,1.6.7,org.aspectj,central-proxy,https://repository.sonatype.org/service/local/artifact/maven/redirect?r=central-proxy&g=org.aspectj&a=aspectjrt&v=1.6.7&e=pom, ,
aspectjtools,1.6.7,org.aspectj,central-proxy,https://repository.sonatype.org/service/local/artifact/maven/redirect?r=central-proxy&g=org.aspectj&a=aspectjtools&v=1.6.7&e=pom, ,
aspectjweaver,1.6.7,org.aspectj,central-proxy,https://repository.sonatype.org/service/local/artifact/maven/redirect?r=central-proxy&g=org.aspectj&a=aspectjweaver&v=1.6.7&e=pom, ,
aspectjrt,1.6.8,org.aspectj,central-proxy,https://repository.sonatype.org/service/local/artifact/maven/redirect?r=central-proxy&g=org.aspectj&a=aspectjrt&v=1.6.8&e=pom, ,
aspectjtools,1.6.8,org.aspectj,central-proxy,https://repository.sonatype.org/service/local/artifact/maven/redirect?r=central-proxy&g=org.aspectj&a=aspectjtools&v=1.6.8&e=pom, ,
aspectjweaver,1.6.8,org.aspectj,central-proxy,https://repository.sonatype.org/service/local/artifact/maven/redirect?r=central-proxy&g=org.aspectj&a=aspectjweaver&v=1.6.8&e=pom, ,
aspectjrt,1.6.9,org.aspectj,central-proxy,https://repository.sonatype.org/service/local/artifact/maven/redirect?r=central-proxy&g=org.aspectj&a=aspectjrt&v=1.6.9&e=pom, ,
aspectjtools,1.6.9,org.aspectj,central-proxy,https://repository.sonatype.org/service/local/artifact/maven/redirect?r=central-proxy&g=org.aspectj&a=aspectjtools&v=1.6.9&e=pom, ,
aspectjweaver,1.6.9,org.aspectj,central-proxy,https://repository.sonatype.org/service/local/artifact/maven/redirect?r=central-proxy&g=org.aspectj&a=aspectjweaver&v=1.6.9&e=pom, ,
aspectjrt,1.6.10,org.aspectj,central-proxy,https://repository.sonatype.org/service/local/artifact/maven/redirect?r=central-proxy&g=org.aspectj&a=aspectjrt&v=1.6.10&e=pom,SCM[http://dev.eclipse.org/viewcvs/index.cgi/org.aspectj/?root=Tools_Project;http://dev.eclipse.org/viewcvs/index.cgi/org.aspectj/?root=Tools_Project],
aspectjtools,1.6.10,org.aspectj,central-proxy,https://repository.sonatype.org/service/local/artifact/maven/redirect?r=central-proxy&g=org.aspectj&a=aspectjtools&v=1.6.10&e=pom,SCM[http://dev.eclipse.org/viewcvs/index.cgi/org.aspectj/?root=Tools_Project;http://dev.eclipse.org/viewcvs/index.cgi/org.aspectj/?root=Tools_Project],
aspectjweaver,1.6.10,org.aspectj,central-proxy,https://repository.sonatype.org/service/local/artifact/maven/redirect?r=central-proxy&g=org.aspectj&a=aspectjweaver&v=1.6.10&e=pom,SCM[http://dev.eclipse.org/viewcvs/index.cgi/org.aspectj/?root=Tools_Project;http://dev.eclipse.org/viewcvs/index.cgi/org.aspectj/?root=Tools_Project],
aspectj-ant,1.0.6,aspectj,central-proxy,https://repository.sonatype.org/service/local/artifact/maven/redirect?r=central-proxy&g=aspectj&a=aspectj-ant&v=1.0.6&e=pom, ,
aspectj-tools,1.0.6,aspectj,central-proxy,https://repository.sonatype.org/service/local/artifact/maven/redirect?r=central-proxy&g=aspectj&a=aspectj-tools&v=1.0.6&e=pom, ,
assemblies,1.2-beta,org.apache.geronimo.assemblies,central-proxy,https://repository.sonatype.org/service/local/artifact/maven/redirect?r=central-proxy&g=org.apache.geronimo.assemblies&a=assemblies&v=1.2-beta&e=pom, ,
assemblies,2.0.1,org.apache.geronimo.assemblies,central-proxy,https://repository.sonatype.org/service/local/artifact/maven/redirect?r=central-proxy&g=org.apache.geronimo.assemblies&a=assemblies&v=2.0.1&e=pom, ,
assemblies,2.0.2,org.apache.geronimo.assemblies,central-proxy,https://repository.sonatype.org/service/local/artifact/maven/redirect?r=central-proxy&g=org.apache.geronimo.assemblies&a=assemblies&v=2.0.2&e=pom, ,
assemblies,2.1,org.apache.geronimo.assemblies,central-proxy,https://repository.sonatype.org/service/local/artifact/maven/redirect?r=central-proxy&g=org.apache.geronimo.assemblies&a=assemblies&v=2.1&e=pom, ,
assemblies,2.1.1,org.apache.geronimo.assemblies,central-proxy,https://repository.sonatype.org/service/local/artifact/maven/redirect?r=central-proxy&g=org.apache.geronimo.assemblies&a=assemblies&v=2.1.1&e=pom, ,
assemblies,2.1.2,org.apache.geronimo.assemblies,central-proxy,https://repository.sonatype.org/service/local/artifact/maven/redirect?r=central-proxy&g=org.apache.geronimo.assemblies&a=assemblies&v=2.1.2&e=pom, ,
assemblies,2.1.3,org.apache.geronimo.assemblies,central-proxy,https://repository.sonatype.org/service/local/artifact/maven/redirect?r=central-proxy&g=org.apache.geronimo.assemblies&a=assemblies&v=2.1.3&e=pom, ,
assemblies,2.1.4,org.apache.geronimo.assemblies,central-proxy,https://repository.sonatype.org/service/local/artifact/maven/redirect?r=central-proxy&g=org.apache.geronimo.assemblies&a=assemblies&v=2.1.4&e=pom, ,
assemblies,2.2,org.apache.geronimo.assemblies,central-proxy,https://repository.sonatype.org/service/local/artifact/maven/redirect?r=central-proxy&g=org.apache.geronimo.assemblies&a=assemblies&v=2.2&e=pom, ,
assemblies,2.1.5,org.apache.geronimo.assemblies,central-proxy,https://repository.sonatype.org/service/local/artifact/maven/redirect?r=central-proxy&g=org.apache.geronimo.assemblies&a=assemblies&v=2.1.5&e=pom, ,
assemblies,3.0-M1,org.apache.geronimo.assemblies,central-proxy,https://repository.sonatype.org/service/local/artifact/maven/redirect?r=central-proxy&g=org.apache.geronimo.assemblies&a=assemblies&v=3.0-M1&e=pom, ,
assemblies,2.1.6,org.apache.geronimo.assemblies,central-proxy,https://repository.sonatype.org/service/local/artifact/maven/redirect?r=central-proxy&g=org.apache.geronimo.assemblies&a=assemblies&v=2.1.6&e=pom, ,
assemblies-parent,1.2.0.RC1,org.neociclo.accord.odetteftp.assemblies,central-proxy,https://repository.sonatype.org/service/local/artifact/maven/redirect?r=central-proxy&g=org.neociclo.accord.odetteftp.assemblies&a=assemblies-parent&v=1.2.0.RC1&e=pom, ,
assemblies,2.1.7,org.apache.geronimo.assemblies,central-proxy,https://repository.sonatype.org/service/local/artifact/maven/redirect?r=central-proxy&g=org.apache.geronimo.assemblies&a=assemblies&v=2.1.7&e=pom, ,
assemblies,2.2.1,org.apache.geronimo.assemblies,central-proxy,https://repository.sonatype.org/service/local/artifact/maven/redirect?r=central-proxy&g=org.apache.geronimo.assemblies&a=assemblies&v=2.2.1&e=pom, ,
assemblies,2.2.0,org.apache.karaf.assemblies,central-proxy,https://repository.sonatype.org/service/local/artifact/maven/redirect?r=central-proxy&g=org.apache.karaf.assemblies&a=assemblies&v=2.2.0&e=pom, ,
assemblies,2.2.2,org.apache.karaf.assemblies,central-proxy,https://repository.sonatype.org/service/local/artifact/maven/redirect?r=central-proxy&g=org.apache.karaf.assemblies&a=assemblies&v=2.2.2&e=pom, ,
assemblies,2.2,org.apache.geronimo.framework.assemblies,central-proxy,https://repository.sonatype.org/service/local/artifact/maven/redirect?r=central-proxy&g=org.apache.geronimo.framework.assemblies&a=assemblies&v=2.2&e=pom, ,
assemblies,3.0-M1,org.apache.geronimo.framework.assemblies,central-proxy,https://repository.sonatype.org/service/local/artifact/maven/redirect?r=central-proxy&g=org.apache.geronimo.framework.assemblies&a=assemblies&v=3.0-M1&e=pom, ,
assemblies,1.0.0-M1,org.gaixie.jibu.assemblies,central-proxy,https://repository.sonatype.org/service/local/artifact/maven/redirect?r=central-proxy&g=org.gaixie.jibu.assemblies&a=assemblies&v=1.0.0-M1&e=pom, ,
assemblies,1.0.0-M2,org.gaixie.jibu.assemblies,central-proxy,https://repository.sonatype.org/service/local/artifact/maven/redirect?r=central-proxy&g=org.gaixie.jibu.assemblies&a=assemblies&v=1.0.0-M2&e=pom, ,
assemblies,1.0.0-M3,org.gaixie.jibu.assemblies,central-proxy,https://repository.sonatype.org/service/local/artifact/maven/redirect?r=central-proxy&g=org.gaixie.jibu.assemblies&a=assemblies&v=1.0.0-M3&e=pom, ,
assemblies,1.0.0-RC1,org.gaixie.jibu.assemblies,central-proxy,https://repository.sonatype.org/service/local/artifact/maven/redirect?r=central-proxy&g=org.gaixie.jibu.assemblies&a=assemblies&v=1.0.0-RC1&e=pom, ,
assemblies,2.2.1,org.apache.geronimo.framework.assemblies,central-proxy,https://repository.sonatype.org/service/local/artifact/maven/redirect?r=central-proxy&g=org.apache.geronimo.framework.assemblies&a=assemblies&v=2.2.1&e=pom, ,
assemblies,2.2.1,org.apache.karaf.assemblies,central-proxy,https://repository.sonatype.org/service/local/artifact/maven/redirect?r=central-proxy&g=org.apache.karaf.assemblies&a=assemblies&v=2.2.1&e=pom, ,
assemblies,2.2.3,org.apache.karaf.assemblies,central-proxy,https://repository.sonatype.org/service/local/artifact/maven/redirect?r=central-proxy&g=org.apache.karaf.assemblies&a=assemblies&v=2.2.3&e=pom, ,
assembly,2.1.99-SNAPSHOT,org.apache.karaf.features.assembly,apache-snapshots,https://repository.sonatype.org/service/local/artifact/maven/redirect?r=apache-snapshots&g=org.apache.karaf.features.assembly&a=assembly&v=2.1.99-SNAPSHOT&e=pom, ,
assemblies,2.2.1-SNAPSHOT,org.apache.karaf.assemblies,apache-snapshots,https://repository.sonatype.org/service/local/artifact/maven/redirect?r=apache-snapshots&g=org.apache.karaf.assemblies&a=assemblies&v=2.2.1-SNAPSHOT&e=pom, ,
assemblies,2.1.99-SNAPSHOT,org.apache.karaf.assemblies,apache-snapshots,https://repository.sonatype.org/service/local/artifact/maven/redirect?r=apache-snapshots&g=org.apache.karaf.assemblies&a=assemblies&v=2.1.99-SNAPSHOT&e=pom, ,
assemblies,3.0-M2-SNAPSHOT,org.apache.geronimo.framework.assemblies,apache-snapshots,https://repository.sonatype.org/service/local/artifact/maven/redirect?r=apache-snapshots&g=org.apache.geronimo.framework.assemblies&a=assemblies&v=3.0-M2-SNAPSHOT&e=pom, ,
assemblies,3.0-SNAPSHOT,org.apache.geronimo.assemblies,apache-snapshots,https://repository.sonatype.org/service/local/artifact/maven/redirect?r=apache-snapshots&g=org.apache.geronimo.assemblies&a=assemblies&v=3.0-SNAPSHOT&e=pom, ,
assemblies,3.0-M2-SNAPSHOT,org.apache.geronimo.assemblies,apache-snapshots,https://repository.sonatype.org/service/local/artifact/maven/redirect?r=apache-snapshots&g=org.apache.geronimo.assemblies&a=assemblies&v=3.0-M2-SNAPSHOT&e=pom, ,
assemblies,2.2.2-SNAPSHOT,org.apache.geronimo.assemblies,apache-snapshots,https://repository.sonatype.org/service/local/artifact/maven/redirect?r=apache-snapshots&g=org.apache.geronimo.assemblies&a=assemblies&v=2.2.2-SNAPSHOT&e=pom, ,
assemblies,2.1.8-SNAPSHOT,org.apache.geronimo.assemblies,apache-snapshots,https://repository.sonatype.org/service/local/artifact/maven/redirect?r=apache-snapshots&g=org.apache.geronimo.assemblies&a=assemblies&v=2.1.8-SNAPSHOT&e=pom, ,
assemblies,2.2.2-SNAPSHOT,org.apache.karaf.assemblies,apache-snapshots,https://repository.sonatype.org/service/local/artifact/maven/redirect?r=apache-snapshots&g=org.apache.karaf.assemblies&a=assemblies&v=2.2.2-SNAPSHOT&e=pom, ,
assemblies,2.2.2-SNAPSHOT,org.apache.geronimo.framework.assemblies,apache-snapshots,https://repository.sonatype.org/service/local/artifact/maven/redirect?r=apache-snapshots&g=org.apache.geronimo.framework.assemblies&a=assemblies&v=2.2.2-SNAPSHOT&e=pom, ,
assemblies,3.0-SNAPSHOT,org.apache.geronimo.framework.assemblies,apache-snapshots,https://repository.sonatype.org/service/local/artifact/maven/redirect?r=apache-snapshots&g=org.apache.geronimo.framework.assemblies&a=assemblies&v=3.0-SNAPSHOT&e=pom, ,
assimilate,1.0,net.sf.assimilate,central-proxy,https://repository.sonatype.org/service/local/artifact/maven/redirect?r=central-proxy&g=net.sf.assimilate&a=assimilate&v=1.0&e=pom,SCM[scm:svn:https://assimilate.svn.sourceforge.net/svnroot/assimilate/trunk;http://sourceforge.net/projects/assimilate/],
asterisk-java,0.2,org.asteriskjava,central-proxy,https://repository.sonatype.org/service/local/artifact/maven/redirect?r=central-proxy&g=org.asteriskjava&a=asterisk-java&v=0.2&e=pom,SCM[scm:cvs:pserver:anonymous@cvs.sourceforge.net:/cvsroot/asterisk-java:asterisk-java;http://cvs.sourceforge.net/viewcvs.py/asterisk-java/asterisk-java/],
asterisk-java,0.2-rc1,org.asteriskjava,central-proxy,https://repository.sonatype.org/service/local/artifact/maven/redirect?r=central-proxy&g=org.asteriskjava&a=asterisk-java&v=0.2-rc1&e=pom,SCM[scm:cvs:pserver:anonymous@cvs.sourceforge.net:/cvsroot/asterisk-java:asterisk-java;http://cvs.sourceforge.net/viewcvs.py/asterisk-java/asterisk-java/],
asterisk-java,0.2-rc2,org.asteriskjava,central-proxy,https://repository.sonatype.org/service/local/artifact/maven/redirect?r=central-proxy&g=org.asteriskjava&a=asterisk-java&v=0.2-rc2&e=pom,SCM[scm:cvs:pserver:anonymous@cvs.sourceforge.net:/cvsroot/asterisk-java:asterisk-java;http://cvs.sourceforge.net/viewcvs.py/asterisk-java/asterisk-java/],
asterisk-java,0.3,org.asteriskjava,central-proxy,https://repository.sonatype.org/service/local/artifact/maven/redirect?r=central-proxy&g=org.asteriskjava&a=asterisk-java&v=0.3&e=pom, ,
asterisk-java,0.3-m1,org.asteriskjava,central-proxy,https://repository.sonatype.org/service/local/artifact/maven/redirect?r=central-proxy&g=org.asteriskjava&a=asterisk-java&v=0.3-m1&e=pom, ,
asterisk-java,0.3-m2,org.asteriskjava,central-proxy,https://repository.sonatype.org/service/local/artifact/maven/redirect?r=central-proxy&g=org.asteriskjava&a=asterisk-java&v=0.3-m2&e=pom, ,
asterisk-java,0.3.1,org.asteriskjava,central-proxy,https://repository.sonatype.org/service/local/artifact/maven/redirect?r=central-proxy&g=org.asteriskjava&a=asterisk-java&v=0.3.1&e=pom, ,
asterisk-java,1.0.0-m1,org.asteriskjava,central-proxy,https://repository.sonatype.org/service/local/artifact/maven/redirect?r=central-proxy&g=org.asteriskjava&a=asterisk-java&v=1.0.0-m1&e=pom, ,
asterisk-java,1.0.0-m2,org.asteriskjava,central-proxy,https://repository.sonatype.org/service/local/artifact/maven/redirect?r=central-proxy&g=org.asteriskjava&a=asterisk-java&v=1.0.0-m2&e=pom, ,
asterisk-java-skin,1.0.0,org.asteriskjava,central-proxy,https://repository.sonatype.org/service/local/artifact/maven/redirect?r=central-proxy&g=org.asteriskjava&a=asterisk-java-skin&v=1.0.0&e=pom, ,
asterisk-java-skin,1.0.1,org.asteriskjava,central-proxy,https://repository.sonatype.org/service/local/artifact/maven/redirect?r=central-proxy&g=org.asteriskjava&a=asterisk-java-skin&v=1.0.1&e=pom, ,
asterisk-java-parent,1,org.asteriskjava,central-proxy,https://repository.sonatype.org/service/local/artifact/maven/redirect?r=central-proxy&g=org.asteriskjava&a=asterisk-java-parent&v=1&e=pom, ,
asterisk-java,1.0.0.M3,org.asteriskjava,central-proxy,https://repository.sonatype.org/service/local/artifact/maven/redirect?r=central-proxy&g=org.asteriskjava&a=asterisk-java&v=1.0.0.M3&e=pom, ,
asterisk-java-parent,2,org.asteriskjava,central-proxy,https://repository.sonatype.org/service/local/artifact/maven/redirect?r=central-proxy&g=org.asteriskjava&a=asterisk-java-parent&v=2&e=pom, ,
asterisk-java,0.2,net.sf.asteriskjava,central-proxy,https://repository.sonatype.org/service/local/artifact/maven/redirect?r=central-proxy&g=net.sf.asteriskjava&a=asterisk-java&v=0.2&e=pom, ,
astenn-tools,1.0-SNAPSHOT,org.lestr.astenn,ossrh-snapshot,https://repository.sonatype.org/service/local/artifact/maven/redirect?r=ossrh-snapshot&g=org.lestr.astenn&a=astenn-tools&v=1.0-SNAPSHOT&e=pom, ,
astenn-rmi,1.0-SNAPSHOT,org.lestr.astenn,ossrh-snapshot,https://repository.sonatype.org/service/local/artifact/maven/redirect?r=ossrh-snapshot&g=org.lestr.astenn&a=astenn-rmi&v=1.0-SNAPSHOT&e=pom, ,
astenn-liferay-service,1.0-SNAPSHOT,org.lestr.astenn.astenn-liferay,ossrh-snapshot,https://repository.sonatype.org/service/local/artifact/maven/redirect?r=ossrh-snapshot&g=org.lestr.astenn.astenn-liferay&a=astenn-liferay-service&v=1.0-SNAPSHOT&e=pom, ,
astenn-liferay-hook,1.0-SNAPSHOT,org.lestr.astenn.astenn-liferay,ossrh-snapshot,https://repository.sonatype.org/service/local/artifact/maven/redirect?r=ossrh-snapshot&g=org.lestr.astenn.astenn-liferay&a=astenn-liferay-hook&v=1.0-SNAPSHOT&e=pom, ,
astenn-liferay-api,1.0-SNAPSHOT,org.lestr.astenn.astenn-liferay,ossrh-snapshot,https://repository.sonatype.org/service/local/artifact/maven/redirect?r=ossrh-snapshot&g=org.lestr.astenn.astenn-liferay&a=astenn-liferay-api&v=1.0-SNAPSHOT&e=pom, ,
astenn-liferay,1.0-SNAPSHOT,org.lestr.astenn,ossrh-snapshot,https://repository.sonatype.org/service/local/artifact/maven/redirect?r=ossrh-snapshot&g=org.lestr.astenn&a=astenn-liferay&v=1.0-SNAPSHOT&e=pom, ,
astenn-examples,1.0-SNAPSHOT,org.lestr.astenn,ossrh-snapshot,https://repository.sonatype.org/service/local/artifact/maven/redirect?r=ossrh-snapshot&g=org.lestr.astenn&a=astenn-examples&v=1.0-SNAPSHOT&e=pom, ,
astenn-cxf,1.0-SNAPSHOT,org.lestr.astenn,ossrh-snapshot,https://repository.sonatype.org/service/local/artifact/maven/redirect?r=ossrh-snapshot&g=org.lestr.astenn&a=astenn-cxf&v=1.0-SNAPSHOT&e=pom, ,
astenn-core,1.0-SNAPSHOT,org.lestr.astenn,ossrh-snapshot,https://repository.sonatype.org/service/local/artifact/maven/redirect?r=ossrh-snapshot&g=org.lestr.astenn&a=astenn-core&v=1.0-SNAPSHOT&e=pom, ,
astenn-bus,1.0-SNAPSHOT,org.lestr.astenn,ossrh-snapshot,https://repository.sonatype.org/service/local/artifact/maven/redirect?r=ossrh-snapshot&g=org.lestr.astenn&a=astenn-bus&v=1.0-SNAPSHOT&e=pom, ,
astenn-ars,1.0-SNAPSHOT,org.lestr.astenn,ossrh-snapshot,https://repository.sonatype.org/service/local/artifact/maven/redirect?r=ossrh-snapshot&g=org.lestr.astenn&a=astenn-ars&v=1.0-SNAPSHOT&e=pom, ,
astenn-aro,1.0-SNAPSHOT,org.lestr.astenn,ossrh-snapshot,https://repository.sonatype.org/service/local/artifact/maven/redirect?r=ossrh-snapshot&g=org.lestr.astenn&a=astenn-aro&v=1.0-SNAPSHOT&e=pom, ,
asunit,20071011,com.asunit,flex,https://repository.sonatype.org/service/local/artifact/maven/redirect?r=flex&g=com.asunit&a=asunit&v=20071011&e=pom, ,
