axion,1.0-M1,axion,central-proxy,https://repository.sonatype.org/service/local/artifact/maven/redirect?r=central-proxy&g=axion&a=axion&v=1.0-M1&e=pom, ,
axion,1.0-M2-dev,axion,central-proxy,https://repository.sonatype.org/service/local/artifact/maven/redirect?r=central-proxy&g=axion&a=axion&v=1.0-M2-dev&e=pom, ,
axion,1.0-M3-dev,axion,central-proxy,https://repository.sonatype.org/service/local/artifact/maven/redirect?r=central-proxy&g=axion&a=axion&v=1.0-M3-dev&e=pom, ,
axiom,1.2.1,org.apache.ws.commons.axiom,central-proxy,https://repository.sonatype.org/service/local/artifact/maven/redirect?r=central-proxy&g=org.apache.ws.commons.axiom&a=axiom&v=1.2.1&e=pom, ,
axiom,1.2.2,org.apache.ws.commons.axiom,central-proxy,https://repository.sonatype.org/service/local/artifact/maven/redirect?r=central-proxy&g=org.apache.ws.commons.axiom&a=axiom&v=1.2.2&e=pom, ,
axiom,1.2.3,org.apache.ws.commons.axiom,central-proxy,https://repository.sonatype.org/service/local/artifact/maven/redirect?r=central-proxy&g=org.apache.ws.commons.axiom&a=axiom&v=1.2.3&e=pom, ,
axiom,1.2.4,org.apache.ws.commons.axiom,central-proxy,https://repository.sonatype.org/service/local/artifact/maven/redirect?r=central-proxy&g=org.apache.ws.commons.axiom&a=axiom&v=1.2.4&e=pom, ,
axiom,1.2.5,org.apache.ws.commons.axiom,central-proxy,https://repository.sonatype.org/service/local/artifact/maven/redirect?r=central-proxy&g=org.apache.ws.commons.axiom&a=axiom&v=1.2.5&e=pom, ,
axiom,1.2.6,org.apache.ws.commons.axiom,central-proxy,https://repository.sonatype.org/service/local/artifact/maven/redirect?r=central-proxy&g=org.apache.ws.commons.axiom&a=axiom&v=1.2.6&e=pom,SCM[scm:svn:http://svn.apache.org/repos/asf/webservices/commons/trunk/modules/axiom;http://svn.apache.org/viewcvs.cgi/webservices/commons/trunk/modules/axiom],
axiom,1.2.7,org.apache.ws.commons.axiom,central-proxy,https://repository.sonatype.org/service/local/artifact/maven/redirect?r=central-proxy&g=org.apache.ws.commons.axiom&a=axiom&v=1.2.7&e=pom,SCM[scm:svn:http://svn.apache.org/repos/asf/webservices/commons/trunk/modules/axiom;http://svn.apache.org/viewcvs.cgi/webservices/commons/trunk/modules/axiom],
axiom,1.2.8,org.apache.ws.commons.axiom,central-proxy,https://repository.sonatype.org/service/local/artifact/maven/redirect?r=central-proxy&g=org.apache.ws.commons.axiom&a=axiom&v=1.2.8&e=pom,SCM[scm:svn:http://svn.apache.org/repos/asf/webservices/commons/tags/axiom/1.2.8;http://svn.apache.org/viewcvs.cgi/webservices/commons/tags/axiom/1.2.8],
axiom-api,1.1,org.apache.ws.commons.axiom,central-proxy,https://repository.sonatype.org/service/local/artifact/maven/redirect?r=central-proxy&g=org.apache.ws.commons.axiom&a=axiom-api&v=1.1&e=pom, ,
axiom-api,1.1.1,org.apache.ws.commons.axiom,central-proxy,https://repository.sonatype.org/service/local/artifact/maven/redirect?r=central-proxy&g=org.apache.ws.commons.axiom&a=axiom-api&v=1.1.1&e=pom, ,
axiom-api,1.2,org.apache.ws.commons.axiom,central-proxy,https://repository.sonatype.org/service/local/artifact/maven/redirect?r=central-proxy&g=org.apache.ws.commons.axiom&a=axiom-api&v=1.2&e=pom, ,
axiom-api,1.2.1,org.apache.ws.commons.axiom,central-proxy,https://repository.sonatype.org/service/local/artifact/maven/redirect?r=central-proxy&g=org.apache.ws.commons.axiom&a=axiom-api&v=1.2.1&e=pom, ,
axiom-api,1.2.2,org.apache.ws.commons.axiom,central-proxy,https://repository.sonatype.org/service/local/artifact/maven/redirect?r=central-proxy&g=org.apache.ws.commons.axiom&a=axiom-api&v=1.2.2&e=pom, ,
axiom-api,1.2.3,org.apache.ws.commons.axiom,central-proxy,https://repository.sonatype.org/service/local/artifact/maven/redirect?r=central-proxy&g=org.apache.ws.commons.axiom&a=axiom-api&v=1.2.3&e=pom, ,
axiom-api,1.2.4,org.apache.ws.commons.axiom,central-proxy,https://repository.sonatype.org/service/local/artifact/maven/redirect?r=central-proxy&g=org.apache.ws.commons.axiom&a=axiom-api&v=1.2.4&e=pom, ,
axiom-api,1.2.5,org.apache.ws.commons.axiom,central-proxy,https://repository.sonatype.org/service/local/artifact/maven/redirect?r=central-proxy&g=org.apache.ws.commons.axiom&a=axiom-api&v=1.2.5&e=pom, ,
axiom-api,1.2.6,org.apache.ws.commons.axiom,central-proxy,https://repository.sonatype.org/service/local/artifact/maven/redirect?r=central-proxy&g=org.apache.ws.commons.axiom&a=axiom-api&v=1.2.6&e=pom, ,
axiom-api,1.2.7,org.apache.ws.commons.axiom,central-proxy,https://repository.sonatype.org/service/local/artifact/maven/redirect?r=central-proxy&g=org.apache.ws.commons.axiom&a=axiom-api&v=1.2.7&e=pom, ,
axiom-api,1.2.8,org.apache.ws.commons.axiom,central-proxy,https://repository.sonatype.org/service/local/artifact/maven/redirect?r=central-proxy&g=org.apache.ws.commons.axiom&a=axiom-api&v=1.2.8&e=pom, ,
axiom-c14n,1.2.8,org.apache.ws.commons.axiom,central-proxy,https://repository.sonatype.org/service/local/artifact/maven/redirect?r=central-proxy&g=org.apache.ws.commons.axiom&a=axiom-c14n&v=1.2.8&e=pom, ,
axiom-dom,1.1,org.apache.ws.commons.axiom,central-proxy,https://repository.sonatype.org/service/local/artifact/maven/redirect?r=central-proxy&g=org.apache.ws.commons.axiom&a=axiom-dom&v=1.1&e=pom, ,
axiom-dom,1.1.1,org.apache.ws.commons.axiom,central-proxy,https://repository.sonatype.org/service/local/artifact/maven/redirect?r=central-proxy&g=org.apache.ws.commons.axiom&a=axiom-dom&v=1.1.1&e=pom, ,
axiom-dom,1.2,org.apache.ws.commons.axiom,central-proxy,https://repository.sonatype.org/service/local/artifact/maven/redirect?r=central-proxy&g=org.apache.ws.commons.axiom&a=axiom-dom&v=1.2&e=pom, ,
axiom-dom,1.2.1,org.apache.ws.commons.axiom,central-proxy,https://repository.sonatype.org/service/local/artifact/maven/redirect?r=central-proxy&g=org.apache.ws.commons.axiom&a=axiom-dom&v=1.2.1&e=pom, ,
axiom-dom,1.2.2,org.apache.ws.commons.axiom,central-proxy,https://repository.sonatype.org/service/local/artifact/maven/redirect?r=central-proxy&g=org.apache.ws.commons.axiom&a=axiom-dom&v=1.2.2&e=pom, ,
axiom-dom,1.2.3,org.apache.ws.commons.axiom,central-proxy,https://repository.sonatype.org/service/local/artifact/maven/redirect?r=central-proxy&g=org.apache.ws.commons.axiom&a=axiom-dom&v=1.2.3&e=pom, ,
axiom-dom,1.2.4,org.apache.ws.commons.axiom,central-proxy,https://repository.sonatype.org/service/local/artifact/maven/redirect?r=central-proxy&g=org.apache.ws.commons.axiom&a=axiom-dom&v=1.2.4&e=pom, ,
axiom-dom,1.2.5,org.apache.ws.commons.axiom,central-proxy,https://repository.sonatype.org/service/local/artifact/maven/redirect?r=central-proxy&g=org.apache.ws.commons.axiom&a=axiom-dom&v=1.2.5&e=pom, ,
axiom-dom,1.2.6,org.apache.ws.commons.axiom,central-proxy,https://repository.sonatype.org/service/local/artifact/maven/redirect?r=central-proxy&g=org.apache.ws.commons.axiom&a=axiom-dom&v=1.2.6&e=pom, ,
axiom-dom,1.2.7,org.apache.ws.commons.axiom,central-proxy,https://repository.sonatype.org/service/local/artifact/maven/redirect?r=central-proxy&g=org.apache.ws.commons.axiom&a=axiom-dom&v=1.2.7&e=pom, ,
axiom-dom,1.2.8,org.apache.ws.commons.axiom,central-proxy,https://repository.sonatype.org/service/local/artifact/maven/redirect?r=central-proxy&g=org.apache.ws.commons.axiom&a=axiom-dom&v=1.2.8&e=pom, ,
axiom-impl,1.1,org.apache.ws.commons.axiom,central-proxy,https://repository.sonatype.org/service/local/artifact/maven/redirect?r=central-proxy&g=org.apache.ws.commons.axiom&a=axiom-impl&v=1.1&e=pom, ,
axiom-impl,1.1.1,org.apache.ws.commons.axiom,central-proxy,https://repository.sonatype.org/service/local/artifact/maven/redirect?r=central-proxy&g=org.apache.ws.commons.axiom&a=axiom-impl&v=1.1.1&e=pom, ,
axiom-impl,1.2,org.apache.ws.commons.axiom,central-proxy,https://repository.sonatype.org/service/local/artifact/maven/redirect?r=central-proxy&g=org.apache.ws.commons.axiom&a=axiom-impl&v=1.2&e=pom, ,
axiom-impl,1.2.1,org.apache.ws.commons.axiom,central-proxy,https://repository.sonatype.org/service/local/artifact/maven/redirect?r=central-proxy&g=org.apache.ws.commons.axiom&a=axiom-impl&v=1.2.1&e=pom, ,
axiom-impl,1.2.2,org.apache.ws.commons.axiom,central-proxy,https://repository.sonatype.org/service/local/artifact/maven/redirect?r=central-proxy&g=org.apache.ws.commons.axiom&a=axiom-impl&v=1.2.2&e=pom, ,
axiom-impl,1.2.3,org.apache.ws.commons.axiom,central-proxy,https://repository.sonatype.org/service/local/artifact/maven/redirect?r=central-proxy&g=org.apache.ws.commons.axiom&a=axiom-impl&v=1.2.3&e=pom, ,
axiom-impl,1.2.4,org.apache.ws.commons.axiom,central-proxy,https://repository.sonatype.org/service/local/artifact/maven/redirect?r=central-proxy&g=org.apache.ws.commons.axiom&a=axiom-impl&v=1.2.4&e=pom, ,
axiom-impl,1.2.5,org.apache.ws.commons.axiom,central-proxy,https://repository.sonatype.org/service/local/artifact/maven/redirect?r=central-proxy&g=org.apache.ws.commons.axiom&a=axiom-impl&v=1.2.5&e=pom, ,
axiom-impl,1.2.6,org.apache.ws.commons.axiom,central-proxy,https://repository.sonatype.org/service/local/artifact/maven/redirect?r=central-proxy&g=org.apache.ws.commons.axiom&a=axiom-impl&v=1.2.6&e=pom, ,
axiom-impl,1.2.7,org.apache.ws.commons.axiom,central-proxy,https://repository.sonatype.org/service/local/artifact/maven/redirect?r=central-proxy&g=org.apache.ws.commons.axiom&a=axiom-impl&v=1.2.7&e=pom, ,
axiom-impl,1.2.8,org.apache.ws.commons.axiom,central-proxy,https://repository.sonatype.org/service/local/artifact/maven/redirect?r=central-proxy&g=org.apache.ws.commons.axiom&a=axiom-impl&v=1.2.8&e=pom, ,
axiom-integration,1.2.8,org.apache.ws.commons.axiom,central-proxy,https://repository.sonatype.org/service/local/artifact/maven/redirect?r=central-proxy&g=org.apache.ws.commons.axiom&a=axiom-integration&v=1.2.8&e=pom, ,
axiom-parent,1.2.2,org.apache.ws.commons.axiom,central-proxy,https://repository.sonatype.org/service/local/artifact/maven/redirect?r=central-proxy&g=org.apache.ws.commons.axiom&a=axiom-parent&v=1.2.2&e=pom,SCM[scm:svn:http://svn.apache.org/repos/asf/webservices/commons/trunk/modules/axiom;http://svn.apache.org/viewcvs.cgi/webservices/commons/trunk/modules/axiom],
axiom-parent,1.2.4,org.apache.ws.commons.axiom,central-proxy,https://repository.sonatype.org/service/local/artifact/maven/redirect?r=central-proxy&g=org.apache.ws.commons.axiom&a=axiom-parent&v=1.2.4&e=pom,SCM[scm:svn:http://svn.apache.org/repos/asf/webservices/commons/trunk/modules/axiom;http://svn.apache.org/viewcvs.cgi/webservices/commons/trunk/modules/axiom],
axiom-parent,1.2.5,org.apache.ws.commons.axiom,central-proxy,https://repository.sonatype.org/service/local/artifact/maven/redirect?r=central-proxy&g=org.apache.ws.commons.axiom&a=axiom-parent&v=1.2.5&e=pom,SCM[scm:svn:http://svn.apache.org/repos/asf/webservices/commons/trunk/modules/axiom;http://svn.apache.org/viewcvs.cgi/webservices/commons/trunk/modules/axiom],
axiom-tests,1.2.1,org.apache.ws.commons.axiom,central-proxy,https://repository.sonatype.org/service/local/artifact/maven/redirect?r=central-proxy&g=org.apache.ws.commons.axiom&a=axiom-tests&v=1.2.1&e=pom, ,
axiom-tests,1.2.2,org.apache.ws.commons.axiom,central-proxy,https://repository.sonatype.org/service/local/artifact/maven/redirect?r=central-proxy&g=org.apache.ws.commons.axiom&a=axiom-tests&v=1.2.2&e=pom, ,
axiom-tests,1.2.3,org.apache.ws.commons.axiom,central-proxy,https://repository.sonatype.org/service/local/artifact/maven/redirect?r=central-proxy&g=org.apache.ws.commons.axiom&a=axiom-tests&v=1.2.3&e=pom, ,
axiom-tests,1.2.4,org.apache.ws.commons.axiom,central-proxy,https://repository.sonatype.org/service/local/artifact/maven/redirect?r=central-proxy&g=org.apache.ws.commons.axiom&a=axiom-tests&v=1.2.4&e=pom, ,
axiom-tests,1.2.5,org.apache.ws.commons.axiom,central-proxy,https://repository.sonatype.org/service/local/artifact/maven/redirect?r=central-proxy&g=org.apache.ws.commons.axiom&a=axiom-tests&v=1.2.5&e=pom, ,
axiom-tests,1.2.6,org.apache.ws.commons.axiom,central-proxy,https://repository.sonatype.org/service/local/artifact/maven/redirect?r=central-proxy&g=org.apache.ws.commons.axiom&a=axiom-tests&v=1.2.6&e=pom, ,
axiom-tests,1.2.7,org.apache.ws.commons.axiom,central-proxy,https://repository.sonatype.org/service/local/artifact/maven/redirect?r=central-proxy&g=org.apache.ws.commons.axiom&a=axiom-tests&v=1.2.7&e=pom, ,
axiom-tests,1.2.8,org.apache.ws.commons.axiom,central-proxy,https://repository.sonatype.org/service/local/artifact/maven/redirect?r=central-proxy&g=org.apache.ws.commons.axiom&a=axiom-tests&v=1.2.8&e=pom, ,
axiom-parent,1.1,org.apache.ws.commons.axiom,central-proxy,https://repository.sonatype.org/service/local/artifact/maven/redirect?r=central-proxy&g=org.apache.ws.commons.axiom&a=axiom-parent&v=1.1&e=pom,SCM[scm:svn:http://svn.apache.org/repos/asf/webservices/commons/trunk/modules/axiom;http://svn.apache.org/viewcvs.cgi/webservices/commons/trunk/modules/axiom],
axiom-parent,1.2,org.apache.ws.commons.axiom,central-proxy,https://repository.sonatype.org/service/local/artifact/maven/redirect?r=central-proxy&g=org.apache.ws.commons.axiom&a=axiom-parent&v=1.2&e=pom,SCM[scm:svn:http://svn.apache.org/repos/asf/webservices/commons/trunk/modules/axiom;http://svn.apache.org/viewcvs.cgi/webservices/commons/trunk/modules/axiom],
axiom-parent,1.2.1,org.apache.ws.commons.axiom,central-proxy,https://repository.sonatype.org/service/local/artifact/maven/redirect?r=central-proxy&g=org.apache.ws.commons.axiom&a=axiom-parent&v=1.2.1&e=pom,SCM[scm:svn:http://svn.apache.org/repos/asf/webservices/commons/trunk/modules/axiom;http://svn.apache.org/viewcvs.cgi/webservices/commons/trunk/modules/axiom],
axiom-parent,1.2.3,org.apache.ws.commons.axiom,central-proxy,https://repository.sonatype.org/service/local/artifact/maven/redirect?r=central-proxy&g=org.apache.ws.commons.axiom&a=axiom-parent&v=1.2.3&e=pom,SCM[scm:svn:http://svn.apache.org/repos/asf/webservices/commons/trunk/modules/axiom;http://svn.apache.org/viewcvs.cgi/webservices/commons/trunk/modules/axiom],
axiom,1.2.9,org.apache.ws.commons.axiom,central-proxy,https://repository.sonatype.org/service/local/artifact/maven/redirect?r=central-proxy&g=org.apache.ws.commons.axiom&a=axiom&v=1.2.9&e=pom,SCM[scm:svn:http://svn.apache.org/repos/asf/webservices/commons/tags/axiom/1.2.9;http://svn.apache.org/viewcvs.cgi/webservices/commons/tags/axiom/1.2.9],
axiom-api,1.2.9,org.apache.ws.commons.axiom,central-proxy,https://repository.sonatype.org/service/local/artifact/maven/redirect?r=central-proxy&g=org.apache.ws.commons.axiom&a=axiom-api&v=1.2.9&e=pom, ,
axiom-c14n,1.2.9,org.apache.ws.commons.axiom,central-proxy,https://repository.sonatype.org/service/local/artifact/maven/redirect?r=central-proxy&g=org.apache.ws.commons.axiom&a=axiom-c14n&v=1.2.9&e=pom, ,
axiom-dom,1.2.9,org.apache.ws.commons.axiom,central-proxy,https://repository.sonatype.org/service/local/artifact/maven/redirect?r=central-proxy&g=org.apache.ws.commons.axiom&a=axiom-dom&v=1.2.9&e=pom, ,
axiom-impl,1.2.9,org.apache.ws.commons.axiom,central-proxy,https://repository.sonatype.org/service/local/artifact/maven/redirect?r=central-proxy&g=org.apache.ws.commons.axiom&a=axiom-impl&v=1.2.9&e=pom, ,
axiom-integration,1.2.9,org.apache.ws.commons.axiom,central-proxy,https://repository.sonatype.org/service/local/artifact/maven/redirect?r=central-proxy&g=org.apache.ws.commons.axiom&a=axiom-integration&v=1.2.9&e=pom, ,
axiom-jaxen-testsuite,1.2.9,org.apache.ws.commons.axiom,central-proxy,https://repository.sonatype.org/service/local/artifact/maven/redirect?r=central-proxy&g=org.apache.ws.commons.axiom&a=axiom-jaxen-testsuite&v=1.2.9&e=pom, ,
axiom-osgi-build,1.2.9,org.apache.ws.commons.axiom,central-proxy,https://repository.sonatype.org/service/local/artifact/maven/redirect?r=central-proxy&g=org.apache.ws.commons.axiom&a=axiom-osgi-build&v=1.2.9&e=pom, ,
axiom-osgi-run,1.2.9,org.apache.ws.commons.axiom,central-proxy,https://repository.sonatype.org/service/local/artifact/maven/redirect?r=central-proxy&g=org.apache.ws.commons.axiom&a=axiom-osgi-run&v=1.2.9&e=pom, ,
axiom-parent,1.2.9,org.apache.ws.commons.axiom,central-proxy,https://repository.sonatype.org/service/local/artifact/maven/redirect?r=central-proxy&g=org.apache.ws.commons.axiom&a=axiom-parent&v=1.2.9&e=pom,SCM[scm:svn:http://svn.apache.org/repos/asf/webservices/commons/tags/axiom/1.2.9;http://svn.apache.org/viewcvs.cgi/webservices/commons/tags/axiom/1.2.9],
axiom-parser-tests,1.2.9,org.apache.ws.commons.axiom,central-proxy,https://repository.sonatype.org/service/local/artifact/maven/redirect?r=central-proxy&g=org.apache.ws.commons.axiom&a=axiom-parser-tests&v=1.2.9&e=pom, ,
axiom-tests,1.2.9,org.apache.ws.commons.axiom,central-proxy,https://repository.sonatype.org/service/local/artifact/maven/redirect?r=central-proxy&g=org.apache.ws.commons.axiom&a=axiom-tests&v=1.2.9&e=pom, ,
axiom-testutils,1.2.9,org.apache.ws.commons.axiom,central-proxy,https://repository.sonatype.org/service/local/artifact/maven/redirect?r=central-proxy&g=org.apache.ws.commons.axiom&a=axiom-testutils&v=1.2.9&e=pom, ,
axiom,1.2.10,org.apache.ws.commons.axiom,central-proxy,https://repository.sonatype.org/service/local/artifact/maven/redirect?r=central-proxy&g=org.apache.ws.commons.axiom&a=axiom&v=1.2.10&e=pom,SCM[scm:svn:http://svn.apache.org/repos/asf/webservices/commons/tags/axiom/1.2.10;http://svn.apache.org/viewvc/webservices/commons/tags/axiom/1.2.10],
axiom-api,1.2.10,org.apache.ws.commons.axiom,central-proxy,https://repository.sonatype.org/service/local/artifact/maven/redirect?r=central-proxy&g=org.apache.ws.commons.axiom&a=axiom-api&v=1.2.10&e=pom,SCM[scm:svn:http://svn.apache.org/repos/asf/webservices/commons/tags/axiom/1.2.10/modules/axiom-api;http://svn.apache.org/viewvc/webservices/commons/tags/axiom/1.2.10/modules/axiom-api],
axiom-c14n,1.2.10,org.apache.ws.commons.axiom,central-proxy,https://repository.sonatype.org/service/local/artifact/maven/redirect?r=central-proxy&g=org.apache.ws.commons.axiom&a=axiom-c14n&v=1.2.10&e=pom,SCM[scm:svn:http://svn.apache.org/repos/asf/webservices/commons/tags/axiom/1.2.10/modules/axiom-c14n;http://svn.apache.org/viewvc/webservices/commons/tags/axiom/1.2.10/modules/axiom-c14n],
axiom-dom,1.2.10,org.apache.ws.commons.axiom,central-proxy,https://repository.sonatype.org/service/local/artifact/maven/redirect?r=central-proxy&g=org.apache.ws.commons.axiom&a=axiom-dom&v=1.2.10&e=pom,SCM[scm:svn:http://svn.apache.org/repos/asf/webservices/commons/tags/axiom/1.2.10/modules/axiom-dom;http://svn.apache.org/viewvc/webservices/commons/tags/axiom/1.2.10/modules/axiom-dom],
axiom-impl,1.2.10,org.apache.ws.commons.axiom,central-proxy,https://repository.sonatype.org/service/local/artifact/maven/redirect?r=central-proxy&g=org.apache.ws.commons.axiom&a=axiom-impl&v=1.2.10&e=pom,SCM[scm:svn:http://svn.apache.org/repos/asf/webservices/commons/tags/axiom/1.2.10/modules/axiom-impl;http://svn.apache.org/viewvc/webservices/commons/tags/axiom/1.2.10/modules/axiom-impl],
axiom-jaxen-testsuite,1.2.10,org.apache.ws.commons.axiom,central-proxy,https://repository.sonatype.org/service/local/artifact/maven/redirect?r=central-proxy&g=org.apache.ws.commons.axiom&a=axiom-jaxen-testsuite&v=1.2.10&e=pom,SCM[scm:svn:http://svn.apache.org/repos/asf/webservices/commons/tags/axiom/1.2.10/modules/axiom-jaxen-testsuite;http://svn.apache.org/viewvc/webservices/commons/tags/axiom/1.2.10/modules/axiom-jaxen-testsuite],
axiom-parent,1.2.10,org.apache.ws.commons.axiom,central-proxy,https://repository.sonatype.org/service/local/artifact/maven/redirect?r=central-proxy&g=org.apache.ws.commons.axiom&a=axiom-parent&v=1.2.10&e=pom,SCM[scm:svn:http://svn.apache.org/repos/asf/webservices/commons/tags/axiom/1.2.10/modules/axiom-parent;http://svn.apache.org/viewvc/webservices/commons/tags/axiom/1.2.10/modules/axiom-parent],
axiom-testutils,1.2.10,org.apache.ws.commons.axiom,central-proxy,https://repository.sonatype.org/service/local/artifact/maven/redirect?r=central-proxy&g=org.apache.ws.commons.axiom&a=axiom-testutils&v=1.2.10&e=pom,SCM[scm:svn:http://svn.apache.org/repos/asf/webservices/commons/tags/axiom/1.2.10/modules/axiom-testutils;http://svn.apache.org/viewvc/webservices/commons/tags/axiom/1.2.10/modules/axiom-testutils],
axiom,1.2.11,org.apache.ws.commons.axiom,central-proxy,https://repository.sonatype.org/service/local/artifact/maven/redirect?r=central-proxy&g=org.apache.ws.commons.axiom&a=axiom&v=1.2.11&e=pom,SCM[scm:svn:http://svn.apache.org/repos/asf/webservices/commons/tags/axiom/1.2.11;http://svn.apache.org/viewvc/webservices/commons/tags/axiom/1.2.11],
axiom-api,1.2.11,org.apache.ws.commons.axiom,central-proxy,https://repository.sonatype.org/service/local/artifact/maven/redirect?r=central-proxy&g=org.apache.ws.commons.axiom&a=axiom-api&v=1.2.11&e=pom,SCM[scm:svn:http://svn.apache.org/repos/asf/webservices/commons/tags/axiom/1.2.11/modules/axiom-api;http://svn.apache.org/viewvc/webservices/commons/tags/axiom/1.2.11/modules/axiom-api],
axiom-c14n,1.2.11,org.apache.ws.commons.axiom,central-proxy,https://repository.sonatype.org/service/local/artifact/maven/redirect?r=central-proxy&g=org.apache.ws.commons.axiom&a=axiom-c14n&v=1.2.11&e=pom,SCM[scm:svn:http://svn.apache.org/repos/asf/webservices/commons/tags/axiom/1.2.11/modules/axiom-c14n;http://svn.apache.org/viewvc/webservices/commons/tags/axiom/1.2.11/modules/axiom-c14n],
axiom-dom,1.2.11,org.apache.ws.commons.axiom,central-proxy,https://repository.sonatype.org/service/local/artifact/maven/redirect?r=central-proxy&g=org.apache.ws.commons.axiom&a=axiom-dom&v=1.2.11&e=pom,SCM[scm:svn:http://svn.apache.org/repos/asf/webservices/commons/tags/axiom/1.2.11/modules/axiom-dom;http://svn.apache.org/viewvc/webservices/commons/tags/axiom/1.2.11/modules/axiom-dom],
axiom-impl,1.2.11,org.apache.ws.commons.axiom,central-proxy,https://repository.sonatype.org/service/local/artifact/maven/redirect?r=central-proxy&g=org.apache.ws.commons.axiom&a=axiom-impl&v=1.2.11&e=pom,SCM[scm:svn:http://svn.apache.org/repos/asf/webservices/commons/tags/axiom/1.2.11/modules/axiom-impl;http://svn.apache.org/viewvc/webservices/commons/tags/axiom/1.2.11/modules/axiom-impl],
axiom-jaxen-testsuite,1.2.11,org.apache.ws.commons.axiom,central-proxy,https://repository.sonatype.org/service/local/artifact/maven/redirect?r=central-proxy&g=org.apache.ws.commons.axiom&a=axiom-jaxen-testsuite&v=1.2.11&e=pom,SCM[scm:svn:http://svn.apache.org/repos/asf/webservices/commons/tags/axiom/1.2.11/modules/axiom-jaxen-testsuite;http://svn.apache.org/viewvc/webservices/commons/tags/axiom/1.2.11/modules/axiom-jaxen-testsuite],
axiom-parent,1.2.11,org.apache.ws.commons.axiom,central-proxy,https://repository.sonatype.org/service/local/artifact/maven/redirect?r=central-proxy&g=org.apache.ws.commons.axiom&a=axiom-parent&v=1.2.11&e=pom,SCM[scm:svn:http://svn.apache.org/repos/asf/webservices/commons/tags/axiom/1.2.11/modules/axiom-parent;http://svn.apache.org/viewvc/webservices/commons/tags/axiom/1.2.11/modules/axiom-parent],
axiom-testsuite,1.2.11,org.apache.ws.commons.axiom,central-proxy,https://repository.sonatype.org/service/local/artifact/maven/redirect?r=central-proxy&g=org.apache.ws.commons.axiom&a=axiom-testsuite&v=1.2.11&e=pom,SCM[scm:svn:http://svn.apache.org/repos/asf/webservices/commons/tags/axiom/1.2.11/modules/axiom-testsuite;http://svn.apache.org/viewvc/webservices/commons/tags/axiom/1.2.11/modules/axiom-testsuite],
axiom-testutils,1.2.11,org.apache.ws.commons.axiom,central-proxy,https://repository.sonatype.org/service/local/artifact/maven/redirect?r=central-proxy&g=org.apache.ws.commons.axiom&a=axiom-testutils&v=1.2.11&e=pom,SCM[scm:svn:http://svn.apache.org/repos/asf/webservices/commons/tags/axiom/1.2.11/modules/axiom-testutils;http://svn.apache.org/viewvc/webservices/commons/tags/axiom/1.2.11/modules/axiom-testutils],
axiom,1.2.12,org.apache.ws.commons.axiom,central-proxy,https://repository.sonatype.org/service/local/artifact/maven/redirect?r=central-proxy&g=org.apache.ws.commons.axiom&a=axiom&v=1.2.12&e=pom,SCM[scm:svn:http://svn.apache.org/repos/asf/webservices/commons/tags/axiom/1.2.12;http://svn.apache.org/viewvc/webservices/commons/tags/axiom/1.2.12],
axiom-api,1.2.12,org.apache.ws.commons.axiom,central-proxy,https://repository.sonatype.org/service/local/artifact/maven/redirect?r=central-proxy&g=org.apache.ws.commons.axiom&a=axiom-api&v=1.2.12&e=pom,SCM[scm:svn:http://svn.apache.org/repos/asf/webservices/commons/tags/axiom/1.2.12/modules/axiom-api;http://svn.apache.org/viewvc/webservices/commons/tags/axiom/1.2.12/modules/axiom-api],
axiom-c14n,1.2.12,org.apache.ws.commons.axiom,central-proxy,https://repository.sonatype.org/service/local/artifact/maven/redirect?r=central-proxy&g=org.apache.ws.commons.axiom&a=axiom-c14n&v=1.2.12&e=pom,SCM[scm:svn:http://svn.apache.org/repos/asf/webservices/commons/tags/axiom/1.2.12/modules/axiom-c14n;http://svn.apache.org/viewvc/webservices/commons/tags/axiom/1.2.12/modules/axiom-c14n],
axiom-dom,1.2.12,org.apache.ws.commons.axiom,central-proxy,https://repository.sonatype.org/service/local/artifact/maven/redirect?r=central-proxy&g=org.apache.ws.commons.axiom&a=axiom-dom&v=1.2.12&e=pom,SCM[scm:svn:http://svn.apache.org/repos/asf/webservices/commons/tags/axiom/1.2.12/modules/axiom-dom;http://svn.apache.org/viewvc/webservices/commons/tags/axiom/1.2.12/modules/axiom-dom],
axiom-impl,1.2.12,org.apache.ws.commons.axiom,central-proxy,https://repository.sonatype.org/service/local/artifact/maven/redirect?r=central-proxy&g=org.apache.ws.commons.axiom&a=axiom-impl&v=1.2.12&e=pom,SCM[scm:svn:http://svn.apache.org/repos/asf/webservices/commons/tags/axiom/1.2.12/modules/axiom-impl;http://svn.apache.org/viewvc/webservices/commons/tags/axiom/1.2.12/modules/axiom-impl],
axiom-jaxen-testsuite,1.2.12,org.apache.ws.commons.axiom,central-proxy,https://repository.sonatype.org/service/local/artifact/maven/redirect?r=central-proxy&g=org.apache.ws.commons.axiom&a=axiom-jaxen-testsuite&v=1.2.12&e=pom,SCM[scm:svn:http://svn.apache.org/repos/asf/webservices/commons/tags/axiom/1.2.12/modules/axiom-jaxen-testsuite;http://svn.apache.org/viewvc/webservices/commons/tags/axiom/1.2.12/modules/axiom-jaxen-testsuite],
axiom-parent,1.2.12,org.apache.ws.commons.axiom,central-proxy,https://repository.sonatype.org/service/local/artifact/maven/redirect?r=central-proxy&g=org.apache.ws.commons.axiom&a=axiom-parent&v=1.2.12&e=pom,SCM[scm:svn:http://svn.apache.org/repos/asf/webservices/commons/tags/axiom/1.2.12/modules/axiom-parent;http://svn.apache.org/viewvc/webservices/commons/tags/axiom/1.2.12/modules/axiom-parent],
axiom-testsuite,1.2.12,org.apache.ws.commons.axiom,central-proxy,https://repository.sonatype.org/service/local/artifact/maven/redirect?r=central-proxy&g=org.apache.ws.commons.axiom&a=axiom-testsuite&v=1.2.12&e=pom,SCM[scm:svn:http://svn.apache.org/repos/asf/webservices/commons/tags/axiom/1.2.12/modules/axiom-testsuite;http://svn.apache.org/viewvc/webservices/commons/tags/axiom/1.2.12/modules/axiom-testsuite],
axiom-testutils,1.2.12,org.apache.ws.commons.axiom,central-proxy,https://repository.sonatype.org/service/local/artifact/maven/redirect?r=central-proxy&g=org.apache.ws.commons.axiom&a=axiom-testutils&v=1.2.12&e=pom,SCM[scm:svn:http://svn.apache.org/repos/asf/webservices/commons/tags/axiom/1.2.12/modules/axiom-testutils;http://svn.apache.org/viewvc/webservices/commons/tags/axiom/1.2.12/modules/axiom-testutils],
axiom-parent,1.1.1,org.apache.ws.commons.axiom,central-proxy,https://repository.sonatype.org/service/local/artifact/maven/redirect?r=central-proxy&g=org.apache.ws.commons.axiom&a=axiom-parent&v=1.1.1&e=pom,SCM[scm:svn:http://svn.apache.org/repos/asf/webservices/commons/trunk/modules/axiom;http://svn.apache.org/viewcvs.cgi/webservices/commons/trunk/modules/axiom],
axiom-osgi,1.2.9,org.apache.ws.commons.axiom,central-proxy,https://repository.sonatype.org/service/local/artifact/maven/redirect?r=central-proxy&g=org.apache.ws.commons.axiom&a=axiom-osgi&v=1.2.9&e=pom, ,
axiom-testutils,1.2.12-SNAPSHOT,org.apache.ws.commons.axiom,apache-snapshots,https://repository.sonatype.org/service/local/artifact/maven/redirect?r=apache-snapshots&g=org.apache.ws.commons.axiom&a=axiom-testutils&v=1.2.12-SNAPSHOT&e=pom, ,
axiom-testutils,1.2.11-SNAPSHOT,org.apache.ws.commons.axiom,apache-snapshots,https://repository.sonatype.org/service/local/artifact/maven/redirect?r=apache-snapshots&g=org.apache.ws.commons.axiom&a=axiom-testutils&v=1.2.11-SNAPSHOT&e=pom, ,
axiom-testsuite,1.2.12-SNAPSHOT,org.apache.ws.commons.axiom,apache-snapshots,https://repository.sonatype.org/service/local/artifact/maven/redirect?r=apache-snapshots&g=org.apache.ws.commons.axiom&a=axiom-testsuite&v=1.2.12-SNAPSHOT&e=pom, ,
axiom-testsuite,1.2.11-SNAPSHOT,org.apache.ws.commons.axiom,apache-snapshots,https://repository.sonatype.org/service/local/artifact/maven/redirect?r=apache-snapshots&g=org.apache.ws.commons.axiom&a=axiom-testsuite&v=1.2.11-SNAPSHOT&e=pom, ,
axiom-tests,1.2.10-SNAPSHOT,org.apache.ws.commons.axiom,apache-snapshots,https://repository.sonatype.org/service/local/artifact/maven/redirect?r=apache-snapshots&g=org.apache.ws.commons.axiom&a=axiom-tests&v=1.2.10-SNAPSHOT&e=pom,SCM[scm:svn:http://svn.apache.org/repos/asf/webservices/commons/trunk/modules/axiom/modules/axiom-tests;http://svn.apache.org/viewvc/webservices/commons/trunk/modules/axiom/modules/axiom-tests],
axiom-staxdialect-tests,1.2.10-SNAPSHOT,org.apache.ws.commons.axiom,apache-snapshots,https://repository.sonatype.org/service/local/artifact/maven/redirect?r=apache-snapshots&g=org.apache.ws.commons.axiom&a=axiom-staxdialect-tests&v=1.2.10-SNAPSHOT&e=pom,SCM[scm:svn:http://svn.apache.org/repos/asf/webservices/commons/trunk/modules/axiom/modules/axiom-staxdialect-tests;http://svn.apache.org/viewvc/webservices/commons/trunk/modules/axiom/modules/axiom-staxdialect-tests],
axiom-parser-tests,1.2.10-SNAPSHOT,org.apache.ws.commons.axiom,apache-snapshots,https://repository.sonatype.org/service/local/artifact/maven/redirect?r=apache-snapshots&g=org.apache.ws.commons.axiom&a=axiom-parser-tests&v=1.2.10-SNAPSHOT&e=pom,SCM[scm:svn:http://svn.apache.org/repos/asf/webservices/commons/trunk/modules/axiom/modules/axiom-parser-tests;http://svn.apache.org/viewvc/webservices/commons/trunk/modules/axiom/modules/axiom-parser-tests],
axiom-parent,1.2.12-SNAPSHOT,org.apache.ws.commons.axiom,apache-snapshots,https://repository.sonatype.org/service/local/artifact/maven/redirect?r=apache-snapshots&g=org.apache.ws.commons.axiom&a=axiom-parent&v=1.2.12-SNAPSHOT&e=pom,SCM[scm:svn:http://svn.apache.org/repos/asf/webservices/commons/trunk/modules/axiom/modules/axiom-parent;http://svn.apache.org/viewvc/webservices/commons/trunk/modules/axiom/modules/axiom-parent],
axiom-parent,1.2.11-SNAPSHOT,org.apache.ws.commons.axiom,apache-snapshots,https://repository.sonatype.org/service/local/artifact/maven/redirect?r=apache-snapshots&g=org.apache.ws.commons.axiom&a=axiom-parent&v=1.2.11-SNAPSHOT&e=pom, ,
axiom-osgi-run,1.2.10-SNAPSHOT,org.apache.ws.commons.axiom,apache-snapshots,https://repository.sonatype.org/service/local/artifact/maven/redirect?r=apache-snapshots&g=org.apache.ws.commons.axiom&a=axiom-osgi-run&v=1.2.10-SNAPSHOT&e=pom, ,
axiom-osgi-build,1.2.10-SNAPSHOT,org.apache.ws.commons.axiom,apache-snapshots,https://repository.sonatype.org/service/local/artifact/maven/redirect?r=apache-snapshots&g=org.apache.ws.commons.axiom&a=axiom-osgi-build&v=1.2.10-SNAPSHOT&e=pom, ,
axiom-osgi,1.2.10-SNAPSHOT,org.apache.ws.commons.axiom,apache-snapshots,https://repository.sonatype.org/service/local/artifact/maven/redirect?r=apache-snapshots&g=org.apache.ws.commons.axiom&a=axiom-osgi&v=1.2.10-SNAPSHOT&e=pom,SCM[scm:svn:http://svn.apache.org/repos/asf/webservices/commons/trunk/modules/axiom/modules/axiom-osgi;http://svn.apache.org/viewvc/webservices/commons/trunk/modules/axiom/modules/axiom-osgi],
axiom-jaxen-testsuite,1.2.12-SNAPSHOT,org.apache.ws.commons.axiom,apache-snapshots,https://repository.sonatype.org/service/local/artifact/maven/redirect?r=apache-snapshots&g=org.apache.ws.commons.axiom&a=axiom-jaxen-testsuite&v=1.2.12-SNAPSHOT&e=pom, ,
axiom-jaxen-testsuite,1.2.11-SNAPSHOT,org.apache.ws.commons.axiom,apache-snapshots,https://repository.sonatype.org/service/local/artifact/maven/redirect?r=apache-snapshots&g=org.apache.ws.commons.axiom&a=axiom-jaxen-testsuite&v=1.2.11-SNAPSHOT&e=pom, ,
axiom-integration,1.2.10-SNAPSHOT,org.apache.ws.commons.axiom,apache-snapshots,https://repository.sonatype.org/service/local/artifact/maven/redirect?r=apache-snapshots&g=org.apache.ws.commons.axiom&a=axiom-integration&v=1.2.10-SNAPSHOT&e=pom,SCM[scm:svn:http://svn.apache.org/repos/asf/webservices/commons/trunk/modules/axiom/modules/axiom-integration;http://svn.apache.org/viewvc/webservices/commons/trunk/modules/axiom/modules/axiom-integration],
axiom-impl,1.2.12-SNAPSHOT,org.apache.ws.commons.axiom,apache-snapshots,https://repository.sonatype.org/service/local/artifact/maven/redirect?r=apache-snapshots&g=org.apache.ws.commons.axiom&a=axiom-impl&v=1.2.12-SNAPSHOT&e=pom,SCM[scm:svn:http://svn.apache.org/repos/asf/webservices/commons/trunk/modules/axiom/modules/axiom-impl;http://svn.apache.org/viewvc/webservices/commons/trunk/modules/axiom/modules/axiom-impl],
axiom-impl,1.2.11-SNAPSHOT,org.apache.ws.commons.axiom,apache-snapshots,https://repository.sonatype.org/service/local/artifact/maven/redirect?r=apache-snapshots&g=org.apache.ws.commons.axiom&a=axiom-impl&v=1.2.11-SNAPSHOT&e=pom, ,
axiom-dom,1.2.12-SNAPSHOT,org.apache.ws.commons.axiom,apache-snapshots,https://repository.sonatype.org/service/local/artifact/maven/redirect?r=apache-snapshots&g=org.apache.ws.commons.axiom&a=axiom-dom&v=1.2.12-SNAPSHOT&e=pom, ,
axiom-dom,1.2.11-SNAPSHOT,org.apache.ws.commons.axiom,apache-snapshots,https://repository.sonatype.org/service/local/artifact/maven/redirect?r=apache-snapshots&g=org.apache.ws.commons.axiom&a=axiom-dom&v=1.2.11-SNAPSHOT&e=pom, ,
axiom-c14n,1.2.12-SNAPSHOT,org.apache.ws.commons.axiom,apache-snapshots,https://repository.sonatype.org/service/local/artifact/maven/redirect?r=apache-snapshots&g=org.apache.ws.commons.axiom&a=axiom-c14n&v=1.2.12-SNAPSHOT&e=pom, ,
axiom-c14n,1.2.11-SNAPSHOT,org.apache.ws.commons.axiom,apache-snapshots,https://repository.sonatype.org/service/local/artifact/maven/redirect?r=apache-snapshots&g=org.apache.ws.commons.axiom&a=axiom-c14n&v=1.2.11-SNAPSHOT&e=pom, ,
axiom-api,1.2.12-SNAPSHOT,org.apache.ws.commons.axiom,apache-snapshots,https://repository.sonatype.org/service/local/artifact/maven/redirect?r=apache-snapshots&g=org.apache.ws.commons.axiom&a=axiom-api&v=1.2.12-SNAPSHOT&e=pom,SCM[scm:svn:http://svn.apache.org/repos/asf/webservices/commons/trunk/modules/axiom/modules/axiom-api;http://svn.apache.org/viewvc/webservices/commons/trunk/modules/axiom/modules/axiom-api],
axiom-api,1.2.11-SNAPSHOT,org.apache.ws.commons.axiom,apache-snapshots,https://repository.sonatype.org/service/local/artifact/maven/redirect?r=apache-snapshots&g=org.apache.ws.commons.axiom&a=axiom-api&v=1.2.11-SNAPSHOT&e=pom, ,
axiom,1.2.12-SNAPSHOT,org.apache.ws.commons.axiom,apache-snapshots,https://repository.sonatype.org/service/local/artifact/maven/redirect?r=apache-snapshots&g=org.apache.ws.commons.axiom&a=axiom&v=1.2.12-SNAPSHOT&e=pom, ,
axiom,1.2.11-SNAPSHOT,org.apache.ws.commons.axiom,apache-snapshots,https://repository.sonatype.org/service/local/artifact/maven/redirect?r=apache-snapshots&g=org.apache.ws.commons.axiom&a=axiom&v=1.2.11-SNAPSHOT&e=pom, ,
axiom-parent,1.2.13-SNAPSHOT,org.apache.ws.commons.axiom,apache-snapshots,https://repository.sonatype.org/service/local/artifact/maven/redirect?r=apache-snapshots&g=org.apache.ws.commons.axiom&a=axiom-parent&v=1.2.13-SNAPSHOT&e=pom,SCM[scm:svn:http://svn.apache.org/repos/asf/webservices/commons/trunk/modules/axiom/modules/axiom-parent;http://svn.apache.org/viewvc/webservices/commons/trunk/modules/axiom/modules/axiom-parent],
axiom-impl,1.2.13-SNAPSHOT,org.apache.ws.commons.axiom,apache-snapshots,https://repository.sonatype.org/service/local/artifact/maven/redirect?r=apache-snapshots&g=org.apache.ws.commons.axiom&a=axiom-impl&v=1.2.13-SNAPSHOT&e=pom,SCM[scm:svn:http://svn.apache.org/repos/asf/webservices/commons/trunk/modules/axiom/modules/axiom-impl;http://svn.apache.org/viewvc/webservices/commons/trunk/modules/axiom/modules/axiom-impl],
axiom-dom,1.2.13-SNAPSHOT,org.apache.ws.commons.axiom,apache-snapshots,https://repository.sonatype.org/service/local/artifact/maven/redirect?r=apache-snapshots&g=org.apache.ws.commons.axiom&a=axiom-dom&v=1.2.13-SNAPSHOT&e=pom,SCM[scm:svn:http://svn.apache.org/repos/asf/webservices/commons/trunk/modules/axiom/modules/axiom-dom;http://svn.apache.org/viewvc/webservices/commons/trunk/modules/axiom/modules/axiom-dom],
axiom-api,1.2.13-SNAPSHOT,org.apache.ws.commons.axiom,apache-snapshots,https://repository.sonatype.org/service/local/artifact/maven/redirect?r=apache-snapshots&g=org.apache.ws.commons.axiom&a=axiom-api&v=1.2.13-SNAPSHOT&e=pom,SCM[scm:svn:http://svn.apache.org/repos/asf/webservices/commons/trunk/modules/axiom/modules/axiom-api;http://svn.apache.org/viewvc/webservices/commons/trunk/modules/axiom/modules/axiom-api],
axis2,0.95,axis2,central-proxy,https://repository.sonatype.org/service/local/artifact/maven/redirect?r=central-proxy&g=axis2&a=axis2&v=0.95&e=pom, ,
axis2,1.0,axis2,central-proxy,https://repository.sonatype.org/service/local/artifact/maven/redirect?r=central-proxy&g=axis2&a=axis2&v=1.0&e=pom, ,
axis2-adb,0.94,axis2,central-proxy,https://repository.sonatype.org/service/local/artifact/maven/redirect?r=central-proxy&g=axis2&a=axis2-adb&v=0.94&e=pom, ,
axis2-adb,0.95,axis2,central-proxy,https://repository.sonatype.org/service/local/artifact/maven/redirect?r=central-proxy&g=axis2&a=axis2-adb&v=0.95&e=pom, ,
axis2-adb,1.0,axis2,central-proxy,https://repository.sonatype.org/service/local/artifact/maven/redirect?r=central-proxy&g=axis2&a=axis2-adb&v=1.0&e=pom, ,
axis2-codegen,0.94,axis2,central-proxy,https://repository.sonatype.org/service/local/artifact/maven/redirect?r=central-proxy&g=axis2&a=axis2-codegen&v=0.94&e=pom, ,
axis2-codegen,0.95,axis2,central-proxy,https://repository.sonatype.org/service/local/artifact/maven/redirect?r=central-proxy&g=axis2&a=axis2-codegen&v=0.95&e=pom, ,
axis2-codegen,1.0,axis2,central-proxy,https://repository.sonatype.org/service/local/artifact/maven/redirect?r=central-proxy&g=axis2&a=axis2-codegen&v=1.0&e=pom, ,
axis2-core,0.94,axis2,central-proxy,https://repository.sonatype.org/service/local/artifact/maven/redirect?r=central-proxy&g=axis2&a=axis2-core&v=0.94&e=pom, ,
axis2-doom,0.94,axis2,central-proxy,https://repository.sonatype.org/service/local/artifact/maven/redirect?r=central-proxy&g=axis2&a=axis2-doom&v=0.94&e=pom, ,
axis2-doom,0.95,axis2,central-proxy,https://repository.sonatype.org/service/local/artifact/maven/redirect?r=central-proxy&g=axis2&a=axis2-doom&v=0.95&e=pom, ,
axis2-java2wsdl,1.0,axis2,central-proxy,https://repository.sonatype.org/service/local/artifact/maven/redirect?r=central-proxy&g=axis2&a=axis2-java2wsdl&v=1.0&e=pom, ,
axis2-jibx,1.0,axis2,central-proxy,https://repository.sonatype.org/service/local/artifact/maven/redirect?r=central-proxy&g=axis2&a=axis2-jibx&v=1.0&e=pom, ,
axis2-kernel,0.95,axis2,central-proxy,https://repository.sonatype.org/service/local/artifact/maven/redirect?r=central-proxy&g=axis2&a=axis2-kernel&v=0.95&e=pom, ,
axis2-kernel,1.0,axis2,central-proxy,https://repository.sonatype.org/service/local/artifact/maven/redirect?r=central-proxy&g=axis2&a=axis2-kernel&v=1.0&e=pom, ,
axis2-xmlbeans,1.0,axis2,central-proxy,https://repository.sonatype.org/service/local/artifact/maven/redirect?r=central-proxy&g=axis2&a=axis2-xmlbeans&v=1.0&e=pom, ,
axis2,1.1.1,org.apache.axis2,central-proxy,https://repository.sonatype.org/service/local/artifact/maven/redirect?r=central-proxy&g=org.apache.axis2&a=axis2&v=1.1.1&e=pom, ,
axis2,1.2,org.apache.axis2,central-proxy,https://repository.sonatype.org/service/local/artifact/maven/redirect?r=central-proxy&g=org.apache.axis2&a=axis2&v=1.2&e=pom,SCM[scm:svn:http://svn.apache.org/repos/asf/webservices/axis2/branches/java/1_2/;http://svn.apache.org/viewvc/webservices/axis2/branches/java/1_2/],
axis2,1.3,org.apache.axis2,central-proxy,https://repository.sonatype.org/service/local/artifact/maven/redirect?r=central-proxy&g=org.apache.axis2&a=axis2&v=1.3&e=pom,SCM[scm:svn:http://svn.apache.org/repos/asf/webservices/axis2/trunk/java/;http://svn.apache.org/viewvc/webservices/webservices/axis2/trunk/java/],
axis2,1.4,org.apache.axis2,central-proxy,https://repository.sonatype.org/service/local/artifact/maven/redirect?r=central-proxy&g=org.apache.axis2&a=axis2&v=1.4&e=pom,SCM[scm:svn:http://svn.apache.org/repos/asf/webservices/axis2/trunk/java/;http://svn.apache.org/viewvc/webservices/webservices/axis2/trunk/java/],
axis2,1.4.1,org.apache.axis2,central-proxy,https://repository.sonatype.org/service/local/artifact/maven/redirect?r=central-proxy&g=org.apache.axis2&a=axis2&v=1.4.1&e=pom,SCM[scm:svn:http://svn.apache.org/repos/asf/webservices/axis2/trunk/java/;http://svn.apache.org/viewvc/webservices/webservices/axis2/trunk/java/],
axis2-aar-maven-plugin,1.2,org.apache.axis2,central-proxy,https://repository.sonatype.org/service/local/artifact/maven/redirect?r=central-proxy&g=org.apache.axis2&a=axis2-aar-maven-plugin&v=1.2&e=pom, ,
axis2-aar-maven-plugin,1.3,org.apache.axis2,central-proxy,https://repository.sonatype.org/service/local/artifact/maven/redirect?r=central-proxy&g=org.apache.axis2&a=axis2-aar-maven-plugin&v=1.3&e=pom, ,
axis2-aar-maven-plugin,1.4,org.apache.axis2,central-proxy,https://repository.sonatype.org/service/local/artifact/maven/redirect?r=central-proxy&g=org.apache.axis2&a=axis2-aar-maven-plugin&v=1.4&e=pom, ,
axis2-aar-maven-plugin,1.4.1,org.apache.axis2,central-proxy,https://repository.sonatype.org/service/local/artifact/maven/redirect?r=central-proxy&g=org.apache.axis2&a=axis2-aar-maven-plugin&v=1.4.1&e=pom, ,
axis2-adb,1.0,org.apache.axis2,central-proxy,https://repository.sonatype.org/service/local/artifact/maven/redirect?r=central-proxy&g=org.apache.axis2&a=axis2-adb&v=1.0&e=pom, ,
axis2-adb,1.1,org.apache.axis2,central-proxy,https://repository.sonatype.org/service/local/artifact/maven/redirect?r=central-proxy&g=org.apache.axis2&a=axis2-adb&v=1.1&e=pom, ,
axis2-adb,1.1.1,org.apache.axis2,central-proxy,https://repository.sonatype.org/service/local/artifact/maven/redirect?r=central-proxy&g=org.apache.axis2&a=axis2-adb&v=1.1.1&e=pom, ,
axis2-adb,1.2,org.apache.axis2,central-proxy,https://repository.sonatype.org/service/local/artifact/maven/redirect?r=central-proxy&g=org.apache.axis2&a=axis2-adb&v=1.2&e=pom, ,
axis2-adb,1.3,org.apache.axis2,central-proxy,https://repository.sonatype.org/service/local/artifact/maven/redirect?r=central-proxy&g=org.apache.axis2&a=axis2-adb&v=1.3&e=pom,SCM[scm:svn:http://svn.apache.org/repos/asf/webservices/axis2/trunk/java/modules/adb;http://svn.apache.org/viewvc/webservices/axis2/trunk/java/modules/adb],
axis2-adb,1.4,org.apache.axis2,central-proxy,https://repository.sonatype.org/service/local/artifact/maven/redirect?r=central-proxy&g=org.apache.axis2&a=axis2-adb&v=1.4&e=pom,SCM[scm:svn:http://svn.apache.org/repos/asf/webservices/axis2/trunk/java/modules/adb;http://svn.apache.org/viewvc/webservices/axis2/trunk/java/modules/adb],
axis2-adb,1.4.1,org.apache.axis2,central-proxy,https://repository.sonatype.org/service/local/artifact/maven/redirect?r=central-proxy&g=org.apache.axis2&a=axis2-adb&v=1.4.1&e=pom,SCM[scm:svn:http://svn.apache.org/repos/asf/webservices/axis2/trunk/java/modules/adb;http://svn.apache.org/viewvc/webservices/axis2/trunk/java/modules/adb],
axis2-adb-codegen,1.1,org.apache.axis2,central-proxy,https://repository.sonatype.org/service/local/artifact/maven/redirect?r=central-proxy&g=org.apache.axis2&a=axis2-adb-codegen&v=1.1&e=pom, ,
axis2-adb-codegen,1.1.1,org.apache.axis2,central-proxy,https://repository.sonatype.org/service/local/artifact/maven/redirect?r=central-proxy&g=org.apache.axis2&a=axis2-adb-codegen&v=1.1.1&e=pom, ,
axis2-adb-codegen,1.2,org.apache.axis2,central-proxy,https://repository.sonatype.org/service/local/artifact/maven/redirect?r=central-proxy&g=org.apache.axis2&a=axis2-adb-codegen&v=1.2&e=pom, ,
axis2-adb-codegen,1.3,org.apache.axis2,central-proxy,https://repository.sonatype.org/service/local/artifact/maven/redirect?r=central-proxy&g=org.apache.axis2&a=axis2-adb-codegen&v=1.3&e=pom, ,
axis2-adb-codegen,1.4,org.apache.axis2,central-proxy,https://repository.sonatype.org/service/local/artifact/maven/redirect?r=central-proxy&g=org.apache.axis2&a=axis2-adb-codegen&v=1.4&e=pom, ,
axis2-adb-codegen,1.4.1,org.apache.axis2,central-proxy,https://repository.sonatype.org/service/local/artifact/maven/redirect?r=central-proxy&g=org.apache.axis2&a=axis2-adb-codegen&v=1.4.1&e=pom, ,
axis2-addressing,1.2,org.apache.axis2,central-proxy,https://repository.sonatype.org/service/local/artifact/maven/redirect?r=central-proxy&g=org.apache.axis2&a=axis2-addressing&v=1.2&e=pom, ,
axis2-ant-plugin,1.4,org.apache.axis2,central-proxy,https://repository.sonatype.org/service/local/artifact/maven/redirect?r=central-proxy&g=org.apache.axis2&a=axis2-ant-plugin&v=1.4&e=pom, ,
axis2-ant-plugin,1.4.1,org.apache.axis2,central-proxy,https://repository.sonatype.org/service/local/artifact/maven/redirect?r=central-proxy&g=org.apache.axis2&a=axis2-ant-plugin&v=1.4.1&e=pom, ,
axis2-clustering,1.4,org.apache.axis2,central-proxy,https://repository.sonatype.org/service/local/artifact/maven/redirect?r=central-proxy&g=org.apache.axis2&a=axis2-clustering&v=1.4&e=pom, ,
axis2-clustering,1.4.1,org.apache.axis2,central-proxy,https://repository.sonatype.org/service/local/artifact/maven/redirect?r=central-proxy&g=org.apache.axis2&a=axis2-clustering&v=1.4.1&e=pom, ,
axis2-codegen,1.1,org.apache.axis2,central-proxy,https://repository.sonatype.org/service/local/artifact/maven/redirect?r=central-proxy&g=org.apache.axis2&a=axis2-codegen&v=1.1&e=pom, ,
axis2-codegen,1.1.1,org.apache.axis2,central-proxy,https://repository.sonatype.org/service/local/artifact/maven/redirect?r=central-proxy&g=org.apache.axis2&a=axis2-codegen&v=1.1.1&e=pom, ,
axis2-codegen,1.2,org.apache.axis2,central-proxy,https://repository.sonatype.org/service/local/artifact/maven/redirect?r=central-proxy&g=org.apache.axis2&a=axis2-codegen&v=1.2&e=pom, ,
axis2-codegen,1.3,org.apache.axis2,central-proxy,https://repository.sonatype.org/service/local/artifact/maven/redirect?r=central-proxy&g=org.apache.axis2&a=axis2-codegen&v=1.3&e=pom, ,
axis2-codegen,1.4,org.apache.axis2,central-proxy,https://repository.sonatype.org/service/local/artifact/maven/redirect?r=central-proxy&g=org.apache.axis2&a=axis2-codegen&v=1.4&e=pom, ,
axis2-codegen,1.4.1,org.apache.axis2,central-proxy,https://repository.sonatype.org/service/local/artifact/maven/redirect?r=central-proxy&g=org.apache.axis2&a=axis2-codegen&v=1.4.1&e=pom, ,
axis2-corba,1.4,org.apache.axis2,central-proxy,https://repository.sonatype.org/service/local/artifact/maven/redirect?r=central-proxy&g=org.apache.axis2&a=axis2-corba&v=1.4&e=pom, ,
axis2-corba,1.4.1,org.apache.axis2,central-proxy,https://repository.sonatype.org/service/local/artifact/maven/redirect?r=central-proxy&g=org.apache.axis2&a=axis2-corba&v=1.4.1&e=pom, ,
axis2-fastinfoset,1.2,org.apache.axis2,central-proxy,https://repository.sonatype.org/service/local/artifact/maven/redirect?r=central-proxy&g=org.apache.axis2&a=axis2-fastinfoset&v=1.2&e=pom, ,
axis2-fastinfoset,1.4,org.apache.axis2,central-proxy,https://repository.sonatype.org/service/local/artifact/maven/redirect?r=central-proxy&g=org.apache.axis2&a=axis2-fastinfoset&v=1.4&e=pom, ,
axis2-fastinfoset,1.4.1,org.apache.axis2,central-proxy,https://repository.sonatype.org/service/local/artifact/maven/redirect?r=central-proxy&g=org.apache.axis2&a=axis2-fastinfoset&v=1.4.1&e=pom, ,
axis2-idea-plugin,1.4,org.apache.axis2,central-proxy,https://repository.sonatype.org/service/local/artifact/maven/redirect?r=central-proxy&g=org.apache.axis2&a=axis2-idea-plugin&v=1.4&e=pom, ,
axis2-idea-plugin,1.4.1,org.apache.axis2,central-proxy,https://repository.sonatype.org/service/local/artifact/maven/redirect?r=central-proxy&g=org.apache.axis2&a=axis2-idea-plugin&v=1.4.1&e=pom, ,
axis2-integration,1.4,org.apache.axis2,central-proxy,https://repository.sonatype.org/service/local/artifact/maven/redirect?r=central-proxy&g=org.apache.axis2&a=axis2-integration&v=1.4&e=pom, ,
axis2-integration,1.4.1,org.apache.axis2,central-proxy,https://repository.sonatype.org/service/local/artifact/maven/redirect?r=central-proxy&g=org.apache.axis2&a=axis2-integration&v=1.4.1&e=pom, ,
axis2-java2wsdl,1.1,org.apache.axis2,central-proxy,https://repository.sonatype.org/service/local/artifact/maven/redirect?r=central-proxy&g=org.apache.axis2&a=axis2-java2wsdl&v=1.1&e=pom, ,
axis2-java2wsdl,1.1.1,org.apache.axis2,central-proxy,https://repository.sonatype.org/service/local/artifact/maven/redirect?r=central-proxy&g=org.apache.axis2&a=axis2-java2wsdl&v=1.1.1&e=pom, ,
axis2-java2wsdl,1.2,org.apache.axis2,central-proxy,https://repository.sonatype.org/service/local/artifact/maven/redirect?r=central-proxy&g=org.apache.axis2&a=axis2-java2wsdl&v=1.2&e=pom, ,
axis2-java2wsdl,1.3,org.apache.axis2,central-proxy,https://repository.sonatype.org/service/local/artifact/maven/redirect?r=central-proxy&g=org.apache.axis2&a=axis2-java2wsdl&v=1.3&e=pom, ,
axis2-java2wsdl,1.4,org.apache.axis2,central-proxy,https://repository.sonatype.org/service/local/artifact/maven/redirect?r=central-proxy&g=org.apache.axis2&a=axis2-java2wsdl&v=1.4&e=pom, ,
axis2-java2wsdl,1.4.1,org.apache.axis2,central-proxy,https://repository.sonatype.org/service/local/artifact/maven/redirect?r=central-proxy&g=org.apache.axis2&a=axis2-java2wsdl&v=1.4.1&e=pom, ,
axis2-java2wsdl-maven-plugin,1.4,org.apache.axis2,central-proxy,https://repository.sonatype.org/service/local/artifact/maven/redirect?r=central-proxy&g=org.apache.axis2&a=axis2-java2wsdl-maven-plugin&v=1.4&e=pom, ,
axis2-java2wsdl-maven-plugin,1.4.1,org.apache.axis2,central-proxy,https://repository.sonatype.org/service/local/artifact/maven/redirect?r=central-proxy&g=org.apache.axis2&a=axis2-java2wsdl-maven-plugin&v=1.4.1&e=pom, ,
axis2-jaxbri,1.1.1,org.apache.axis2,central-proxy,https://repository.sonatype.org/service/local/artifact/maven/redirect?r=central-proxy&g=org.apache.axis2&a=axis2-jaxbri&v=1.1.1&e=pom, ,
axis2-jaxbri,1.3,org.apache.axis2,central-proxy,https://repository.sonatype.org/service/local/artifact/maven/redirect?r=central-proxy&g=org.apache.axis2&a=axis2-jaxbri&v=1.3&e=pom, ,
axis2-jaxbri,1.4,org.apache.axis2,central-proxy,https://repository.sonatype.org/service/local/artifact/maven/redirect?r=central-proxy&g=org.apache.axis2&a=axis2-jaxbri&v=1.4&e=pom, ,
axis2-jaxbri,1.4.1,org.apache.axis2,central-proxy,https://repository.sonatype.org/service/local/artifact/maven/redirect?r=central-proxy&g=org.apache.axis2&a=axis2-jaxbri&v=1.4.1&e=pom, ,
axis2-jaxws,1.4,org.apache.axis2,central-proxy,https://repository.sonatype.org/service/local/artifact/maven/redirect?r=central-proxy&g=org.apache.axis2&a=axis2-jaxws&v=1.4&e=pom, ,
axis2-jaxws,1.4.1,org.apache.axis2,central-proxy,https://repository.sonatype.org/service/local/artifact/maven/redirect?r=central-proxy&g=org.apache.axis2&a=axis2-jaxws&v=1.4.1&e=pom, ,
axis2-jaxws-api,1.3,org.apache.axis2,central-proxy,https://repository.sonatype.org/service/local/artifact/maven/redirect?r=central-proxy&g=org.apache.axis2&a=axis2-jaxws-api&v=1.3&e=pom, ,
axis2-jaxws-api,1.4,org.apache.axis2,central-proxy,https://repository.sonatype.org/service/local/artifact/maven/redirect?r=central-proxy&g=org.apache.axis2&a=axis2-jaxws-api&v=1.4&e=pom, ,
axis2-jaxws-api,1.4.1,org.apache.axis2,central-proxy,https://repository.sonatype.org/service/local/artifact/maven/redirect?r=central-proxy&g=org.apache.axis2&a=axis2-jaxws-api&v=1.4.1&e=pom, ,
axis2-jaxws-integration,1.4,org.apache.axis2,central-proxy,https://repository.sonatype.org/service/local/artifact/maven/redirect?r=central-proxy&g=org.apache.axis2&a=axis2-jaxws-integration&v=1.4&e=pom, ,
axis2-jaxws-integration,1.4.1,org.apache.axis2,central-proxy,https://repository.sonatype.org/service/local/artifact/maven/redirect?r=central-proxy&g=org.apache.axis2&a=axis2-jaxws-integration&v=1.4.1&e=pom, ,
axis2-jibx,1.1,org.apache.axis2,central-proxy,https://repository.sonatype.org/service/local/artifact/maven/redirect?r=central-proxy&g=org.apache.axis2&a=axis2-jibx&v=1.1&e=pom, ,
axis2-jibx,1.1.1,org.apache.axis2,central-proxy,https://repository.sonatype.org/service/local/artifact/maven/redirect?r=central-proxy&g=org.apache.axis2&a=axis2-jibx&v=1.1.1&e=pom, ,
axis2-jibx,1.3,org.apache.axis2,central-proxy,https://repository.sonatype.org/service/local/artifact/maven/redirect?r=central-proxy&g=org.apache.axis2&a=axis2-jibx&v=1.3&e=pom, ,
axis2-jibx,1.4,org.apache.axis2,central-proxy,https://repository.sonatype.org/service/local/artifact/maven/redirect?r=central-proxy&g=org.apache.axis2&a=axis2-jibx&v=1.4&e=pom, ,
axis2-jibx,1.4.1,org.apache.axis2,central-proxy,https://repository.sonatype.org/service/local/artifact/maven/redirect?r=central-proxy&g=org.apache.axis2&a=axis2-jibx&v=1.4.1&e=pom, ,
axis2-json,1.4,org.apache.axis2,central-proxy,https://repository.sonatype.org/service/local/artifact/maven/redirect?r=central-proxy&g=org.apache.axis2&a=axis2-json&v=1.4&e=pom, ,
axis2-json,1.4.1,org.apache.axis2,central-proxy,https://repository.sonatype.org/service/local/artifact/maven/redirect?r=central-proxy&g=org.apache.axis2&a=axis2-json&v=1.4.1&e=pom, ,
axis2-jws-api,1.4,org.apache.axis2,central-proxy,https://repository.sonatype.org/service/local/artifact/maven/redirect?r=central-proxy&g=org.apache.axis2&a=axis2-jws-api&v=1.4&e=pom, ,
axis2-jws-api,1.4.1,org.apache.axis2,central-proxy,https://repository.sonatype.org/service/local/artifact/maven/redirect?r=central-proxy&g=org.apache.axis2&a=axis2-jws-api&v=1.4.1&e=pom, ,
axis2-kernel,1.0,org.apache.axis2,central-proxy,https://repository.sonatype.org/service/local/artifact/maven/redirect?r=central-proxy&g=org.apache.axis2&a=axis2-kernel&v=1.0&e=pom, ,
axis2-kernel,1.1,org.apache.axis2,central-proxy,https://repository.sonatype.org/service/local/artifact/maven/redirect?r=central-proxy&g=org.apache.axis2&a=axis2-kernel&v=1.1&e=pom, ,
axis2-kernel,1.1.1,org.apache.axis2,central-proxy,https://repository.sonatype.org/service/local/artifact/maven/redirect?r=central-proxy&g=org.apache.axis2&a=axis2-kernel&v=1.1.1&e=pom, ,
axis2-kernel,1.2,org.apache.axis2,central-proxy,https://repository.sonatype.org/service/local/artifact/maven/redirect?r=central-proxy&g=org.apache.axis2&a=axis2-kernel&v=1.2&e=pom, ,
axis2-kernel,1.3,org.apache.axis2,central-proxy,https://repository.sonatype.org/service/local/artifact/maven/redirect?r=central-proxy&g=org.apache.axis2&a=axis2-kernel&v=1.3&e=pom, ,
axis2-kernel,1.4,org.apache.axis2,central-proxy,https://repository.sonatype.org/service/local/artifact/maven/redirect?r=central-proxy&g=org.apache.axis2&a=axis2-kernel&v=1.4&e=pom, ,
axis2-kernel,1.4.1,org.apache.axis2,central-proxy,https://repository.sonatype.org/service/local/artifact/maven/redirect?r=central-proxy&g=org.apache.axis2&a=axis2-kernel&v=1.4.1&e=pom, ,
axis2-mar-maven-plugin,1.4,org.apache.axis2,central-proxy,https://repository.sonatype.org/service/local/artifact/maven/redirect?r=central-proxy&g=org.apache.axis2&a=axis2-mar-maven-plugin&v=1.4&e=pom, ,
axis2-mar-maven-plugin,1.4.1,org.apache.axis2,central-proxy,https://repository.sonatype.org/service/local/artifact/maven/redirect?r=central-proxy&g=org.apache.axis2&a=axis2-mar-maven-plugin&v=1.4.1&e=pom, ,
axis2-metadata,1.4,org.apache.axis2,central-proxy,https://repository.sonatype.org/service/local/artifact/maven/redirect?r=central-proxy&g=org.apache.axis2&a=axis2-metadata&v=1.4&e=pom, ,
axis2-metadata,1.4.1,org.apache.axis2,central-proxy,https://repository.sonatype.org/service/local/artifact/maven/redirect?r=central-proxy&g=org.apache.axis2&a=axis2-metadata&v=1.4.1&e=pom, ,
axis2-mex,1.2,org.apache.axis2,central-proxy,https://repository.sonatype.org/service/local/artifact/maven/redirect?r=central-proxy&g=org.apache.axis2&a=axis2-mex&v=1.2&e=pom, ,
axis2-mtompolicy,1.3,org.apache.axis2,central-proxy,https://repository.sonatype.org/service/local/artifact/maven/redirect?r=central-proxy&g=org.apache.axis2&a=axis2-mtompolicy&v=1.3&e=pom, ,
axis2-mtompolicy,1.4,org.apache.axis2,central-proxy,https://repository.sonatype.org/service/local/artifact/maven/redirect?r=central-proxy&g=org.apache.axis2&a=axis2-mtompolicy&v=1.4&e=pom, ,
axis2-mtompolicy,1.4.1,org.apache.axis2,central-proxy,https://repository.sonatype.org/service/local/artifact/maven/redirect?r=central-proxy&g=org.apache.axis2&a=axis2-mtompolicy&v=1.4.1&e=pom, ,
axis2-parent,1.2,org.apache.axis2,central-proxy,https://repository.sonatype.org/service/local/artifact/maven/redirect?r=central-proxy&g=org.apache.axis2&a=axis2-parent&v=1.2&e=pom, ,
axis2-parent,1.3,org.apache.axis2,central-proxy,https://repository.sonatype.org/service/local/artifact/maven/redirect?r=central-proxy&g=org.apache.axis2&a=axis2-parent&v=1.3&e=pom, ,
axis2-parent,1.4,org.apache.axis2,central-proxy,https://repository.sonatype.org/service/local/artifact/maven/redirect?r=central-proxy&g=org.apache.axis2&a=axis2-parent&v=1.4&e=pom, ,
axis2-parent,1.4.1,org.apache.axis2,central-proxy,https://repository.sonatype.org/service/local/artifact/maven/redirect?r=central-proxy&g=org.apache.axis2&a=axis2-parent&v=1.4.1&e=pom, ,
axis2-ping,1.2,org.apache.axis2,central-proxy,https://repository.sonatype.org/service/local/artifact/maven/redirect?r=central-proxy&g=org.apache.axis2&a=axis2-ping&v=1.2&e=pom, ,
axis2-rahas,1.1,org.apache.axis2,central-proxy,https://repository.sonatype.org/service/local/artifact/maven/redirect?r=central-proxy&g=org.apache.axis2&a=axis2-rahas&v=1.1&e=pom, ,
axis2-saaj,1.1,org.apache.axis2,central-proxy,https://repository.sonatype.org/service/local/artifact/maven/redirect?r=central-proxy&g=org.apache.axis2&a=axis2-saaj&v=1.1&e=pom, ,
axis2-saaj,1.1.1,org.apache.axis2,central-proxy,https://repository.sonatype.org/service/local/artifact/maven/redirect?r=central-proxy&g=org.apache.axis2&a=axis2-saaj&v=1.1.1&e=pom, ,
axis2-saaj,1.3,org.apache.axis2,central-proxy,https://repository.sonatype.org/service/local/artifact/maven/redirect?r=central-proxy&g=org.apache.axis2&a=axis2-saaj&v=1.3&e=pom,SCM[scm:svn:http://svn.apache.org/repos/asf/webservices/axis2/branches/java/1_3/modules/saaj;http://svn.apache.org/viewvc/webservices/axis2/branches/java/1_3/modules/saaj],
axis2-saaj,1.4,org.apache.axis2,central-proxy,https://repository.sonatype.org/service/local/artifact/maven/redirect?r=central-proxy&g=org.apache.axis2&a=axis2-saaj&v=1.4&e=pom,SCM[scm:svn:http://svn.apache.org/repos/asf/webservices/axis2/trunk/java/modules/saaj;http://svn.apache.org/viewvc/webservices/axis2/trunk/java/modules/saaj],
axis2-saaj,1.4.1,org.apache.axis2,central-proxy,https://repository.sonatype.org/service/local/artifact/maven/redirect?r=central-proxy&g=org.apache.axis2&a=axis2-saaj&v=1.4.1&e=pom,SCM[scm:svn:http://svn.apache.org/repos/asf/webservices/axis2/trunk/java/modules/saaj;http://svn.apache.org/viewvc/webservices/axis2/trunk/java/modules/saaj],
axis2-saaj-api,1.3,org.apache.axis2,central-proxy,https://repository.sonatype.org/service/local/artifact/maven/redirect?r=central-proxy&g=org.apache.axis2&a=axis2-saaj-api&v=1.3&e=pom, ,
axis2-saaj-api,1.4,org.apache.axis2,central-proxy,https://repository.sonatype.org/service/local/artifact/maven/redirect?r=central-proxy&g=org.apache.axis2&a=axis2-saaj-api&v=1.4&e=pom, ,
axis2-saaj-api,1.4.1,org.apache.axis2,central-proxy,https://repository.sonatype.org/service/local/artifact/maven/redirect?r=central-proxy&g=org.apache.axis2&a=axis2-saaj-api&v=1.4.1&e=pom, ,
axis2-samples,1.4,org.apache.axis2,central-proxy,https://repository.sonatype.org/service/local/artifact/maven/redirect?r=central-proxy&g=org.apache.axis2&a=axis2-samples&v=1.4&e=pom, ,
axis2-samples,1.4.1,org.apache.axis2,central-proxy,https://repository.sonatype.org/service/local/artifact/maven/redirect?r=central-proxy&g=org.apache.axis2&a=axis2-samples&v=1.4.1&e=pom, ,
axis2-scripting,1.4,org.apache.axis2,central-proxy,https://repository.sonatype.org/service/local/artifact/maven/redirect?r=central-proxy&g=org.apache.axis2&a=axis2-scripting&v=1.4&e=pom, ,
axis2-scripting,1.41,org.apache.axis2,central-proxy,https://repository.sonatype.org/service/local/artifact/maven/redirect?r=central-proxy&g=org.apache.axis2&a=axis2-scripting&v=1.41&e=pom, ,
axis2-secpolicy,1.1,org.apache.axis2,central-proxy,https://repository.sonatype.org/service/local/artifact/maven/redirect?r=central-proxy&g=org.apache.axis2&a=axis2-secpolicy&v=1.1&e=pom, ,
axis2-security,1.1,org.apache.axis2,central-proxy,https://repository.sonatype.org/service/local/artifact/maven/redirect?r=central-proxy&g=org.apache.axis2&a=axis2-security&v=1.1&e=pom, ,
axis2-soapmonitor,1.1,org.apache.axis2,central-proxy,https://repository.sonatype.org/service/local/artifact/maven/redirect?r=central-proxy&g=org.apache.axis2&a=axis2-soapmonitor&v=1.1&e=pom, ,
axis2-soapmonitor,1.1.1,org.apache.axis2,central-proxy,https://repository.sonatype.org/service/local/artifact/maven/redirect?r=central-proxy&g=org.apache.axis2&a=axis2-soapmonitor&v=1.1.1&e=pom, ,
axis2-soapmonitor,1.2,org.apache.axis2,central-proxy,https://repository.sonatype.org/service/local/artifact/maven/redirect?r=central-proxy&g=org.apache.axis2&a=axis2-soapmonitor&v=1.2&e=pom, ,
axis2-spring,1.1,org.apache.axis2,central-proxy,https://repository.sonatype.org/service/local/artifact/maven/redirect?r=central-proxy&g=org.apache.axis2&a=axis2-spring&v=1.1&e=pom, ,
axis2-spring,1.1.1,org.apache.axis2,central-proxy,https://repository.sonatype.org/service/local/artifact/maven/redirect?r=central-proxy&g=org.apache.axis2&a=axis2-spring&v=1.1.1&e=pom, ,
axis2-spring,1.3,org.apache.axis2,central-proxy,https://repository.sonatype.org/service/local/artifact/maven/redirect?r=central-proxy&g=org.apache.axis2&a=axis2-spring&v=1.3&e=pom, ,
axis2-spring,1.4,org.apache.axis2,central-proxy,https://repository.sonatype.org/service/local/artifact/maven/redirect?r=central-proxy&g=org.apache.axis2&a=axis2-spring&v=1.4&e=pom, ,
axis2-spring,1.4.1,org.apache.axis2,central-proxy,https://repository.sonatype.org/service/local/artifact/maven/redirect?r=central-proxy&g=org.apache.axis2&a=axis2-spring&v=1.4.1&e=pom, ,
axis2-tools,1.1,org.apache.axis2,central-proxy,https://repository.sonatype.org/service/local/artifact/maven/redirect?r=central-proxy&g=org.apache.axis2&a=axis2-tools&v=1.1&e=pom, ,
axis2-tools,1.1.1,org.apache.axis2,central-proxy,https://repository.sonatype.org/service/local/artifact/maven/redirect?r=central-proxy&g=org.apache.axis2&a=axis2-tools&v=1.1.1&e=pom, ,
axis2-wsdl2code-maven-plugin,1.3,org.apache.axis2,central-proxy,https://repository.sonatype.org/service/local/artifact/maven/redirect?r=central-proxy&g=org.apache.axis2&a=axis2-wsdl2code-maven-plugin&v=1.3&e=pom, ,
axis2-wsdl2code-maven-plugin,1.4,org.apache.axis2,central-proxy,https://repository.sonatype.org/service/local/artifact/maven/redirect?r=central-proxy&g=org.apache.axis2&a=axis2-wsdl2code-maven-plugin&v=1.4&e=pom, ,
axis2-wsdl2code-maven-plugin,1.4.1,org.apache.axis2,central-proxy,https://repository.sonatype.org/service/local/artifact/maven/redirect?r=central-proxy&g=org.apache.axis2&a=axis2-wsdl2code-maven-plugin&v=1.4.1&e=pom, ,
axis2-xmlbeans,1.1,org.apache.axis2,central-proxy,https://repository.sonatype.org/service/local/artifact/maven/redirect?r=central-proxy&g=org.apache.axis2&a=axis2-xmlbeans&v=1.1&e=pom, ,
axis2-xmlbeans,1.1.1,org.apache.axis2,central-proxy,https://repository.sonatype.org/service/local/artifact/maven/redirect?r=central-proxy&g=org.apache.axis2&a=axis2-xmlbeans&v=1.1.1&e=pom, ,
axis2-xmlbeans,1.3,org.apache.axis2,central-proxy,https://repository.sonatype.org/service/local/artifact/maven/redirect?r=central-proxy&g=org.apache.axis2&a=axis2-xmlbeans&v=1.3&e=pom, ,
axis2-xmlbeans,1.4,org.apache.axis2,central-proxy,https://repository.sonatype.org/service/local/artifact/maven/redirect?r=central-proxy&g=org.apache.axis2&a=axis2-xmlbeans&v=1.4&e=pom, ,
axis2-xmlbeans,1.4.1,org.apache.axis2,central-proxy,https://repository.sonatype.org/service/local/artifact/maven/redirect?r=central-proxy&g=org.apache.axis2&a=axis2-xmlbeans&v=1.4.1&e=pom, ,
axis2.eclipse.codegen.plugin,1.2,org.apache.axis2,central-proxy,https://repository.sonatype.org/service/local/artifact/maven/redirect?r=central-proxy&g=org.apache.axis2&a=axis2.eclipse.codegen.plugin&v=1.2&e=pom, ,
axis2.eclipse.codegen.plugin,1.3,org.apache.axis2,central-proxy,https://repository.sonatype.org/service/local/artifact/maven/redirect?r=central-proxy&g=org.apache.axis2&a=axis2.eclipse.codegen.plugin&v=1.3&e=pom, ,
axis2.eclipse.codegen.plugin,1.4.1,org.apache.axis2,central-proxy,https://repository.sonatype.org/service/local/artifact/maven/redirect?r=central-proxy&g=org.apache.axis2&a=axis2.eclipse.codegen.plugin&v=1.4.1&e=pom, ,
axis2.eclipse.service.plugin,1.2,org.apache.axis2,central-proxy,https://repository.sonatype.org/service/local/artifact/maven/redirect?r=central-proxy&g=org.apache.axis2&a=axis2.eclipse.service.plugin&v=1.2&e=pom, ,
axis2.eclipse.service.plugin,1.3,org.apache.axis2,central-proxy,https://repository.sonatype.org/service/local/artifact/maven/redirect?r=central-proxy&g=org.apache.axis2&a=axis2.eclipse.service.plugin&v=1.3&e=pom, ,
axis2.eclipse.service.plugin,1.4.1,org.apache.axis2,central-proxy,https://repository.sonatype.org/service/local/artifact/maven/redirect?r=central-proxy&g=org.apache.axis2&a=axis2.eclipse.service.plugin&v=1.4.1&e=pom, ,
axis2-aar-maven-plugin,1.1,org.apache.axis2.maven2,central-proxy,https://repository.sonatype.org/service/local/artifact/maven/redirect?r=central-proxy&g=org.apache.axis2.maven2&a=axis2-aar-maven-plugin&v=1.1&e=pom, ,
axis2-java2wsdl-maven-plugin,1.1,org.apache.axis2.maven2,central-proxy,https://repository.sonatype.org/service/local/artifact/maven/redirect?r=central-proxy&g=org.apache.axis2.maven2&a=axis2-java2wsdl-maven-plugin&v=1.1&e=pom, ,
axis2-wsdl2code-maven-plugin,1.1,org.apache.axis2.maven2,central-proxy,https://repository.sonatype.org/service/local/artifact/maven/redirect?r=central-proxy&g=org.apache.axis2.maven2&a=axis2-wsdl2code-maven-plugin&v=1.1&e=pom, ,
axis2,1.5,org.apache.axis2,central-proxy,https://repository.sonatype.org/service/local/artifact/maven/redirect?r=central-proxy&g=org.apache.axis2&a=axis2&v=1.5&e=pom,SCM[scm:svn:http://svn.apache.org/repos/asf/webservices/axis2/trunk/java/;http://svn.apache.org/viewvc/webservices/webservices/axis2/trunk/java/],
axis2-aar-maven-plugin,1.5,org.apache.axis2,central-proxy,https://repository.sonatype.org/service/local/artifact/maven/redirect?r=central-proxy&g=org.apache.axis2&a=axis2-aar-maven-plugin&v=1.5&e=pom, ,
axis2-adb,1.5,org.apache.axis2,central-proxy,https://repository.sonatype.org/service/local/artifact/maven/redirect?r=central-proxy&g=org.apache.axis2&a=axis2-adb&v=1.5&e=pom,SCM[scm:svn:http://svn.apache.org/repos/asf/webservices/axis2/trunk/java/modules/adb;http://svn.apache.org/viewvc/webservices/axis2/trunk/java/modules/adb],
axis2-adb-codegen,1.5,org.apache.axis2,central-proxy,https://repository.sonatype.org/service/local/artifact/maven/redirect?r=central-proxy&g=org.apache.axis2&a=axis2-adb-codegen&v=1.5&e=pom, ,
axis2-ant-plugin,1.5,org.apache.axis2,central-proxy,https://repository.sonatype.org/service/local/artifact/maven/redirect?r=central-proxy&g=org.apache.axis2&a=axis2-ant-plugin&v=1.5&e=pom, ,
axis2-clustering,1.5,org.apache.axis2,central-proxy,https://repository.sonatype.org/service/local/artifact/maven/redirect?r=central-proxy&g=org.apache.axis2&a=axis2-clustering&v=1.5&e=pom, ,
axis2-codegen,1.5,org.apache.axis2,central-proxy,https://repository.sonatype.org/service/local/artifact/maven/redirect?r=central-proxy&g=org.apache.axis2&a=axis2-codegen&v=1.5&e=pom, ,
axis2-corba,1.5,org.apache.axis2,central-proxy,https://repository.sonatype.org/service/local/artifact/maven/redirect?r=central-proxy&g=org.apache.axis2&a=axis2-corba&v=1.5&e=pom, ,
axis2-fastinfoset,1.5,org.apache.axis2,central-proxy,https://repository.sonatype.org/service/local/artifact/maven/redirect?r=central-proxy&g=org.apache.axis2&a=axis2-fastinfoset&v=1.5&e=pom, ,
axis2-idea-plugin,1.5,org.apache.axis2,central-proxy,https://repository.sonatype.org/service/local/artifact/maven/redirect?r=central-proxy&g=org.apache.axis2&a=axis2-idea-plugin&v=1.5&e=pom, ,
axis2-integration,1.5,org.apache.axis2,central-proxy,https://repository.sonatype.org/service/local/artifact/maven/redirect?r=central-proxy&g=org.apache.axis2&a=axis2-integration&v=1.5&e=pom, ,
axis2-java2wsdl,1.5,org.apache.axis2,central-proxy,https://repository.sonatype.org/service/local/artifact/maven/redirect?r=central-proxy&g=org.apache.axis2&a=axis2-java2wsdl&v=1.5&e=pom, ,
axis2-java2wsdl-maven-plugin,1.5,org.apache.axis2,central-proxy,https://repository.sonatype.org/service/local/artifact/maven/redirect?r=central-proxy&g=org.apache.axis2&a=axis2-java2wsdl-maven-plugin&v=1.5&e=pom, ,
axis2-jaxbri,1.5,org.apache.axis2,central-proxy,https://repository.sonatype.org/service/local/artifact/maven/redirect?r=central-proxy&g=org.apache.axis2&a=axis2-jaxbri&v=1.5&e=pom, ,
axis2-jaxws,1.5,org.apache.axis2,central-proxy,https://repository.sonatype.org/service/local/artifact/maven/redirect?r=central-proxy&g=org.apache.axis2&a=axis2-jaxws&v=1.5&e=pom, ,
axis2-jaxws-integration,1.5,org.apache.axis2,central-proxy,https://repository.sonatype.org/service/local/artifact/maven/redirect?r=central-proxy&g=org.apache.axis2&a=axis2-jaxws-integration&v=1.5&e=pom, ,
axis2-jaxws-mar,1.5,org.apache.axis2,central-proxy,https://repository.sonatype.org/service/local/artifact/maven/redirect?r=central-proxy&g=org.apache.axis2&a=axis2-jaxws-mar&v=1.5&e=pom, ,
axis2-jibx,1.5,org.apache.axis2,central-proxy,https://repository.sonatype.org/service/local/artifact/maven/redirect?r=central-proxy&g=org.apache.axis2&a=axis2-jibx&v=1.5&e=pom, ,
axis2-json,1.5,org.apache.axis2,central-proxy,https://repository.sonatype.org/service/local/artifact/maven/redirect?r=central-proxy&g=org.apache.axis2&a=axis2-json&v=1.5&e=pom, ,
axis2-kernel,1.5,org.apache.axis2,central-proxy,https://repository.sonatype.org/service/local/artifact/maven/redirect?r=central-proxy&g=org.apache.axis2&a=axis2-kernel&v=1.5&e=pom, ,
axis2-mar-maven-plugin,1.5,org.apache.axis2,central-proxy,https://repository.sonatype.org/service/local/artifact/maven/redirect?r=central-proxy&g=org.apache.axis2&a=axis2-mar-maven-plugin&v=1.5&e=pom, ,
axis2-metadata,1.5,org.apache.axis2,central-proxy,https://repository.sonatype.org/service/local/artifact/maven/redirect?r=central-proxy&g=org.apache.axis2&a=axis2-metadata&v=1.5&e=pom, ,
axis2-mtompolicy,1.5,org.apache.axis2,central-proxy,https://repository.sonatype.org/service/local/artifact/maven/redirect?r=central-proxy&g=org.apache.axis2&a=axis2-mtompolicy&v=1.5&e=pom, ,
axis2-parent,1.5,org.apache.axis2,central-proxy,https://repository.sonatype.org/service/local/artifact/maven/redirect?r=central-proxy&g=org.apache.axis2&a=axis2-parent&v=1.5&e=pom,SCM[scm:svn:http://svn.apache.org/repos/asf/webservices/axis2/branches/java/1_5;http://svn.apache.org/viewcvs.cgi/webservices/axis2/branches/java/1_5],
axis2-saaj,1.5,org.apache.axis2,central-proxy,https://repository.sonatype.org/service/local/artifact/maven/redirect?r=central-proxy&g=org.apache.axis2&a=axis2-saaj&v=1.5&e=pom,SCM[scm:svn:http://svn.apache.org/repos/asf/webservices/axis2/trunk/java/modules/saaj;http://svn.apache.org/viewvc/webservices/axis2/trunk/java/modules/saaj],
axis2-samples,1.5,org.apache.axis2,central-proxy,https://repository.sonatype.org/service/local/artifact/maven/redirect?r=central-proxy&g=org.apache.axis2&a=axis2-samples&v=1.5&e=pom, ,
axis2-scripting,1.5,org.apache.axis2,central-proxy,https://repository.sonatype.org/service/local/artifact/maven/redirect?r=central-proxy&g=org.apache.axis2&a=axis2-scripting&v=1.5&e=pom, ,
axis2-spring,1.5,org.apache.axis2,central-proxy,https://repository.sonatype.org/service/local/artifact/maven/redirect?r=central-proxy&g=org.apache.axis2&a=axis2-spring&v=1.5&e=pom, ,
axis2-transport-http,1.5,org.apache.axis2,central-proxy,https://repository.sonatype.org/service/local/artifact/maven/redirect?r=central-proxy&g=org.apache.axis2&a=axis2-transport-http&v=1.5&e=pom, ,
axis2-transport-local,1.5,org.apache.axis2,central-proxy,https://repository.sonatype.org/service/local/artifact/maven/redirect?r=central-proxy&g=org.apache.axis2&a=axis2-transport-local&v=1.5&e=pom, ,
axis2-webapp,1.5,org.apache.axis2,central-proxy,https://repository.sonatype.org/service/local/artifact/maven/redirect?r=central-proxy&g=org.apache.axis2&a=axis2-webapp&v=1.5&e=pom, ,
axis2-wsdl2code-maven-plugin,1.5,org.apache.axis2,central-proxy,https://repository.sonatype.org/service/local/artifact/maven/redirect?r=central-proxy&g=org.apache.axis2&a=axis2-wsdl2code-maven-plugin&v=1.5&e=pom, ,
axis2-xmlbeans,1.5,org.apache.axis2,central-proxy,https://repository.sonatype.org/service/local/artifact/maven/redirect?r=central-proxy&g=org.apache.axis2&a=axis2-xmlbeans&v=1.5&e=pom, ,
axis2.eclipse.codegen.plugin,1.5,org.apache.axis2,central-proxy,https://repository.sonatype.org/service/local/artifact/maven/redirect?r=central-proxy&g=org.apache.axis2&a=axis2.eclipse.codegen.plugin&v=1.5&e=pom, ,
axis2.eclipse.service.plugin,1.5,org.apache.axis2,central-proxy,https://repository.sonatype.org/service/local/artifact/maven/redirect?r=central-proxy&g=org.apache.axis2&a=axis2.eclipse.service.plugin&v=1.5&e=pom, ,
axis2,1.5.1,org.apache.axis2,central-proxy,https://repository.sonatype.org/service/local/artifact/maven/redirect?r=central-proxy&g=org.apache.axis2&a=axis2&v=1.5.1&e=pom,SCM[scm:svn:http://svn.apache.org/repos/asf/webservices/axis2/trunk/java/;http://svn.apache.org/viewvc/webservices/webservices/axis2/trunk/java/],
axis2-aar-maven-plugin,1.5.1,org.apache.axis2,central-proxy,https://repository.sonatype.org/service/local/artifact/maven/redirect?r=central-proxy&g=org.apache.axis2&a=axis2-aar-maven-plugin&v=1.5.1&e=pom, ,
axis2-adb,1.5.1,org.apache.axis2,central-proxy,https://repository.sonatype.org/service/local/artifact/maven/redirect?r=central-proxy&g=org.apache.axis2&a=axis2-adb&v=1.5.1&e=pom,SCM[scm:svn:http://svn.apache.org/repos/asf/webservices/axis2/trunk/java/modules/adb;http://svn.apache.org/viewvc/webservices/axis2/trunk/java/modules/adb],
axis2-adb-codegen,1.5.1,org.apache.axis2,central-proxy,https://repository.sonatype.org/service/local/artifact/maven/redirect?r=central-proxy&g=org.apache.axis2&a=axis2-adb-codegen&v=1.5.1&e=pom, ,
axis2-ant-plugin,1.5.1,org.apache.axis2,central-proxy,https://repository.sonatype.org/service/local/artifact/maven/redirect?r=central-proxy&g=org.apache.axis2&a=axis2-ant-plugin&v=1.5.1&e=pom, ,
axis2-clustering,1.5.1,org.apache.axis2,central-proxy,https://repository.sonatype.org/service/local/artifact/maven/redirect?r=central-proxy&g=org.apache.axis2&a=axis2-clustering&v=1.5.1&e=pom, ,
axis2-codegen,1.5.1,org.apache.axis2,central-proxy,https://repository.sonatype.org/service/local/artifact/maven/redirect?r=central-proxy&g=org.apache.axis2&a=axis2-codegen&v=1.5.1&e=pom, ,
axis2-corba,1.5.1,org.apache.axis2,central-proxy,https://repository.sonatype.org/service/local/artifact/maven/redirect?r=central-proxy&g=org.apache.axis2&a=axis2-corba&v=1.5.1&e=pom, ,
axis2-fastinfoset,1.5.1,org.apache.axis2,central-proxy,https://repository.sonatype.org/service/local/artifact/maven/redirect?r=central-proxy&g=org.apache.axis2&a=axis2-fastinfoset&v=1.5.1&e=pom, ,
axis2-idea-plugin,1.5.1,org.apache.axis2,central-proxy,https://repository.sonatype.org/service/local/artifact/maven/redirect?r=central-proxy&g=org.apache.axis2&a=axis2-idea-plugin&v=1.5.1&e=pom, ,
axis2-integration,1.5.1,org.apache.axis2,central-proxy,https://repository.sonatype.org/service/local/artifact/maven/redirect?r=central-proxy&g=org.apache.axis2&a=axis2-integration&v=1.5.1&e=pom, ,
axis2-java2wsdl,1.5.1,org.apache.axis2,central-proxy,https://repository.sonatype.org/service/local/artifact/maven/redirect?r=central-proxy&g=org.apache.axis2&a=axis2-java2wsdl&v=1.5.1&e=pom, ,
axis2-java2wsdl-maven-plugin,1.5.1,org.apache.axis2,central-proxy,https://repository.sonatype.org/service/local/artifact/maven/redirect?r=central-proxy&g=org.apache.axis2&a=axis2-java2wsdl-maven-plugin&v=1.5.1&e=pom, ,
axis2-jaxbri,1.5.1,org.apache.axis2,central-proxy,https://repository.sonatype.org/service/local/artifact/maven/redirect?r=central-proxy&g=org.apache.axis2&a=axis2-jaxbri&v=1.5.1&e=pom, ,
axis2-jaxws,1.5.1,org.apache.axis2,central-proxy,https://repository.sonatype.org/service/local/artifact/maven/redirect?r=central-proxy&g=org.apache.axis2&a=axis2-jaxws&v=1.5.1&e=pom, ,
axis2-jaxws-integration,1.5.1,org.apache.axis2,central-proxy,https://repository.sonatype.org/service/local/artifact/maven/redirect?r=central-proxy&g=org.apache.axis2&a=axis2-jaxws-integration&v=1.5.1&e=pom, ,
axistools-maven-plugin,1.0,org.codehaus.mojo,central-proxy,https://repository.sonatype.org/service/local/artifact/maven/redirect?r=central-proxy&g=org.codehaus.mojo&a=axistools-maven-plugin&v=1.0&e=pom, ,
axistools-maven-plugin,1.1,org.codehaus.mojo,central-proxy,https://repository.sonatype.org/service/local/artifact/maven/redirect?r=central-proxy&g=org.codehaus.mojo&a=axistools-maven-plugin&v=1.1&e=pom,SCM[scm:svn:https://svn.codehaus.org/mojo/tags/axistools-maven-plugin-1.1;https://svn.codehaus.org/mojo/tags/axistools-maven-plugin-1.1],
axistools-maven-plugin,1.2,org.codehaus.mojo,central-proxy,https://repository.sonatype.org/service/local/artifact/maven/redirect?r=central-proxy&g=org.codehaus.mojo&a=axistools-maven-plugin&v=1.2&e=pom,SCM[scm:svn:http://svn.codehaus.org/mojo/tags/axistools-maven-plugin-1.2;http://fisheye.codehaus.org/browse/mojo/tags/axistools-maven-plugin-1.2],
axistools-maven-plugin,1.3,org.codehaus.mojo,central-proxy,https://repository.sonatype.org/service/local/artifact/maven/redirect?r=central-proxy&g=org.codehaus.mojo&a=axistools-maven-plugin&v=1.3&e=pom,SCM[scm:svn:http://svn.codehaus.org/mojo/tags/axistools-maven-plugin-1.3;http://fisheye.codehaus.org/browse/mojo/tags/axistools-maven-plugin-1.3],
axistools-maven-plugin,1.4,org.codehaus.mojo,central-proxy,https://repository.sonatype.org/service/local/artifact/maven/redirect?r=central-proxy&g=org.codehaus.mojo&a=axistools-maven-plugin&v=1.4&e=pom,SCM[scm:svn:http://svn.codehaus.org/mojo/tags/axistools-maven-plugin-1.4;http://fisheye.codehaus.org/browse/mojo/tags/axistools-maven-plugin-1.4],
axistools-maven-plugin,1.1-SNAPSHOT,org.codehaus.mojo,codehaus-snapshots,https://repository.sonatype.org/service/local/artifact/maven/redirect?r=codehaus-snapshots&g=org.codehaus.mojo&a=axistools-maven-plugin&v=1.1-SNAPSHOT&e=pom, ,
axistools-maven-plugin,1.4-SNAPSHOT,org.codehaus.mojo,codehaus-snapshots,https://repository.sonatype.org/service/local/artifact/maven/redirect?r=codehaus-snapshots&g=org.codehaus.mojo&a=axistools-maven-plugin&v=1.4-SNAPSHOT&e=pom,SCM[scm:svn:http://svn.codehaus.org/mojo/trunk/mojo/axistools-maven-plugin/;http://fisheye.codehaus.org/browse/mojo/trunk/mojo/axistools-maven-plugin],
axistools-maven-plugin,1.2-SNAPSHOT,org.codehaus.mojo,codehaus-snapshots,https://repository.sonatype.org/service/local/artifact/maven/redirect?r=codehaus-snapshots&g=org.codehaus.mojo&a=axistools-maven-plugin&v=1.2-SNAPSHOT&e=pom,SCM[scm:svn:http://svn.codehaus.org/mojo/trunk/mojo/axistools-maven-plugin/;http://fisheye.codehaus.org/browse/mojo/trunk/mojo/axistools-maven-plugin],
axon,0.5,org.axonframework,central-proxy,https://repository.sonatype.org/service/local/artifact/maven/redirect?r=central-proxy&g=org.axonframework&a=axon&v=0.5&e=pom,SCM[scm:svn:http://axonframework.googlecode.com/svn/tags/axon-0.5;http://code.google.com/p/axonframework/source/browse/tags/axon-0.5],
axon,0.5.1,org.axonframework,central-proxy,https://repository.sonatype.org/service/local/artifact/maven/redirect?r=central-proxy&g=org.axonframework&a=axon&v=0.5.1&e=pom,SCM[scm:svn:http://axonframework.googlecode.com/svn/tags/axon-0.5.1;http://code.google.com/p/axonframework/source/browse/tags/axon-0.5.1],
axon-core,0.5,org.axonframework,central-proxy,https://repository.sonatype.org/service/local/artifact/maven/redirect?r=central-proxy&g=org.axonframework&a=axon-core&v=0.5&e=pom, ,
axon-core,0.5.1,org.axonframework,central-proxy,https://repository.sonatype.org/service/local/artifact/maven/redirect?r=central-proxy&g=org.axonframework&a=axon-core&v=0.5.1&e=pom, ,
axon-documentation,0.5,org.axonframework,central-proxy,https://repository.sonatype.org/service/local/artifact/maven/redirect?r=central-proxy&g=org.axonframework&a=axon-documentation&v=0.5&e=pom, ,
axon-integration,0.5,org.axonframework,central-proxy,https://repository.sonatype.org/service/local/artifact/maven/redirect?r=central-proxy&g=org.axonframework&a=axon-integration&v=0.5&e=pom, ,
axon-integration,0.5.1,org.axonframework,central-proxy,https://repository.sonatype.org/service/local/artifact/maven/redirect?r=central-proxy&g=org.axonframework&a=axon-integration&v=0.5.1&e=pom, ,
axon-test,0.5,org.axonframework,central-proxy,https://repository.sonatype.org/service/local/artifact/maven/redirect?r=central-proxy&g=org.axonframework&a=axon-test&v=0.5&e=pom, ,
axon-test,0.5.1,org.axonframework,central-proxy,https://repository.sonatype.org/service/local/artifact/maven/redirect?r=central-proxy&g=org.axonframework&a=axon-test&v=0.5.1&e=pom, ,
axon-addressbook,0.5,org.axonframework.samples,central-proxy,https://repository.sonatype.org/service/local/artifact/maven/redirect?r=central-proxy&g=org.axonframework.samples&a=axon-addressbook&v=0.5&e=pom, ,
axon-addressbook-app,0.5,org.axonframework.samples,central-proxy,https://repository.sonatype.org/service/local/artifact/maven/redirect?r=central-proxy&g=org.axonframework.samples&a=axon-addressbook-app&v=0.5&e=pom, ,
axon-addressbook-consoleui,0.5,org.axonframework.samples,central-proxy,https://repository.sonatype.org/service/local/artifact/maven/redirect?r=central-proxy&g=org.axonframework.samples&a=axon-addressbook-consoleui&v=0.5&e=pom, ,
axon-addressbook-flexui,0.5,org.axonframework.samples,central-proxy,https://repository.sonatype.org/service/local/artifact/maven/redirect?r=central-proxy&g=org.axonframework.samples&a=axon-addressbook-flexui&v=0.5&e=pom, ,
axon-addressbook-flexui-war,0.5,org.axonframework.samples,central-proxy,https://repository.sonatype.org/service/local/artifact/maven/redirect?r=central-proxy&g=org.axonframework.samples&a=axon-addressbook-flexui-war&v=0.5&e=pom, ,
axon-samples,0.5,org.axonframework.samples,central-proxy,https://repository.sonatype.org/service/local/artifact/maven/redirect?r=central-proxy&g=org.axonframework.samples&a=axon-samples&v=0.5&e=pom, ,
axon,0.6,org.axonframework,central-proxy,https://repository.sonatype.org/service/local/artifact/maven/redirect?r=central-proxy&g=org.axonframework&a=axon&v=0.6&e=pom,SCM[scm:svn:http://axonframework.googlecode.com/svn/tags/axon-0.6;http://code.google.com/p/axonframework/source/browse/tags/axon-0.6],
axon-core,0.6,org.axonframework,central-proxy,https://repository.sonatype.org/service/local/artifact/maven/redirect?r=central-proxy&g=org.axonframework&a=axon-core&v=0.6&e=pom, ,
axon-integration,0.6,org.axonframework,central-proxy,https://repository.sonatype.org/service/local/artifact/maven/redirect?r=central-proxy&g=org.axonframework&a=axon-integration&v=0.6&e=pom, ,
axon-integrationtests,0.6,org.axonframework,central-proxy,https://repository.sonatype.org/service/local/artifact/maven/redirect?r=central-proxy&g=org.axonframework&a=axon-integrationtests&v=0.6&e=pom, ,
axon-test,0.6,org.axonframework,central-proxy,https://repository.sonatype.org/service/local/artifact/maven/redirect?r=central-proxy&g=org.axonframework&a=axon-test&v=0.6&e=pom, ,
axon,0.6.1,org.axonframework,central-proxy,https://repository.sonatype.org/service/local/artifact/maven/redirect?r=central-proxy&g=org.axonframework&a=axon&v=0.6.1&e=pom,SCM[scm:svn:http://axonframework.googlecode.com/svn/tags/axon-0.6.1;http://code.google.com/p/axonframework/source/browse/tags/axon-0.6.1],
axon-core,0.6.1,org.axonframework,central-proxy,https://repository.sonatype.org/service/local/artifact/maven/redirect?r=central-proxy&g=org.axonframework&a=axon-core&v=0.6.1&e=pom, ,
axon-integration,0.6.1,org.axonframework,central-proxy,https://repository.sonatype.org/service/local/artifact/maven/redirect?r=central-proxy&g=org.axonframework&a=axon-integration&v=0.6.1&e=pom, ,
axon-integrationtests,0.6.1,org.axonframework,central-proxy,https://repository.sonatype.org/service/local/artifact/maven/redirect?r=central-proxy&g=org.axonframework&a=axon-integrationtests&v=0.6.1&e=pom, ,
axon-test,0.6.1,org.axonframework,central-proxy,https://repository.sonatype.org/service/local/artifact/maven/redirect?r=central-proxy&g=org.axonframework&a=axon-test&v=0.6.1&e=pom, ,
axon,0.7,org.axonframework,central-proxy,https://repository.sonatype.org/service/local/artifact/maven/redirect?r=central-proxy&g=org.axonframework&a=axon&v=0.7&e=pom,SCM[scm:svn:http://axonframework.googlecode.com/svn/tags/axon-0.7;http://code.google.com/p/axonframework/source/browse/tags/axon-0.7],
axon-core,0.7,org.axonframework,central-proxy,https://repository.sonatype.org/service/local/artifact/maven/redirect?r=central-proxy&g=org.axonframework&a=axon-core&v=0.7&e=pom, ,
axon-integration,0.7,org.axonframework,central-proxy,https://repository.sonatype.org/service/local/artifact/maven/redirect?r=central-proxy&g=org.axonframework&a=axon-integration&v=0.7&e=pom, ,
axon-integrationtests,0.7,org.axonframework,central-proxy,https://repository.sonatype.org/service/local/artifact/maven/redirect?r=central-proxy&g=org.axonframework&a=axon-integrationtests&v=0.7&e=pom, ,
axon-test,0.7,org.axonframework,central-proxy,https://repository.sonatype.org/service/local/artifact/maven/redirect?r=central-proxy&g=org.axonframework&a=axon-test&v=0.7&e=pom, ,
axon,1.0-rc1,org.axonframework,central-proxy,https://repository.sonatype.org/service/local/artifact/maven/redirect?r=central-proxy&g=org.axonframework&a=axon&v=1.0-rc1&e=pom,SCM[scm:svn:http://axonframework.googlecode.com/svn/tags/axon-1.0-rc1;http://code.google.com/p/axonframework/source/browse/tags/axon-1.0-rc1],
axon-core,1.0-rc1,org.axonframework,central-proxy,https://repository.sonatype.org/service/local/artifact/maven/redirect?r=central-proxy&g=org.axonframework&a=axon-core&v=1.0-rc1&e=pom, ,
axon-integration,1.0-rc1,org.axonframework,central-proxy,https://repository.sonatype.org/service/local/artifact/maven/redirect?r=central-proxy&g=org.axonframework&a=axon-integration&v=1.0-rc1&e=pom, ,
axon-test,1.0-rc1,org.axonframework,central-proxy,https://repository.sonatype.org/service/local/artifact/maven/redirect?r=central-proxy&g=org.axonframework&a=axon-test&v=1.0-rc1&e=pom, ,
axon,0.7.1,org.axonframework,central-proxy,https://repository.sonatype.org/service/local/artifact/maven/redirect?r=central-proxy&g=org.axonframework&a=axon&v=0.7.1&e=pom,SCM[scm:svn:http://axonframework.googlecode.com/svn/tags/axon-0.7.1;http://code.google.com/p/axonframework/source/browse/tags/axon-0.7.1],
axon-core,0.7.1,org.axonframework,central-proxy,https://repository.sonatype.org/service/local/artifact/maven/redirect?r=central-proxy&g=org.axonframework&a=axon-core&v=0.7.1&e=pom, ,
axon-integration,0.7.1,org.axonframework,central-proxy,https://repository.sonatype.org/service/local/artifact/maven/redirect?r=central-proxy&g=org.axonframework&a=axon-integration&v=0.7.1&e=pom, ,
axon-test,0.7.1,org.axonframework,central-proxy,https://repository.sonatype.org/service/local/artifact/maven/redirect?r=central-proxy&g=org.axonframework&a=axon-test&v=0.7.1&e=pom, ,
axon,1.0-rc2,org.axonframework,central-proxy,https://repository.sonatype.org/service/local/artifact/maven/redirect?r=central-proxy&g=org.axonframework&a=axon&v=1.0-rc2&e=pom,SCM[scm:svn:http://axonframework.googlecode.com/svn/tags/axon-1.0-rc2;http://code.google.com/p/axonframework/source/browse/tags/axon-1.0-rc2],
axon-core,1.0-rc2,org.axonframework,central-proxy,https://repository.sonatype.org/service/local/artifact/maven/redirect?r=central-proxy&g=org.axonframework&a=axon-core&v=1.0-rc2&e=pom, ,
axon-integration,1.0-rc2,org.axonframework,central-proxy,https://repository.sonatype.org/service/local/artifact/maven/redirect?r=central-proxy&g=org.axonframework&a=axon-integration&v=1.0-rc2&e=pom, ,
axon-test,1.0-rc2,org.axonframework,central-proxy,https://repository.sonatype.org/service/local/artifact/maven/redirect?r=central-proxy&g=org.axonframework&a=axon-test&v=1.0-rc2&e=pom, ,
axon,1.0-rc3,org.axonframework,central-proxy,https://repository.sonatype.org/service/local/artifact/maven/redirect?r=central-proxy&g=org.axonframework&a=axon&v=1.0-rc3&e=pom,SCM[scm:svn:http://axonframework.googlecode.com/svn/tags/axon-1.0-rc3;http://code.google.com/p/axonframework/source/browse/tags/axon-1.0-rc3],
axon-core,1.0-rc3,org.axonframework,central-proxy,https://repository.sonatype.org/service/local/artifact/maven/redirect?r=central-proxy&g=org.axonframework&a=axon-core&v=1.0-rc3&e=pom, ,
axon-integration,1.0-rc3,org.axonframework,central-proxy,https://repository.sonatype.org/service/local/artifact/maven/redirect?r=central-proxy&g=org.axonframework&a=axon-integration&v=1.0-rc3&e=pom, ,
axon-integrationtests,1.0-rc3,org.axonframework,central-proxy,https://repository.sonatype.org/service/local/artifact/maven/redirect?r=central-proxy&g=org.axonframework&a=axon-integrationtests&v=1.0-rc3&e=pom, ,
axon-test,1.0-rc3,org.axonframework,central-proxy,https://repository.sonatype.org/service/local/artifact/maven/redirect?r=central-proxy&g=org.axonframework&a=axon-test&v=1.0-rc3&e=pom, ,
axon,1.0,org.axonframework,central-proxy,https://repository.sonatype.org/service/local/artifact/maven/redirect?r=central-proxy&g=org.axonframework&a=axon&v=1.0&e=pom,SCM[scm:svn:http://axonframework.googlecode.com/svn/tags/axon-1.0;http://code.google.com/p/axonframework/source/browse/tags/axon-1.0],
axon-core,1.0,org.axonframework,central-proxy,https://repository.sonatype.org/service/local/artifact/maven/redirect?r=central-proxy&g=org.axonframework&a=axon-core&v=1.0&e=pom, ,
axon-integration,1.0,org.axonframework,central-proxy,https://repository.sonatype.org/service/local/artifact/maven/redirect?r=central-proxy&g=org.axonframework&a=axon-integration&v=1.0&e=pom, ,
axon-test,1.0,org.axonframework,central-proxy,https://repository.sonatype.org/service/local/artifact/maven/redirect?r=central-proxy&g=org.axonframework&a=axon-test&v=1.0&e=pom, ,
axon,1.0.1,org.axonframework,central-proxy,https://repository.sonatype.org/service/local/artifact/maven/redirect?r=central-proxy&g=org.axonframework&a=axon&v=1.0.1&e=pom,SCM[scm:svn:http://axonframework.googlecode.com/svn/tags/axon-1.0.1;http://code.google.com/p/axonframework/source/browse/tags/axon-1.0.1],
axon-core,1.0.1,org.axonframework,central-proxy,https://repository.sonatype.org/service/local/artifact/maven/redirect?r=central-proxy&g=org.axonframework&a=axon-core&v=1.0.1&e=pom, ,
axon-integration,1.0.1,org.axonframework,central-proxy,https://repository.sonatype.org/service/local/artifact/maven/redirect?r=central-proxy&g=org.axonframework&a=axon-integration&v=1.0.1&e=pom, ,
axon-integrationtests,1.0.1,org.axonframework,central-proxy,https://repository.sonatype.org/service/local/artifact/maven/redirect?r=central-proxy&g=org.axonframework&a=axon-integrationtests&v=1.0.1&e=pom, ,
axon-test,1.0.1,org.axonframework,central-proxy,https://repository.sonatype.org/service/local/artifact/maven/redirect?r=central-proxy&g=org.axonframework&a=axon-test&v=1.0.1&e=pom, ,
axon,1.1,org.axonframework,central-proxy,https://repository.sonatype.org/service/local/artifact/maven/redirect?r=central-proxy&g=org.axonframework&a=axon&v=1.1&e=pom,SCM[scm:svn:http://axonframework.googlecode.com/svn/tags/axon-1.1;http://code.google.com/p/axonframework/source/browse/tags/axon-1.1],
axon-core,1.1,org.axonframework,central-proxy,https://repository.sonatype.org/service/local/artifact/maven/redirect?r=central-proxy&g=org.axonframework&a=axon-core&v=1.1&e=pom, ,
axon-integration,1.1,org.axonframework,central-proxy,https://repository.sonatype.org/service/local/artifact/maven/redirect?r=central-proxy&g=org.axonframework&a=axon-integration&v=1.1&e=pom, ,
axon-integrationtests,1.1,org.axonframework,central-proxy,https://repository.sonatype.org/service/local/artifact/maven/redirect?r=central-proxy&g=org.axonframework&a=axon-integrationtests&v=1.1&e=pom, ,
axon-test,1.1,org.axonframework,central-proxy,https://repository.sonatype.org/service/local/artifact/maven/redirect?r=central-proxy&g=org.axonframework&a=axon-test&v=1.1&e=pom, ,
axon,1.1.1,org.axonframework,central-proxy,https://repository.sonatype.org/service/local/artifact/maven/redirect?r=central-proxy&g=org.axonframework&a=axon&v=1.1.1&e=pom,SCM[scm:svn:http://axonframework.googlecode.com/svn/tags/axon-1.1.1;http://code.google.com/p/axonframework/source/browse/tags/axon-1.1.1],
axon-core,1.1.1,org.axonframework,central-proxy,https://repository.sonatype.org/service/local/artifact/maven/redirect?r=central-proxy&g=org.axonframework&a=axon-core&v=1.1.1&e=pom, ,
axon-integration,1.1.1,org.axonframework,central-proxy,https://repository.sonatype.org/service/local/artifact/maven/redirect?r=central-proxy&g=org.axonframework&a=axon-integration&v=1.1.1&e=pom, ,
axon-integrationtests,1.1.1,org.axonframework,central-proxy,https://repository.sonatype.org/service/local/artifact/maven/redirect?r=central-proxy&g=org.axonframework&a=axon-integrationtests&v=1.1.1&e=pom, ,
axon-test,1.1.1,org.axonframework,central-proxy,https://repository.sonatype.org/service/local/artifact/maven/redirect?r=central-proxy&g=org.axonframework&a=axon-test&v=1.1.1&e=pom, ,
axon-core,1.1.2,org.axonframework,central-proxy,https://repository.sonatype.org/service/local/artifact/maven/redirect?r=central-proxy&g=org.axonframework&a=axon-core&v=1.1.2&e=pom, ,
axon-integration,1.1.2,org.axonframework,central-proxy,https://repository.sonatype.org/service/local/artifact/maven/redirect?r=central-proxy&g=org.axonframework&a=axon-integration&v=1.1.2&e=pom, ,
axon-integrationtests,1.1.2,org.axonframework,central-proxy,https://repository.sonatype.org/service/local/artifact/maven/redirect?r=central-proxy&g=org.axonframework&a=axon-integrationtests&v=1.1.2&e=pom, ,
axon-test,1.1.2,org.axonframework,central-proxy,https://repository.sonatype.org/service/local/artifact/maven/redirect?r=central-proxy&g=org.axonframework&a=axon-test&v=1.1.2&e=pom, ,
axon,1.1.2,org.axonframework,central-proxy,https://repository.sonatype.org/service/local/artifact/maven/redirect?r=central-proxy&g=org.axonframework&a=axon&v=1.1.2&e=pom,SCM[scm:svn:http://axonframework.googlecode.com/svn/tags/axon-1.1.2;http://code.google.com/p/axonframework/source/browse/tags/axon-1.1.2],
axon-test,0.8-SNAPSHOT,org.axonframework,ossrh-snapshot,https://repository.sonatype.org/service/local/artifact/maven/redirect?r=ossrh-snapshot&g=org.axonframework&a=axon-test&v=0.8-SNAPSHOT&e=pom, ,
axon-integrationtests,1.0-SNAPSHOT,org.axonframework,ossrh-snapshot,https://repository.sonatype.org/service/local/artifact/maven/redirect?r=ossrh-snapshot&g=org.axonframework&a=axon-integrationtests&v=1.0-SNAPSHOT&e=pom, ,
axon-integrationtests,0.8-SNAPSHOT,org.axonframework,ossrh-snapshot,https://repository.sonatype.org/service/local/artifact/maven/redirect?r=ossrh-snapshot&g=org.axonframework&a=axon-integrationtests&v=0.8-SNAPSHOT&e=pom, ,
axon-integration,0.8-SNAPSHOT,org.axonframework,ossrh-snapshot,https://repository.sonatype.org/service/local/artifact/maven/redirect?r=ossrh-snapshot&g=org.axonframework&a=axon-integration&v=0.8-SNAPSHOT&e=pom, ,
axon-documentation,1.0-SNAPSHOT,org.axonframework,ossrh-snapshot,https://repository.sonatype.org/service/local/artifact/maven/redirect?r=ossrh-snapshot&g=org.axonframework&a=axon-documentation&v=1.0-SNAPSHOT&e=pom, ,
axon-documentation,0.8-SNAPSHOT,org.axonframework,ossrh-snapshot,https://repository.sonatype.org/service/local/artifact/maven/redirect?r=ossrh-snapshot&g=org.axonframework&a=axon-documentation&v=0.8-SNAPSHOT&e=pom, ,
axon-documentation,0.7-SNAPSHOT,org.axonframework,ossrh-snapshot,https://repository.sonatype.org/service/local/artifact/maven/redirect?r=ossrh-snapshot&g=org.axonframework&a=axon-documentation&v=0.7-SNAPSHOT&e=pom, ,
axon-core,0.8-SNAPSHOT,org.axonframework,ossrh-snapshot,https://repository.sonatype.org/service/local/artifact/maven/redirect?r=ossrh-snapshot&g=org.axonframework&a=axon-core&v=0.8-SNAPSHOT&e=pom, ,
axon,0.8-SNAPSHOT,org.axonframework,ossrh-snapshot,https://repository.sonatype.org/service/local/artifact/maven/redirect?r=ossrh-snapshot&g=org.axonframework&a=axon&v=0.8-SNAPSHOT&e=pom,SCM[scm:svn:http://axonframework.googlecode.com/svn/trunk;http://code.google.com/p/axonframework/source/browse/],
