zcommon,2.2.0,org.zkoss.common,central-proxy,https://repository.sonatype.org/service/local/artifact/maven/redirect?r=central-proxy&g=org.zkoss.common&a=zcommon&v=2.2.0&e=pom, ,
zcommon,2.2.1,org.zkoss.common,central-proxy,https://repository.sonatype.org/service/local/artifact/maven/redirect?r=central-proxy&g=org.zkoss.common&a=zcommon&v=2.2.1&e=pom, ,
zcommon,2.3.0,org.zkoss.common,central-proxy,https://repository.sonatype.org/service/local/artifact/maven/redirect?r=central-proxy&g=org.zkoss.common&a=zcommon&v=2.3.0&e=pom, ,
zcommon,2.3.1,org.zkoss.common,central-proxy,https://repository.sonatype.org/service/local/artifact/maven/redirect?r=central-proxy&g=org.zkoss.common&a=zcommon&v=2.3.1&e=pom, ,
zcommon,2.4.0,org.zkoss.common,central-proxy,https://repository.sonatype.org/service/local/artifact/maven/redirect?r=central-proxy&g=org.zkoss.common&a=zcommon&v=2.4.0&e=pom, ,
zcommon,2.4.1,org.zkoss.common,central-proxy,https://repository.sonatype.org/service/local/artifact/maven/redirect?r=central-proxy&g=org.zkoss.common&a=zcommon&v=2.4.1&e=pom, ,
zcommon,2.2.0,org.zkoss.common,central-proxy,https://repository.sonatype.org/service/local/artifact/maven/redirect?r=central-proxy&g=org.zkoss.common&a=zcommon&v=2.2.0&e=pom, ,
zcommon,2.2.1,org.zkoss.common,central-proxy,https://repository.sonatype.org/service/local/artifact/maven/redirect?r=central-proxy&g=org.zkoss.common&a=zcommon&v=2.2.1&e=pom, ,
zcommon,2.3.0,org.zkoss.common,central-proxy,https://repository.sonatype.org/service/local/artifact/maven/redirect?r=central-proxy&g=org.zkoss.common&a=zcommon&v=2.3.0&e=pom, ,
zcommon,2.3.1,org.zkoss.common,central-proxy,https://repository.sonatype.org/service/local/artifact/maven/redirect?r=central-proxy&g=org.zkoss.common&a=zcommon&v=2.3.1&e=pom, ,
zcommon,2.4.0,org.zkoss.common,central-proxy,https://repository.sonatype.org/service/local/artifact/maven/redirect?r=central-proxy&g=org.zkoss.common&a=zcommon&v=2.4.0&e=pom, ,
zcommon,2.4.1,org.zkoss.common,central-proxy,https://repository.sonatype.org/service/local/artifact/maven/redirect?r=central-proxy&g=org.zkoss.common&a=zcommon&v=2.4.1&e=pom, ,
zcommon,2.4.2,org.zkoss.common,central-proxy,https://repository.sonatype.org/service/local/artifact/maven/redirect?r=central-proxy&g=org.zkoss.common&a=zcommon&v=2.4.2&e=pom, ,
zcommon,2.4.3,org.zkoss.common,central-proxy,https://repository.sonatype.org/service/local/artifact/maven/redirect?r=central-proxy&g=org.zkoss.common&a=zcommon&v=2.4.3&e=pom, ,
zcommon,3.0.0,org.zkoss.common,central-proxy,https://repository.sonatype.org/service/local/artifact/maven/redirect?r=central-proxy&g=org.zkoss.common&a=zcommon&v=3.0.0&e=pom, ,
zcommon,3.0.0-RC,org.zkoss.common,central-proxy,https://repository.sonatype.org/service/local/artifact/maven/redirect?r=central-proxy&g=org.zkoss.common&a=zcommon&v=3.0.0-RC&e=pom, ,
zcommon,3.0.1,org.zkoss.common,central-proxy,https://repository.sonatype.org/service/local/artifact/maven/redirect?r=central-proxy&g=org.zkoss.common&a=zcommon&v=3.0.1&e=pom, ,
zcommon,3.0.2,org.zkoss.common,central-proxy,https://repository.sonatype.org/service/local/artifact/maven/redirect?r=central-proxy&g=org.zkoss.common&a=zcommon&v=3.0.2&e=pom, ,
zcommon,3.0.3,org.zkoss.common,central-proxy,https://repository.sonatype.org/service/local/artifact/maven/redirect?r=central-proxy&g=org.zkoss.common&a=zcommon&v=3.0.3&e=pom, ,
zcommon,3.0.4,org.zkoss.common,central-proxy,https://repository.sonatype.org/service/local/artifact/maven/redirect?r=central-proxy&g=org.zkoss.common&a=zcommon&v=3.0.4&e=pom, ,
zcommon,3.0.5,org.zkoss.common,central-proxy,https://repository.sonatype.org/service/local/artifact/maven/redirect?r=central-proxy&g=org.zkoss.common&a=zcommon&v=3.0.5&e=pom, ,
zcommon,3.0.6,org.zkoss.common,central-proxy,https://repository.sonatype.org/service/local/artifact/maven/redirect?r=central-proxy&g=org.zkoss.common&a=zcommon&v=3.0.6&e=pom, ,
zcommon,3.0.7,org.zkoss.common,central-proxy,https://repository.sonatype.org/service/local/artifact/maven/redirect?r=central-proxy&g=org.zkoss.common&a=zcommon&v=3.0.7&e=pom, ,
zcommon,3.0.8,org.zkoss.common,central-proxy,https://repository.sonatype.org/service/local/artifact/maven/redirect?r=central-proxy&g=org.zkoss.common&a=zcommon&v=3.0.8&e=pom, ,
zcommon,3.5.0,org.zkoss.common,central-proxy,https://repository.sonatype.org/service/local/artifact/maven/redirect?r=central-proxy&g=org.zkoss.common&a=zcommon&v=3.5.0&e=pom, ,
zcommon,3.5.1,org.zkoss.common,central-proxy,https://repository.sonatype.org/service/local/artifact/maven/redirect?r=central-proxy&g=org.zkoss.common&a=zcommon&v=3.5.1&e=pom, ,
zcommon,3.5.2,org.zkoss.common,central-proxy,https://repository.sonatype.org/service/local/artifact/maven/redirect?r=central-proxy&g=org.zkoss.common&a=zcommon&v=3.5.2&e=pom, ,
zcommon,3.6.0,org.zkoss.common,central-proxy,https://repository.sonatype.org/service/local/artifact/maven/redirect?r=central-proxy&g=org.zkoss.common&a=zcommon&v=3.6.0&e=pom, ,
zcommon,3.6.0.1,org.zkoss.common,central-proxy,https://repository.sonatype.org/service/local/artifact/maven/redirect?r=central-proxy&g=org.zkoss.common&a=zcommon&v=3.6.0.1&e=pom, ,
zweb,2.2.0,org.zkoss.common,central-proxy,https://repository.sonatype.org/service/local/artifact/maven/redirect?r=central-proxy&g=org.zkoss.common&a=zweb&v=2.2.0&e=pom, ,
zweb,2.2.1,org.zkoss.common,central-proxy,https://repository.sonatype.org/service/local/artifact/maven/redirect?r=central-proxy&g=org.zkoss.common&a=zweb&v=2.2.1&e=pom, ,
zweb,2.3.0,org.zkoss.common,central-proxy,https://repository.sonatype.org/service/local/artifact/maven/redirect?r=central-proxy&g=org.zkoss.common&a=zweb&v=2.3.0&e=pom, ,
zweb,2.3.1,org.zkoss.common,central-proxy,https://repository.sonatype.org/service/local/artifact/maven/redirect?r=central-proxy&g=org.zkoss.common&a=zweb&v=2.3.1&e=pom, ,
zweb,2.4.0,org.zkoss.common,central-proxy,https://repository.sonatype.org/service/local/artifact/maven/redirect?r=central-proxy&g=org.zkoss.common&a=zweb&v=2.4.0&e=pom, ,
zweb,2.4.1,org.zkoss.common,central-proxy,https://repository.sonatype.org/service/local/artifact/maven/redirect?r=central-proxy&g=org.zkoss.common&a=zweb&v=2.4.1&e=pom, ,
zweb,2.4.2,org.zkoss.common,central-proxy,https://repository.sonatype.org/service/local/artifact/maven/redirect?r=central-proxy&g=org.zkoss.common&a=zweb&v=2.4.2&e=pom, ,
zweb,2.4.3,org.zkoss.common,central-proxy,https://repository.sonatype.org/service/local/artifact/maven/redirect?r=central-proxy&g=org.zkoss.common&a=zweb&v=2.4.3&e=pom, ,
zweb,3.0.0,org.zkoss.common,central-proxy,https://repository.sonatype.org/service/local/artifact/maven/redirect?r=central-proxy&g=org.zkoss.common&a=zweb&v=3.0.0&e=pom, ,
zweb,3.0.0-RC,org.zkoss.common,central-proxy,https://repository.sonatype.org/service/local/artifact/maven/redirect?r=central-proxy&g=org.zkoss.common&a=zweb&v=3.0.0-RC&e=pom, ,
zweb,3.0.1,org.zkoss.common,central-proxy,https://repository.sonatype.org/service/local/artifact/maven/redirect?r=central-proxy&g=org.zkoss.common&a=zweb&v=3.0.1&e=pom, ,
zweb,3.0.2,org.zkoss.common,central-proxy,https://repository.sonatype.org/service/local/artifact/maven/redirect?r=central-proxy&g=org.zkoss.common&a=zweb&v=3.0.2&e=pom, ,
zweb,3.0.3,org.zkoss.common,central-proxy,https://repository.sonatype.org/service/local/artifact/maven/redirect?r=central-proxy&g=org.zkoss.common&a=zweb&v=3.0.3&e=pom, ,
zweb,3.0.4,org.zkoss.common,central-proxy,https://repository.sonatype.org/service/local/artifact/maven/redirect?r=central-proxy&g=org.zkoss.common&a=zweb&v=3.0.4&e=pom, ,
zweb,3.0.5,org.zkoss.common,central-proxy,https://repository.sonatype.org/service/local/artifact/maven/redirect?r=central-proxy&g=org.zkoss.common&a=zweb&v=3.0.5&e=pom, ,
zweb,3.0.6,org.zkoss.common,central-proxy,https://repository.sonatype.org/service/local/artifact/maven/redirect?r=central-proxy&g=org.zkoss.common&a=zweb&v=3.0.6&e=pom, ,
zweb,3.0.7,org.zkoss.common,central-proxy,https://repository.sonatype.org/service/local/artifact/maven/redirect?r=central-proxy&g=org.zkoss.common&a=zweb&v=3.0.7&e=pom, ,
zweb,3.0.8,org.zkoss.common,central-proxy,https://repository.sonatype.org/service/local/artifact/maven/redirect?r=central-proxy&g=org.zkoss.common&a=zweb&v=3.0.8&e=pom, ,
zweb,3.5.0,org.zkoss.common,central-proxy,https://repository.sonatype.org/service/local/artifact/maven/redirect?r=central-proxy&g=org.zkoss.common&a=zweb&v=3.5.0&e=pom, ,
zweb,3.5.1,org.zkoss.common,central-proxy,https://repository.sonatype.org/service/local/artifact/maven/redirect?r=central-proxy&g=org.zkoss.common&a=zweb&v=3.5.1&e=pom, ,
zweb,3.5.2,org.zkoss.common,central-proxy,https://repository.sonatype.org/service/local/artifact/maven/redirect?r=central-proxy&g=org.zkoss.common&a=zweb&v=3.5.2&e=pom, ,
zweb,3.6.0,org.zkoss.common,central-proxy,https://repository.sonatype.org/service/local/artifact/maven/redirect?r=central-proxy&g=org.zkoss.common&a=zweb&v=3.6.0&e=pom, ,
zweb,3.6.0.1,org.zkoss.common,central-proxy,https://repository.sonatype.org/service/local/artifact/maven/redirect?r=central-proxy&g=org.zkoss.common&a=zweb&v=3.6.0.1&e=pom, ,
zhtml,2.2.0,org.zkoss.zk,central-proxy,https://repository.sonatype.org/service/local/artifact/maven/redirect?r=central-proxy&g=org.zkoss.zk&a=zhtml&v=2.2.0&e=pom, ,
zhtml,2.2.1,org.zkoss.zk,central-proxy,https://repository.sonatype.org/service/local/artifact/maven/redirect?r=central-proxy&g=org.zkoss.zk&a=zhtml&v=2.2.1&e=pom, ,
zhtml,2.3.0,org.zkoss.zk,central-proxy,https://repository.sonatype.org/service/local/artifact/maven/redirect?r=central-proxy&g=org.zkoss.zk&a=zhtml&v=2.3.0&e=pom, ,
zhtml,2.3.1,org.zkoss.zk,central-proxy,https://repository.sonatype.org/service/local/artifact/maven/redirect?r=central-proxy&g=org.zkoss.zk&a=zhtml&v=2.3.1&e=pom, ,
zhtml,2.4.0,org.zkoss.zk,central-proxy,https://repository.sonatype.org/service/local/artifact/maven/redirect?r=central-proxy&g=org.zkoss.zk&a=zhtml&v=2.4.0&e=pom, ,
zhtml,2.4.1,org.zkoss.zk,central-proxy,https://repository.sonatype.org/service/local/artifact/maven/redirect?r=central-proxy&g=org.zkoss.zk&a=zhtml&v=2.4.1&e=pom, ,
zhtml,2.4.2,org.zkoss.zk,central-proxy,https://repository.sonatype.org/service/local/artifact/maven/redirect?r=central-proxy&g=org.zkoss.zk&a=zhtml&v=2.4.2&e=pom, ,
zhtml,2.4.3,org.zkoss.zk,central-proxy,https://repository.sonatype.org/service/local/artifact/maven/redirect?r=central-proxy&g=org.zkoss.zk&a=zhtml&v=2.4.3&e=pom, ,
zhtml,3.0.0,org.zkoss.zk,central-proxy,https://repository.sonatype.org/service/local/artifact/maven/redirect?r=central-proxy&g=org.zkoss.zk&a=zhtml&v=3.0.0&e=pom, ,
zhtml,3.0.0-RC,org.zkoss.zk,central-proxy,https://repository.sonatype.org/service/local/artifact/maven/redirect?r=central-proxy&g=org.zkoss.zk&a=zhtml&v=3.0.0-RC&e=pom, ,
zhtml,3.0.1,org.zkoss.zk,central-proxy,https://repository.sonatype.org/service/local/artifact/maven/redirect?r=central-proxy&g=org.zkoss.zk&a=zhtml&v=3.0.1&e=pom, ,
zhtml,3.0.2,org.zkoss.zk,central-proxy,https://repository.sonatype.org/service/local/artifact/maven/redirect?r=central-proxy&g=org.zkoss.zk&a=zhtml&v=3.0.2&e=pom, ,
zhtml,3.0.3,org.zkoss.zk,central-proxy,https://repository.sonatype.org/service/local/artifact/maven/redirect?r=central-proxy&g=org.zkoss.zk&a=zhtml&v=3.0.3&e=pom, ,
zhtml,3.0.4,org.zkoss.zk,central-proxy,https://repository.sonatype.org/service/local/artifact/maven/redirect?r=central-proxy&g=org.zkoss.zk&a=zhtml&v=3.0.4&e=pom, ,
zhtml,3.0.5,org.zkoss.zk,central-proxy,https://repository.sonatype.org/service/local/artifact/maven/redirect?r=central-proxy&g=org.zkoss.zk&a=zhtml&v=3.0.5&e=pom, ,
zhtml,3.0.6,org.zkoss.zk,central-proxy,https://repository.sonatype.org/service/local/artifact/maven/redirect?r=central-proxy&g=org.zkoss.zk&a=zhtml&v=3.0.6&e=pom, ,
zhtml,3.0.7,org.zkoss.zk,central-proxy,https://repository.sonatype.org/service/local/artifact/maven/redirect?r=central-proxy&g=org.zkoss.zk&a=zhtml&v=3.0.7&e=pom, ,
zhtml,3.0.8,org.zkoss.zk,central-proxy,https://repository.sonatype.org/service/local/artifact/maven/redirect?r=central-proxy&g=org.zkoss.zk&a=zhtml&v=3.0.8&e=pom, ,
zhtml,3.5.0,org.zkoss.zk,central-proxy,https://repository.sonatype.org/service/local/artifact/maven/redirect?r=central-proxy&g=org.zkoss.zk&a=zhtml&v=3.5.0&e=pom, ,
zhtml,3.5.1,org.zkoss.zk,central-proxy,https://repository.sonatype.org/service/local/artifact/maven/redirect?r=central-proxy&g=org.zkoss.zk&a=zhtml&v=3.5.1&e=pom, ,
zhtml,3.5.2,org.zkoss.zk,central-proxy,https://repository.sonatype.org/service/local/artifact/maven/redirect?r=central-proxy&g=org.zkoss.zk&a=zhtml&v=3.5.2&e=pom, ,
zhtml,3.6.0,org.zkoss.zk,central-proxy,https://repository.sonatype.org/service/local/artifact/maven/redirect?r=central-proxy&g=org.zkoss.zk&a=zhtml&v=3.6.0&e=pom, ,
zhtml,3.6.0.1,org.zkoss.zk,central-proxy,https://repository.sonatype.org/service/local/artifact/maven/redirect?r=central-proxy&g=org.zkoss.zk&a=zhtml&v=3.6.0.1&e=pom, ,
zk,2.2.0,org.zkoss.zk,central-proxy,https://repository.sonatype.org/service/local/artifact/maven/redirect?r=central-proxy&g=org.zkoss.zk&a=zk&v=2.2.0&e=pom, ,
zk,2.2.1,org.zkoss.zk,central-proxy,https://repository.sonatype.org/service/local/artifact/maven/redirect?r=central-proxy&g=org.zkoss.zk&a=zk&v=2.2.1&e=pom, ,
zk,2.3.0,org.zkoss.zk,central-proxy,https://repository.sonatype.org/service/local/artifact/maven/redirect?r=central-proxy&g=org.zkoss.zk&a=zk&v=2.3.0&e=pom, ,
zk,2.3.1,org.zkoss.zk,central-proxy,https://repository.sonatype.org/service/local/artifact/maven/redirect?r=central-proxy&g=org.zkoss.zk&a=zk&v=2.3.1&e=pom, ,
zk,2.4.0,org.zkoss.zk,central-proxy,https://repository.sonatype.org/service/local/artifact/maven/redirect?r=central-proxy&g=org.zkoss.zk&a=zk&v=2.4.0&e=pom, ,
zk,2.4.1,org.zkoss.zk,central-proxy,https://repository.sonatype.org/service/local/artifact/maven/redirect?r=central-proxy&g=org.zkoss.zk&a=zk&v=2.4.1&e=pom, ,
zk,2.4.2,org.zkoss.zk,central-proxy,https://repository.sonatype.org/service/local/artifact/maven/redirect?r=central-proxy&g=org.zkoss.zk&a=zk&v=2.4.2&e=pom, ,
zk,2.4.3,org.zkoss.zk,central-proxy,https://repository.sonatype.org/service/local/artifact/maven/redirect?r=central-proxy&g=org.zkoss.zk&a=zk&v=2.4.3&e=pom, ,
zk,3.0.0,org.zkoss.zk,central-proxy,https://repository.sonatype.org/service/local/artifact/maven/redirect?r=central-proxy&g=org.zkoss.zk&a=zk&v=3.0.0&e=pom, ,
zk,3.0.0-RC,org.zkoss.zk,central-proxy,https://repository.sonatype.org/service/local/artifact/maven/redirect?r=central-proxy&g=org.zkoss.zk&a=zk&v=3.0.0-RC&e=pom, ,
zk,3.0.1,org.zkoss.zk,central-proxy,https://repository.sonatype.org/service/local/artifact/maven/redirect?r=central-proxy&g=org.zkoss.zk&a=zk&v=3.0.1&e=pom, ,
zk,3.0.2,org.zkoss.zk,central-proxy,https://repository.sonatype.org/service/local/artifact/maven/redirect?r=central-proxy&g=org.zkoss.zk&a=zk&v=3.0.2&e=pom, ,
zk,3.0.3,org.zkoss.zk,central-proxy,https://repository.sonatype.org/service/local/artifact/maven/redirect?r=central-proxy&g=org.zkoss.zk&a=zk&v=3.0.3&e=pom, ,
zk,3.0.4,org.zkoss.zk,central-proxy,https://repository.sonatype.org/service/local/artifact/maven/redirect?r=central-proxy&g=org.zkoss.zk&a=zk&v=3.0.4&e=pom, ,
zk,3.0.5,org.zkoss.zk,central-proxy,https://repository.sonatype.org/service/local/artifact/maven/redirect?r=central-proxy&g=org.zkoss.zk&a=zk&v=3.0.5&e=pom, ,
zk,3.0.6,org.zkoss.zk,central-proxy,https://repository.sonatype.org/service/local/artifact/maven/redirect?r=central-proxy&g=org.zkoss.zk&a=zk&v=3.0.6&e=pom, ,
zk,3.0.7,org.zkoss.zk,central-proxy,https://repository.sonatype.org/service/local/artifact/maven/redirect?r=central-proxy&g=org.zkoss.zk&a=zk&v=3.0.7&e=pom, ,
zk,3.0.8,org.zkoss.zk,central-proxy,https://repository.sonatype.org/service/local/artifact/maven/redirect?r=central-proxy&g=org.zkoss.zk&a=zk&v=3.0.8&e=pom, ,
zk,3.5.0,org.zkoss.zk,central-proxy,https://repository.sonatype.org/service/local/artifact/maven/redirect?r=central-proxy&g=org.zkoss.zk&a=zk&v=3.5.0&e=pom, ,
zk,3.5.1,org.zkoss.zk,central-proxy,https://repository.sonatype.org/service/local/artifact/maven/redirect?r=central-proxy&g=org.zkoss.zk&a=zk&v=3.5.1&e=pom, ,
zk,3.5.2,org.zkoss.zk,central-proxy,https://repository.sonatype.org/service/local/artifact/maven/redirect?r=central-proxy&g=org.zkoss.zk&a=zk&v=3.5.2&e=pom, ,
zk,3.6.0,org.zkoss.zk,central-proxy,https://repository.sonatype.org/service/local/artifact/maven/redirect?r=central-proxy&g=org.zkoss.zk&a=zk&v=3.6.0&e=pom, ,
zk,3.6.0.1,org.zkoss.zk,central-proxy,https://repository.sonatype.org/service/local/artifact/maven/redirect?r=central-proxy&g=org.zkoss.zk&a=zk&v=3.6.0.1&e=pom, ,
zkex,3.0.0,org.zkoss.zk,central-proxy,https://repository.sonatype.org/service/local/artifact/maven/redirect?r=central-proxy&g=org.zkoss.zk&a=zkex&v=3.0.0&e=pom, ,
zkex,3.0.1,org.zkoss.zk,central-proxy,https://repository.sonatype.org/service/local/artifact/maven/redirect?r=central-proxy&g=org.zkoss.zk&a=zkex&v=3.0.1&e=pom, ,
zkex,3.0.2,org.zkoss.zk,central-proxy,https://repository.sonatype.org/service/local/artifact/maven/redirect?r=central-proxy&g=org.zkoss.zk&a=zkex&v=3.0.2&e=pom, ,
zkex,3.0.3,org.zkoss.zk,central-proxy,https://repository.sonatype.org/service/local/artifact/maven/redirect?r=central-proxy&g=org.zkoss.zk&a=zkex&v=3.0.3&e=pom, ,
zkex,3.0.4,org.zkoss.zk,central-proxy,https://repository.sonatype.org/service/local/artifact/maven/redirect?r=central-proxy&g=org.zkoss.zk&a=zkex&v=3.0.4&e=pom, ,
zkex,3.0.5,org.zkoss.zk,central-proxy,https://repository.sonatype.org/service/local/artifact/maven/redirect?r=central-proxy&g=org.zkoss.zk&a=zkex&v=3.0.5&e=pom, ,
zkex,3.0.6,org.zkoss.zk,central-proxy,https://repository.sonatype.org/service/local/artifact/maven/redirect?r=central-proxy&g=org.zkoss.zk&a=zkex&v=3.0.6&e=pom, ,
zkex,3.0.7,org.zkoss.zk,central-proxy,https://repository.sonatype.org/service/local/artifact/maven/redirect?r=central-proxy&g=org.zkoss.zk&a=zkex&v=3.0.7&e=pom, ,
zkex,3.0.8,org.zkoss.zk,central-proxy,https://repository.sonatype.org/service/local/artifact/maven/redirect?r=central-proxy&g=org.zkoss.zk&a=zkex&v=3.0.8&e=pom, ,
zkex,3.5.0,org.zkoss.zk,central-proxy,https://repository.sonatype.org/service/local/artifact/maven/redirect?r=central-proxy&g=org.zkoss.zk&a=zkex&v=3.5.0&e=pom, ,
zkex,3.5.1,org.zkoss.zk,central-proxy,https://repository.sonatype.org/service/local/artifact/maven/redirect?r=central-proxy&g=org.zkoss.zk&a=zkex&v=3.5.1&e=pom, ,
zkex,3.5.2,org.zkoss.zk,central-proxy,https://repository.sonatype.org/service/local/artifact/maven/redirect?r=central-proxy&g=org.zkoss.zk&a=zkex&v=3.5.2&e=pom, ,
zkex,3.6.0,org.zkoss.zk,central-proxy,https://repository.sonatype.org/service/local/artifact/maven/redirect?r=central-proxy&g=org.zkoss.zk&a=zkex&v=3.6.0&e=pom, ,
zkex,3.6.0.1,org.zkoss.zk,central-proxy,https://repository.sonatype.org/service/local/artifact/maven/redirect?r=central-proxy&g=org.zkoss.zk&a=zkex&v=3.6.0.1&e=pom, ,
zkmax,3.0.0,org.zkoss.zk,central-proxy,https://repository.sonatype.org/service/local/artifact/maven/redirect?r=central-proxy&g=org.zkoss.zk&a=zkmax&v=3.0.0&e=pom, ,
zkmax,3.0.0-RC,org.zkoss.zk,central-proxy,https://repository.sonatype.org/service/local/artifact/maven/redirect?r=central-proxy&g=org.zkoss.zk&a=zkmax&v=3.0.0-RC&e=pom, ,
zkmax,3.0.1,org.zkoss.zk,central-proxy,https://repository.sonatype.org/service/local/artifact/maven/redirect?r=central-proxy&g=org.zkoss.zk&a=zkmax&v=3.0.1&e=pom, ,
zkmax,3.0.2,org.zkoss.zk,central-proxy,https://repository.sonatype.org/service/local/artifact/maven/redirect?r=central-proxy&g=org.zkoss.zk&a=zkmax&v=3.0.2&e=pom, ,
zkmax,3.0.3,org.zkoss.zk,central-proxy,https://repository.sonatype.org/service/local/artifact/maven/redirect?r=central-proxy&g=org.zkoss.zk&a=zkmax&v=3.0.3&e=pom, ,
zkmax,3.0.4,org.zkoss.zk,central-proxy,https://repository.sonatype.org/service/local/artifact/maven/redirect?r=central-proxy&g=org.zkoss.zk&a=zkmax&v=3.0.4&e=pom, ,
zkmax,3.0.5,org.zkoss.zk,central-proxy,https://repository.sonatype.org/service/local/artifact/maven/redirect?r=central-proxy&g=org.zkoss.zk&a=zkmax&v=3.0.5&e=pom, ,
zkmax,3.0.6,org.zkoss.zk,central-proxy,https://repository.sonatype.org/service/local/artifact/maven/redirect?r=central-proxy&g=org.zkoss.zk&a=zkmax&v=3.0.6&e=pom, ,
zkmax,3.0.7,org.zkoss.zk,central-proxy,https://repository.sonatype.org/service/local/artifact/maven/redirect?r=central-proxy&g=org.zkoss.zk&a=zkmax&v=3.0.7&e=pom, ,
zkmax,3.0.8,org.zkoss.zk,central-proxy,https://repository.sonatype.org/service/local/artifact/maven/redirect?r=central-proxy&g=org.zkoss.zk&a=zkmax&v=3.0.8&e=pom, ,
zkmax,3.5.0,org.zkoss.zk,central-proxy,https://repository.sonatype.org/service/local/artifact/maven/redirect?r=central-proxy&g=org.zkoss.zk&a=zkmax&v=3.5.0&e=pom, ,
zkmax,3.5.1,org.zkoss.zk,central-proxy,https://repository.sonatype.org/service/local/artifact/maven/redirect?r=central-proxy&g=org.zkoss.zk&a=zkmax&v=3.5.1&e=pom, ,
zkmax,3.5.2,org.zkoss.zk,central-proxy,https://repository.sonatype.org/service/local/artifact/maven/redirect?r=central-proxy&g=org.zkoss.zk&a=zkmax&v=3.5.2&e=pom, ,
zkmax,3.6.0,org.zkoss.zk,central-proxy,https://repository.sonatype.org/service/local/artifact/maven/redirect?r=central-proxy&g=org.zkoss.zk&a=zkmax&v=3.6.0&e=pom, ,
zkmax,3.6.0.1,org.zkoss.zk,central-proxy,https://repository.sonatype.org/service/local/artifact/maven/redirect?r=central-proxy&g=org.zkoss.zk&a=zkmax&v=3.6.0.1&e=pom, ,
zkplus,2.2.0,org.zkoss.zk,central-proxy,https://repository.sonatype.org/service/local/artifact/maven/redirect?r=central-proxy&g=org.zkoss.zk&a=zkplus&v=2.2.0&e=pom, ,
zkplus,2.2.1,org.zkoss.zk,central-proxy,https://repository.sonatype.org/service/local/artifact/maven/redirect?r=central-proxy&g=org.zkoss.zk&a=zkplus&v=2.2.1&e=pom, ,
zkplus,2.3.0,org.zkoss.zk,central-proxy,https://repository.sonatype.org/service/local/artifact/maven/redirect?r=central-proxy&g=org.zkoss.zk&a=zkplus&v=2.3.0&e=pom, ,
zkplus,2.3.1,org.zkoss.zk,central-proxy,https://repository.sonatype.org/service/local/artifact/maven/redirect?r=central-proxy&g=org.zkoss.zk&a=zkplus&v=2.3.1&e=pom, ,
zkplus,2.4.0,org.zkoss.zk,central-proxy,https://repository.sonatype.org/service/local/artifact/maven/redirect?r=central-proxy&g=org.zkoss.zk&a=zkplus&v=2.4.0&e=pom, ,
zkplus,2.4.1,org.zkoss.zk,central-proxy,https://repository.sonatype.org/service/local/artifact/maven/redirect?r=central-proxy&g=org.zkoss.zk&a=zkplus&v=2.4.1&e=pom, ,
zkplus,2.4.2,org.zkoss.zk,central-proxy,https://repository.sonatype.org/service/local/artifact/maven/redirect?r=central-proxy&g=org.zkoss.zk&a=zkplus&v=2.4.2&e=pom, ,
zkplus,2.4.3,org.zkoss.zk,central-proxy,https://repository.sonatype.org/service/local/artifact/maven/redirect?r=central-proxy&g=org.zkoss.zk&a=zkplus&v=2.4.3&e=pom, ,
zkplus,3.0.0,org.zkoss.zk,central-proxy,https://repository.sonatype.org/service/local/artifact/maven/redirect?r=central-proxy&g=org.zkoss.zk&a=zkplus&v=3.0.0&e=pom, ,
zkplus,3.0.0-RC,org.zkoss.zk,central-proxy,https://repository.sonatype.org/service/local/artifact/maven/redirect?r=central-proxy&g=org.zkoss.zk&a=zkplus&v=3.0.0-RC&e=pom, ,
zkplus,3.0.1,org.zkoss.zk,central-proxy,https://repository.sonatype.org/service/local/artifact/maven/redirect?r=central-proxy&g=org.zkoss.zk&a=zkplus&v=3.0.1&e=pom, ,
zkplus,3.0.2,org.zkoss.zk,central-proxy,https://repository.sonatype.org/service/local/artifact/maven/redirect?r=central-proxy&g=org.zkoss.zk&a=zkplus&v=3.0.2&e=pom, ,
zkplus,3.0.3,org.zkoss.zk,central-proxy,https://repository.sonatype.org/service/local/artifact/maven/redirect?r=central-proxy&g=org.zkoss.zk&a=zkplus&v=3.0.3&e=pom, ,
zkplus,3.0.4,org.zkoss.zk,central-proxy,https://repository.sonatype.org/service/local/artifact/maven/redirect?r=central-proxy&g=org.zkoss.zk&a=zkplus&v=3.0.4&e=pom, ,
zkplus,3.0.5,org.zkoss.zk,central-proxy,https://repository.sonatype.org/service/local/artifact/maven/redirect?r=central-proxy&g=org.zkoss.zk&a=zkplus&v=3.0.5&e=pom, ,
zkplus,3.0.6,org.zkoss.zk,central-proxy,https://repository.sonatype.org/service/local/artifact/maven/redirect?r=central-proxy&g=org.zkoss.zk&a=zkplus&v=3.0.6&e=pom, ,
zkplus,3.0.7,org.zkoss.zk,central-proxy,https://repository.sonatype.org/service/local/artifact/maven/redirect?r=central-proxy&g=org.zkoss.zk&a=zkplus&v=3.0.7&e=pom, ,
zkplus,3.0.8,org.zkoss.zk,central-proxy,https://repository.sonatype.org/service/local/artifact/maven/redirect?r=central-proxy&g=org.zkoss.zk&a=zkplus&v=3.0.8&e=pom, ,
zkplus,3.5.0,org.zkoss.zk,central-proxy,https://repository.sonatype.org/service/local/artifact/maven/redirect?r=central-proxy&g=org.zkoss.zk&a=zkplus&v=3.5.0&e=pom, ,
zkplus,3.5.1,org.zkoss.zk,central-proxy,https://repository.sonatype.org/service/local/artifact/maven/redirect?r=central-proxy&g=org.zkoss.zk&a=zkplus&v=3.5.1&e=pom, ,
zkplus,3.5.2,org.zkoss.zk,central-proxy,https://repository.sonatype.org/service/local/artifact/maven/redirect?r=central-proxy&g=org.zkoss.zk&a=zkplus&v=3.5.2&e=pom, ,
zkplus,3.6.0,org.zkoss.zk,central-proxy,https://repository.sonatype.org/service/local/artifact/maven/redirect?r=central-proxy&g=org.zkoss.zk&a=zkplus&v=3.6.0&e=pom, ,
zkplus,3.6.0.1,org.zkoss.zk,central-proxy,https://repository.sonatype.org/service/local/artifact/maven/redirect?r=central-proxy&g=org.zkoss.zk&a=zkplus&v=3.6.0.1&e=pom, ,
zml,3.0.0,org.zkoss.zk,central-proxy,https://repository.sonatype.org/service/local/artifact/maven/redirect?r=central-proxy&g=org.zkoss.zk&a=zml&v=3.0.0&e=pom, ,
zml,3.0.0-RC,org.zkoss.zk,central-proxy,https://repository.sonatype.org/service/local/artifact/maven/redirect?r=central-proxy&g=org.zkoss.zk&a=zml&v=3.0.0-RC&e=pom, ,
zml,3.0.1,org.zkoss.zk,central-proxy,https://repository.sonatype.org/service/local/artifact/maven/redirect?r=central-proxy&g=org.zkoss.zk&a=zml&v=3.0.1&e=pom, ,
zml,3.0.2,org.zkoss.zk,central-proxy,https://repository.sonatype.org/service/local/artifact/maven/redirect?r=central-proxy&g=org.zkoss.zk&a=zml&v=3.0.2&e=pom, ,
zml,3.0.3,org.zkoss.zk,central-proxy,https://repository.sonatype.org/service/local/artifact/maven/redirect?r=central-proxy&g=org.zkoss.zk&a=zml&v=3.0.3&e=pom, ,
zml,3.0.4,org.zkoss.zk,central-proxy,https://repository.sonatype.org/service/local/artifact/maven/redirect?r=central-proxy&g=org.zkoss.zk&a=zml&v=3.0.4&e=pom, ,
zml,3.0.5,org.zkoss.zk,central-proxy,https://repository.sonatype.org/service/local/artifact/maven/redirect?r=central-proxy&g=org.zkoss.zk&a=zml&v=3.0.5&e=pom, ,
zml,3.0.6,org.zkoss.zk,central-proxy,https://repository.sonatype.org/service/local/artifact/maven/redirect?r=central-proxy&g=org.zkoss.zk&a=zml&v=3.0.6&e=pom, ,
zml,3.0.7,org.zkoss.zk,central-proxy,https://repository.sonatype.org/service/local/artifact/maven/redirect?r=central-proxy&g=org.zkoss.zk&a=zml&v=3.0.7&e=pom, ,
zml,3.0.8,org.zkoss.zk,central-proxy,https://repository.sonatype.org/service/local/artifact/maven/redirect?r=central-proxy&g=org.zkoss.zk&a=zml&v=3.0.8&e=pom, ,
zml,3.5.0,org.zkoss.zk,central-proxy,https://repository.sonatype.org/service/local/artifact/maven/redirect?r=central-proxy&g=org.zkoss.zk&a=zml&v=3.5.0&e=pom, ,
zml,3.5.1,org.zkoss.zk,central-proxy,https://repository.sonatype.org/service/local/artifact/maven/redirect?r=central-proxy&g=org.zkoss.zk&a=zml&v=3.5.1&e=pom, ,
zml,3.5.2,org.zkoss.zk,central-proxy,https://repository.sonatype.org/service/local/artifact/maven/redirect?r=central-proxy&g=org.zkoss.zk&a=zml&v=3.5.2&e=pom, ,
zml,3.6.0,org.zkoss.zk,central-proxy,https://repository.sonatype.org/service/local/artifact/maven/redirect?r=central-proxy&g=org.zkoss.zk&a=zml&v=3.6.0&e=pom, ,
zml,3.6.0.1,org.zkoss.zk,central-proxy,https://repository.sonatype.org/service/local/artifact/maven/redirect?r=central-proxy&g=org.zkoss.zk&a=zml&v=3.6.0.1&e=pom, ,
zul,2.2.0,org.zkoss.zk,central-proxy,https://repository.sonatype.org/service/local/artifact/maven/redirect?r=central-proxy&g=org.zkoss.zk&a=zul&v=2.2.0&e=pom, ,
zul,2.2.1,org.zkoss.zk,central-proxy,https://repository.sonatype.org/service/local/artifact/maven/redirect?r=central-proxy&g=org.zkoss.zk&a=zul&v=2.2.1&e=pom, ,
zul,2.3.0,org.zkoss.zk,central-proxy,https://repository.sonatype.org/service/local/artifact/maven/redirect?r=central-proxy&g=org.zkoss.zk&a=zul&v=2.3.0&e=pom, ,
zul,2.3.1,org.zkoss.zk,central-proxy,https://repository.sonatype.org/service/local/artifact/maven/redirect?r=central-proxy&g=org.zkoss.zk&a=zul&v=2.3.1&e=pom, ,
zul,2.4.0,org.zkoss.zk,central-proxy,https://repository.sonatype.org/service/local/artifact/maven/redirect?r=central-proxy&g=org.zkoss.zk&a=zul&v=2.4.0&e=pom, ,
zul,2.4.1,org.zkoss.zk,central-proxy,https://repository.sonatype.org/service/local/artifact/maven/redirect?r=central-proxy&g=org.zkoss.zk&a=zul&v=2.4.1&e=pom, ,
zul,2.4.2,org.zkoss.zk,central-proxy,https://repository.sonatype.org/service/local/artifact/maven/redirect?r=central-proxy&g=org.zkoss.zk&a=zul&v=2.4.2&e=pom, ,
zul,2.4.3,org.zkoss.zk,central-proxy,https://repository.sonatype.org/service/local/artifact/maven/redirect?r=central-proxy&g=org.zkoss.zk&a=zul&v=2.4.3&e=pom, ,
zul,3.0.0,org.zkoss.zk,central-proxy,https://repository.sonatype.org/service/local/artifact/maven/redirect?r=central-proxy&g=org.zkoss.zk&a=zul&v=3.0.0&e=pom, ,
zul,3.0.0-RC,org.zkoss.zk,central-proxy,https://repository.sonatype.org/service/local/artifact/maven/redirect?r=central-proxy&g=org.zkoss.zk&a=zul&v=3.0.0-RC&e=pom, ,
zul,3.0.1,org.zkoss.zk,central-proxy,https://repository.sonatype.org/service/local/artifact/maven/redirect?r=central-proxy&g=org.zkoss.zk&a=zul&v=3.0.1&e=pom, ,
zul,3.0.2,org.zkoss.zk,central-proxy,https://repository.sonatype.org/service/local/artifact/maven/redirect?r=central-proxy&g=org.zkoss.zk&a=zul&v=3.0.2&e=pom, ,
zul,3.0.3,org.zkoss.zk,central-proxy,https://repository.sonatype.org/service/local/artifact/maven/redirect?r=central-proxy&g=org.zkoss.zk&a=zul&v=3.0.3&e=pom, ,
zul,3.0.4,org.zkoss.zk,central-proxy,https://repository.sonatype.org/service/local/artifact/maven/redirect?r=central-proxy&g=org.zkoss.zk&a=zul&v=3.0.4&e=pom, ,
zul,3.0.5,org.zkoss.zk,central-proxy,https://repository.sonatype.org/service/local/artifact/maven/redirect?r=central-proxy&g=org.zkoss.zk&a=zul&v=3.0.5&e=pom, ,
zul,3.0.6,org.zkoss.zk,central-proxy,https://repository.sonatype.org/service/local/artifact/maven/redirect?r=central-proxy&g=org.zkoss.zk&a=zul&v=3.0.6&e=pom, ,
zul,3.0.7,org.zkoss.zk,central-proxy,https://repository.sonatype.org/service/local/artifact/maven/redirect?r=central-proxy&g=org.zkoss.zk&a=zul&v=3.0.7&e=pom, ,
zul,3.0.8,org.zkoss.zk,central-proxy,https://repository.sonatype.org/service/local/artifact/maven/redirect?r=central-proxy&g=org.zkoss.zk&a=zul&v=3.0.8&e=pom, ,
zul,3.5.0,org.zkoss.zk,central-proxy,https://repository.sonatype.org/service/local/artifact/maven/redirect?r=central-proxy&g=org.zkoss.zk&a=zul&v=3.5.0&e=pom, ,
zul,3.5.1,org.zkoss.zk,central-proxy,https://repository.sonatype.org/service/local/artifact/maven/redirect?r=central-proxy&g=org.zkoss.zk&a=zul&v=3.5.1&e=pom, ,
zul,3.5.2,org.zkoss.zk,central-proxy,https://repository.sonatype.org/service/local/artifact/maven/redirect?r=central-proxy&g=org.zkoss.zk&a=zul&v=3.5.2&e=pom, ,
zul,3.6.0,org.zkoss.zk,central-proxy,https://repository.sonatype.org/service/local/artifact/maven/redirect?r=central-proxy&g=org.zkoss.zk&a=zul&v=3.6.0&e=pom, ,
zul,3.6.0.1,org.zkoss.zk,central-proxy,https://repository.sonatype.org/service/local/artifact/maven/redirect?r=central-proxy&g=org.zkoss.zk&a=zul&v=3.6.0.1&e=pom, ,
zuljsf,0.8.1,org.zkoss.zk,central-proxy,https://repository.sonatype.org/service/local/artifact/maven/redirect?r=central-proxy&g=org.zkoss.zk&a=zuljsf&v=0.8.1&e=pom, ,
zuljsp,1.0.0,org.zkoss.zk,central-proxy,https://repository.sonatype.org/service/local/artifact/maven/redirect?r=central-proxy&g=org.zkoss.zk&a=zuljsp&v=1.0.0&e=pom, ,
zcommons-el,1.0.0,org.zkoss.zkforge.el,central-proxy,https://repository.sonatype.org/service/local/artifact/maven/redirect?r=central-proxy&g=org.zkoss.zkforge.el&a=zcommons-el&v=1.0.0&e=pom, ,
zcommons-el,1.0.1,org.zkoss.zkforge.el,central-proxy,https://repository.sonatype.org/service/local/artifact/maven/redirect?r=central-proxy&g=org.zkoss.zkforge.el&a=zcommons-el&v=1.0.1&e=pom, ,
zcommons-el,1.0.2,org.zkoss.zkforge.el,central-proxy,https://repository.sonatype.org/service/local/artifact/maven/redirect?r=central-proxy&g=org.zkoss.zkforge.el&a=zcommons-el&v=1.0.2&e=pom, ,
zcommon,3.6.1,org.zkoss.common,central-proxy,https://repository.sonatype.org/service/local/artifact/maven/redirect?r=central-proxy&g=org.zkoss.common&a=zcommon&v=3.6.1&e=pom, ,
zweb,3.6.1,org.zkoss.common,central-proxy,https://repository.sonatype.org/service/local/artifact/maven/redirect?r=central-proxy&g=org.zkoss.common&a=zweb&v=3.6.1&e=pom, ,
zhtml,3.6.1,org.zkoss.zk,central-proxy,https://repository.sonatype.org/service/local/artifact/maven/redirect?r=central-proxy&g=org.zkoss.zk&a=zhtml&v=3.6.1&e=pom, ,
zk,3.6.1,org.zkoss.zk,central-proxy,https://repository.sonatype.org/service/local/artifact/maven/redirect?r=central-proxy&g=org.zkoss.zk&a=zk&v=3.6.1&e=pom, ,
zkex,3.6.1,org.zkoss.zk,central-proxy,https://repository.sonatype.org/service/local/artifact/maven/redirect?r=central-proxy&g=org.zkoss.zk&a=zkex&v=3.6.1&e=pom, ,
zkmax,3.6.1,org.zkoss.zk,central-proxy,https://repository.sonatype.org/service/local/artifact/maven/redirect?r=central-proxy&g=org.zkoss.zk&a=zkmax&v=3.6.1&e=pom, ,
zkplus,3.6.1,org.zkoss.zk,central-proxy,https://repository.sonatype.org/service/local/artifact/maven/redirect?r=central-proxy&g=org.zkoss.zk&a=zkplus&v=3.6.1&e=pom, ,
zml,3.6.1,org.zkoss.zk,central-proxy,https://repository.sonatype.org/service/local/artifact/maven/redirect?r=central-proxy&g=org.zkoss.zk&a=zml&v=3.6.1&e=pom, ,
zul,3.6.1,org.zkoss.zk,central-proxy,https://repository.sonatype.org/service/local/artifact/maven/redirect?r=central-proxy&g=org.zkoss.zk&a=zul&v=3.6.1&e=pom, ,
zcommon,3.6.2-FL-2009-05-11,org.zkoss.common,central-proxy,https://repository.sonatype.org/service/local/artifact/maven/redirect?r=central-proxy&g=org.zkoss.common&a=zcommon&v=3.6.2-FL-2009-05-11&e=pom, ,
zcommon,3.6.2-FL-20090515,org.zkoss.common,central-proxy,https://repository.sonatype.org/service/local/artifact/maven/redirect?r=central-proxy&g=org.zkoss.common&a=zcommon&v=3.6.2-FL-20090515&e=pom, ,
zcommon,3.6.2.FL.20090518,org.zkoss.common,central-proxy,https://repository.sonatype.org/service/local/artifact/maven/redirect?r=central-proxy&g=org.zkoss.common&a=zcommon&v=3.6.2.FL.20090518&e=pom, ,
zweb,3.6.2-FL-2009-05-11,org.zkoss.common,central-proxy,https://repository.sonatype.org/service/local/artifact/maven/redirect?r=central-proxy&g=org.zkoss.common&a=zweb&v=3.6.2-FL-2009-05-11&e=pom, ,
