org.sonatype.aether_aether-util_1.12-SNAPSHOT,org.sonatype.aether_aether-api
org.sonatype.aether_aether-util_1.12-SNAPSHOT,org.sonatype.aether_aether-test-util
org.sonatype.aether_aether-util_1.12-SNAPSHOT,junit_junit
org.sonatype.aether_aether-util_1.1.3-SNAPSHOT,org.sonatype.aether_aether-api
org.sonatype.aether_aether-util_1.1.3-SNAPSHOT,junit_junit
org.sonatype.aether_aether-util_1.1.3-SNAPSHOT,org.sonatype.aether_aether-test-util
org.sonatype.aether_aether-util_1.1.2-SNAPSHOT,org.sonatype.aether_aether-api
org.sonatype.aether_aether-util_1.1.2-SNAPSHOT,junit_junit
org.sonatype.aether_aether-util_1.1.2-SNAPSHOT,org.sonatype.aether_aether-test-util
org.sonatype.aether_aether-util_0.1-SNAPSHOT,org.sonatype.aether_aether-api
org.sonatype.aether_aether-util_0.1-SNAPSHOT,junit_junit
org.sonatype.aether_aether-test-util_1.12-SNAPSHOT,org.sonatype.aether_aether-api
org.sonatype.aether_aether-test-util_1.12-SNAPSHOT,org.sonatype.aether_aether-spi
org.sonatype.aether_aether-test-util_1.12-SNAPSHOT,junit_junit
org.sonatype.aether_aether-test-util_1.1.3-SNAPSHOT,org.sonatype.aether_aether-api
org.sonatype.aether_aether-test-util_1.1.3-SNAPSHOT,org.sonatype.aether_aether-spi
org.sonatype.aether_aether-test-util_1.1.3-SNAPSHOT,junit_junit
org.sonatype.aether_aether-test-util_1.1.2-SNAPSHOT,org.sonatype.aether_aether-api
org.sonatype.aether_aether-test-util_1.1.2-SNAPSHOT,org.sonatype.aether_aether-spi
org.sonatype.aether_aether-test-util_1.1.2-SNAPSHOT,junit_junit
org.sonatype.aether_aether-spi_1.12-SNAPSHOT,org.sonatype.aether_aether-api
org.sonatype.aether_aether-spi_1.1.3-SNAPSHOT,org.sonatype.aether_aether-api
org.sonatype.aether_aether-spi_1.1.2-SNAPSHOT,org.sonatype.aether_aether-api
org.sonatype.aether_aether-spi_0.1-SNAPSHOT,org.sonatype.aether_aether-api
org.sonatype.aether_aether-parent_1.12-SNAPSHOT,org.sonatype.aether_aether-api
org.sonatype.aether_aether-parent_1.12-SNAPSHOT,org.sonatype.aether_aether-spi
org.sonatype.aether_aether-parent_1.12-SNAPSHOT,org.sonatype.aether_aether-util
org.sonatype.aether_aether-parent_1.12-SNAPSHOT,org.sonatype.aether_aether-impl
org.sonatype.aether_aether-parent_1.12-SNAPSHOT,org.sonatype.aether_aether-connector-file
org.sonatype.aether_aether-parent_1.12-SNAPSHOT,org.sonatype.aether_aether-connector-wagon
org.sonatype.aether_aether-parent_1.12-SNAPSHOT,org.sonatype.aether_aether-connector-asynchttpclient
org.sonatype.aether_aether-parent_1.12-SNAPSHOT,org.sonatype.aether_aether-test-util
org.sonatype.aether_aether-parent_1.12-SNAPSHOT,junit_junit
org.sonatype.aether_aether-parent_1.12-SNAPSHOT,org.codehaus.plexus_plexus-component-annotations
org.sonatype.aether_aether-parent_1.12-SNAPSHOT,org.codehaus.plexus_plexus-container-default
org.sonatype.aether_aether-parent_1.12-SNAPSHOT,org.apache.apache.resources_apache-source-release-assembly-descriptor
org.sonatype.aether_aether-parent_1.1.3-SNAPSHOT,junit_junit
org.sonatype.aether_aether-parent_1.1.2-SNAPSHOT,junit_junit
org.sonatype.aether_aether-parent_0.1-SNAPSHOT,junit_junit
org.sonatype.aether_aether-locking_1.9-SNAPSHOT,org.codehaus.plexus_plexus-component-annotations
org.sonatype.aether_aether-locking_1.9-SNAPSHOT,junit_junit
org.sonatype.aether_aether-locking_1.9-SNAPSHOT,com.googlecode.multithreadedtc_multithreadedtc
org.sonatype.aether_aether-locking_1.9-SNAPSHOT,org.sonatype.aether_aether-spi
org.sonatype.aether_aether-locking_1.9-SNAPSHOT,org.sonatype.aether_aether-api
org.sonatype.aether_aether-locking_1.9-SNAPSHOT,org.sonatype.aether_aether-test-util
org.sonatype.aether_aether-locking_1.9-SNAPSHOT,org.apache.apache.resources_apache-source-release-assembly-descriptor
org.sonatype.aether_aether-locking_1.0-SNAPSHOT,org.codehaus.plexus_plexus-component-annotations
org.sonatype.aether_aether-locking_1.0-SNAPSHOT,org.sonatype.aether_aether-spi
org.sonatype.aether_aether-locking_1.0-SNAPSHOT,org.sonatype.aether_aether-test-util
org.sonatype.aether_aether-locking_1.0-SNAPSHOT,junit_junit
org.sonatype.aether_aether-locking_1.0-SNAPSHOT,com.googlecode.multithreadedtc_multithreadedtc
org.sonatype.aether_aether-locking_1.0-SNAPSHOT,org.apache.apache.resources_apache-source-release-assembly-descriptor
org.sonatype.aether_aether-impl_1.12-SNAPSHOT,org.sonatype.aether_aether-api
org.sonatype.aether_aether-impl_1.12-SNAPSHOT,org.sonatype.aether_aether-spi
org.sonatype.aether_aether-impl_1.12-SNAPSHOT,org.sonatype.aether_aether-util
org.sonatype.aether_aether-impl_1.12-SNAPSHOT,org.codehaus.plexus_plexus-component-annotations
org.sonatype.aether_aether-impl_1.12-SNAPSHOT,org.sonatype.sisu_sisu-inject-plexus
org.sonatype.aether_aether-impl_1.12-SNAPSHOT,org.slf4j_slf4j-api
org.sonatype.aether_aether-impl_1.12-SNAPSHOT,junit_junit
org.sonatype.aether_aether-impl_1.12-SNAPSHOT,org.sonatype.aether_aether-test-util
org.sonatype.aether_aether-impl_1.1.3-SNAPSHOT,org.sonatype.aether_aether-api
org.sonatype.aether_aether-impl_1.1.3-SNAPSHOT,org.sonatype.aether_aether-spi
org.sonatype.aether_aether-impl_1.1.3-SNAPSHOT,org.sonatype.aether_aether-util
org.sonatype.aether_aether-impl_1.1.3-SNAPSHOT,org.codehaus.plexus_plexus-utils
org.sonatype.aether_aether-impl_1.1.3-SNAPSHOT,org.codehaus.plexus_plexus-component-annotations
org.sonatype.aether_aether-impl_1.1.3-SNAPSHOT,org.codehaus.plexus_plexus-container-default
org.sonatype.aether_aether-impl_1.1.3-SNAPSHOT,junit_junit
org.sonatype.aether_aether-impl_1.1.3-SNAPSHOT,org.sonatype.aether_aether-test-util
org.sonatype.aether_aether-impl_1.1.2-SNAPSHOT,org.sonatype.aether_aether-api
org.sonatype.aether_aether-impl_1.1.2-SNAPSHOT,org.sonatype.aether_aether-spi
org.sonatype.aether_aether-impl_1.1.2-SNAPSHOT,org.sonatype.aether_aether-util
org.sonatype.aether_aether-impl_1.1.2-SNAPSHOT,org.codehaus.plexus_plexus-utils
org.sonatype.aether_aether-impl_1.1.2-SNAPSHOT,org.codehaus.plexus_plexus-component-annotations
org.sonatype.aether_aether-impl_1.1.2-SNAPSHOT,org.codehaus.plexus_plexus-container-default
org.sonatype.aether_aether-impl_1.1.2-SNAPSHOT,org.slf4j_slf4j-api
org.sonatype.aether_aether-impl_1.1.2-SNAPSHOT,junit_junit
org.sonatype.aether_aether-impl_1.1.2-SNAPSHOT,org.sonatype.aether_aether-test-util
org.sonatype.aether_aether-impl_0.1-SNAPSHOT,org.sonatype.aether_aether-api
org.sonatype.aether_aether-impl_0.1-SNAPSHOT,org.sonatype.aether_aether-spi
org.sonatype.aether_aether-impl_0.1-SNAPSHOT,org.sonatype.aether_aether-util
org.sonatype.aether_aether-impl_0.1-SNAPSHOT,org.codehaus.plexus_plexus-utils
org.sonatype.aether_aether-impl_0.1-SNAPSHOT,org.codehaus.plexus_plexus-component-annotations
org.sonatype.aether_aether-impl_0.1-SNAPSHOT,org.codehaus.plexus_plexus-container-default
org.sonatype.aether_aether-impl_0.1-SNAPSHOT,junit_junit
org.sonatype.aether_aether-connector-wagon_1.12-SNAPSHOT,org.sonatype.aether_aether-api
org.sonatype.aether_aether-connector-wagon_1.12-SNAPSHOT,org.sonatype.aether_aether-spi
org.sonatype.aether_aether-connector-wagon_1.12-SNAPSHOT,org.sonatype.aether_aether-util
org.sonatype.aether_aether-connector-wagon_1.12-SNAPSHOT,org.apache.maven.wagon_wagon-provider-api
org.sonatype.aether_aether-connector-wagon_1.12-SNAPSHOT,org.codehaus.plexus_plexus-component-annotations
org.sonatype.aether_aether-connector-wagon_1.12-SNAPSHOT,org.codehaus.plexus_plexus-classworlds
org.sonatype.aether_aether-connector-wagon_1.12-SNAPSHOT,org.codehaus.plexus_plexus-utils
org.sonatype.aether_aether-connector-wagon_1.12-SNAPSHOT,org.sonatype.sisu_sisu-inject-plexus
org.sonatype.aether_aether-connector-wagon_1.12-SNAPSHOT,org.sonatype.aether_aether-test-util
org.sonatype.aether_aether-connector-wagon_1.12-SNAPSHOT,org.apache.maven.wagon_wagon-http-lightweight
org.sonatype.aether_aether-connector-wagon_1.12-SNAPSHOT,org.sonatype.http-testing-harness_server-provider
org.sonatype.aether_aether-connector-wagon_1.1.3-SNAPSHOT,org.sonatype.aether_aether-api
org.sonatype.aether_aether-connector-wagon_1.1.3-SNAPSHOT,org.sonatype.aether_aether-spi
org.sonatype.aether_aether-connector-wagon_1.1.3-SNAPSHOT,org.sonatype.aether_aether-util
org.sonatype.aether_aether-connector-wagon_1.1.3-SNAPSHOT,org.apache.maven.wagon_wagon-provider-api
org.sonatype.aether_aether-connector-wagon_1.1.3-SNAPSHOT,org.codehaus.plexus_plexus-component-annotations
org.sonatype.aether_aether-connector-wagon_1.1.3-SNAPSHOT,org.codehaus.plexus_plexus-container-default
org.sonatype.aether_aether-connector-wagon_1.1.3-SNAPSHOT,org.codehaus.plexus_plexus-utils
org.sonatype.aether_aether-connector-wagon_1.1.3-SNAPSHOT,org.sonatype.aether_aether-test-util
org.sonatype.aether_aether-connector-wagon_1.1.3-SNAPSHOT,org.apache.maven.wagon_wagon-file
org.sonatype.aether_aether-connector-wagon_1.1.2-SNAPSHOT,org.sonatype.aether_aether-api
org.sonatype.aether_aether-connector-wagon_1.1.2-SNAPSHOT,org.sonatype.aether_aether-spi
org.sonatype.aether_aether-connector-wagon_1.1.2-SNAPSHOT,org.sonatype.aether_aether-util
org.sonatype.aether_aether-connector-wagon_1.1.2-SNAPSHOT,org.apache.maven.wagon_wagon-provider-api
org.sonatype.aether_aether-connector-wagon_1.1.2-SNAPSHOT,org.codehaus.plexus_plexus-component-annotations
org.sonatype.aether_aether-connector-wagon_1.1.2-SNAPSHOT,org.codehaus.plexus_plexus-container-default
org.sonatype.aether_aether-connector-wagon_1.1.2-SNAPSHOT,org.codehaus.plexus_plexus-utils
org.sonatype.aether_aether-connector-wagon_1.1.2-SNAPSHOT,org.sonatype.aether_aether-test-util
org.sonatype.aether_aether-connector-wagon_1.1.2-SNAPSHOT,org.apache.maven.wagon_wagon-file
org.sonatype.aether_aether-connector-wagon_0.1-SNAPSHOT,org.sonatype.aether_aether-api
org.sonatype.aether_aether-connector-wagon_0.1-SNAPSHOT,org.sonatype.aether_aether-spi
org.sonatype.aether_aether-connector-wagon_0.1-SNAPSHOT,org.sonatype.aether_aether-util
org.sonatype.aether_aether-connector-wagon_0.1-SNAPSHOT,org.apache.maven.wagon_wagon-provider-api
org.sonatype.aether_aether-connector-wagon_0.1-SNAPSHOT,org.codehaus.plexus_plexus-component-annotations
org.sonatype.aether_aether-connector-wagon_0.1-SNAPSHOT,org.codehaus.plexus_plexus-container-default
org.sonatype.aether_aether-connector-wagon_0.1-SNAPSHOT,org.codehaus.plexus_plexus-utils
org.sonatype.aether_aether-connector-file_1.12-SNAPSHOT,org.sonatype.aether_aether-api
org.sonatype.aether_aether-connector-file_1.12-SNAPSHOT,org.sonatype.aether_aether-spi
org.sonatype.aether_aether-connector-file_1.12-SNAPSHOT,org.sonatype.aether_aether-util
org.sonatype.aether_aether-connector-file_1.12-SNAPSHOT,org.codehaus.plexus_plexus-component-annotations
org.sonatype.aether_aether-connector-file_1.12-SNAPSHOT,junit_junit
org.sonatype.aether_aether-connector-file_1.12-SNAPSHOT,org.sonatype.aether_aether-test-util
org.sonatype.aether_aether-connector-asynchttpclient_1.12-SNAPSHOT,org.sonatype.aether_aether-api
org.sonatype.aether_aether-connector-asynchttpclient_1.12-SNAPSHOT,org.sonatype.aether_aether-spi
org.sonatype.aether_aether-connector-asynchttpclient_1.12-SNAPSHOT,org.sonatype.aether_aether-util
org.sonatype.aether_aether-connector-asynchttpclient_1.12-SNAPSHOT,com.ning_async-http-client
org.sonatype.aether_aether-connector-asynchttpclient_1.12-SNAPSHOT,org.codehaus.plexus_plexus-component-annotations
org.sonatype.aether_aether-connector-asynchttpclient_1.12-SNAPSHOT,org.sonatype.aether_aether-test-util
org.sonatype.aether_aether-connector-asynchttpclient_1.12-SNAPSHOT,org.mortbay.jetty_jetty
org.sonatype.aether_aether-connector-asynchttpclient_1.12-SNAPSHOT,org.sonatype.http-testing-harness_junit-runner
org.sonatype.aether_aether-connector-asynchttpclient_1.12-SNAPSHOT,org.sonatype.http-testing-harness_server-provider
org.sonatype.aether_aether-concurrency_1.9-SNAPSHOT,org.sonatype.aether_aether-api
org.sonatype.aether_aether-concurrency_1.9-SNAPSHOT,org.sonatype.aether_aether-spi
org.sonatype.aether_aether-concurrency_1.9-SNAPSHOT,org.sonatype.aether_aether-util
org.sonatype.aether_aether-concurrency_1.9-SNAPSHOT,org.codehaus.plexus_plexus-component-annotations
org.sonatype.aether_aether-concurrency_1.9-SNAPSHOT,junit_junit
org.sonatype.aether_aether-concurrency_1.9-SNAPSHOT,org.sonatype.aether_aether-test-util
org.sonatype.aether_aether-concurrency_1.9-SNAPSHOT,com.googlecode.multithreadedtc_multithreadedtc
org.sonatype.aether_aether-concurrency_1.9-SNAPSHOT,org.sonatype.aether_aether-impl
org.sonatype.aether_aether-concurrency_1.9-SNAPSHOT,org.sonatype.aether_aether-locking
org.sonatype.aether_aether-concurrency_1.9-SNAPSHOT,org.apache.apache.resources_apache-source-release-assembly-descriptor
org.sonatype.aether_aether-composite-lrm_1.0-SNAPSHOT,org.sonatype.aether_aether-api
org.sonatype.aether_aether-composite-lrm_1.0-SNAPSHOT,org.sonatype.aether_aether-spi
org.sonatype.aether_aether-composite-lrm_1.0-SNAPSHOT,org.sonatype.aether_aether-util
org.sonatype.aether_aether-composite-lrm_1.0-SNAPSHOT,org.codehaus.plexus_plexus-component-annotations
org.sonatype.aether_aether-composite-lrm_1.0-SNAPSHOT,junit_junit
org.sonatype.aether_aether-composite-lrm_1.0-SNAPSHOT,org.sonatype.aether_aether-test-util
org.sonatype.aether_aether-composite-lrm_1.0-SNAPSHOT,org.apache.maven_maven-repository-metadata
org.sonatype.aether_aether-composite-lrm_1.0-SNAPSHOT,org.codehaus.plexus_plexus-utils
org.sonatype.aether_aether-composite-lrm_1.0-SNAPSHOT,com.googlecode.multithreadedtc_multithreadedtc
org.sonatype.aether_aether-api_1.12-SNAPSHOT,junit_junit
org.sonatype.aether_aether-api_1.1.3-SNAPSHOT,junit_junit
org.sonatype.aether_aether-api_1.1.2-SNAPSHOT,junit_junit
org.sonatype.aether_aether-api_0.1-SNAPSHOT,junit_junit
org.sonatype.aether_aether-ant-tasks_1.0-SNAPSHOT,org.apache.ant_ant
org.sonatype.aether_aether-ant-tasks_1.0-SNAPSHOT,org.sonatype.aether_aether-api
org.sonatype.aether_aether-ant-tasks_1.0-SNAPSHOT,org.sonatype.aether_aether-util
org.sonatype.aether_aether-ant-tasks_1.0-SNAPSHOT,org.sonatype.aether_aether-connector-file
org.sonatype.aether_aether-ant-tasks_1.0-SNAPSHOT,org.sonatype.aether_aether-connector-asynchttpclient
org.sonatype.aether_aether-ant-tasks_1.0-SNAPSHOT,org.slf4j_slf4j-nop
org.sonatype.aether_aether-ant-tasks_1.0-SNAPSHOT,org.apache.maven_maven-aether-provider
org.sonatype.aether_aether-ant-tasks_1.0-SNAPSHOT,org.apache.maven_maven-settings-builder
org.sonatype.aether_aether-ant-tasks_1.0-SNAPSHOT,org.codehaus.plexus_plexus-component-annotations
org.sonatype.aether_aether-ant-tasks_1.0-SNAPSHOT,org.codehaus.plexus_plexus-container-default
org.sonatype.aether_aether-ant-tasks_1.0-SNAPSHOT,org.codehaus.plexus_plexus-interpolation
org.sonatype.aether_aether-ant-tasks_1.0-SNAPSHOT,junit_junit-dep
org.sonatype.aether_aether-ant-tasks_1.0-SNAPSHOT,org.apache.ant_ant-testutil
org.sonatype.aether_aether-ant-tasks_1.0-SNAPSHOT,org.apache.ant_ant-launcher
org.sonatype.aether_aether-ant-tasks_1.0-SNAPSHOT,org.hamcrest_hamcrest-library
org.sonatype.aether_aether-ant-tasks_1.0-SNAPSHOT,org.hamcrest_hamcrest-core
org.sonatype.aether_aether-ant-tasks_1.0-SNAPSHOT,org.sonatype.aether_aether-test-util
org.sonatype.aether_aether-ant-tasks_1.0-SNAPSHOT,org.apache.ant_ant-junit
org.sonatype.aether_aether_1.12-SNAPSHOT,org.sonatype.aether_aether-api
org.sonatype.aether_aether_1.12-SNAPSHOT,org.sonatype.aether_aether-spi
org.sonatype.aether_aether_1.12-SNAPSHOT,org.sonatype.aether_aether-util
org.sonatype.aether_aether_1.12-SNAPSHOT,org.sonatype.aether_aether-impl
org.sonatype.aether_aether_1.12-SNAPSHOT,org.sonatype.aether_aether-connector-file
org.sonatype.aether_aether_1.12-SNAPSHOT,org.sonatype.aether_aether-connector-wagon
org.sonatype.aether_aether_1.12-SNAPSHOT,org.sonatype.aether_aether-connector-asynchttpclient
org.sonatype.aether_aether_1.12-SNAPSHOT,org.sonatype.aether_aether-test-util
org.sonatype.aether_aether_1.12-SNAPSHOT,junit_junit
org.sonatype.aether_aether_1.12-SNAPSHOT,org.codehaus.plexus_plexus-component-annotations
org.sonatype.aether_aether_1.12-SNAPSHOT,org.sonatype.sisu_sisu-inject-plexus
org.sonatype.aether_aether_1.12-SNAPSHOT,org.apache.apache.resources_apache-source-release-assembly-descriptor
org.sonatype.aether_aether-concurrency_1.0-SNAPSHOT,org.sonatype.aether_aether-api
org.sonatype.aether_aether-concurrency_1.0-SNAPSHOT,org.sonatype.aether_aether-spi
org.sonatype.aether_aether-concurrency_1.0-SNAPSHOT,org.sonatype.aether_aether-impl
org.sonatype.aether_aether-concurrency_1.0-SNAPSHOT,org.sonatype.aether_aether-test-util
org.sonatype.aether_aether-concurrency_1.0-SNAPSHOT,org.codehaus.plexus_plexus-component-annotations
org.sonatype.aether_aether-concurrency_1.0-SNAPSHOT,org.sonatype.aether_aether-api
org.sonatype.aether_aether-concurrency_1.0-SNAPSHOT,org.sonatype.aether_aether-spi
org.sonatype.aether_aether-concurrency_1.0-SNAPSHOT,org.sonatype.aether_aether-impl
org.sonatype.aether_aether-concurrency_1.0-SNAPSHOT,org.sonatype.aether_aether-test-util
org.sonatype.aether_aether-concurrency_1.0-SNAPSHOT,junit_junit
org.sonatype.aether_aether-concurrency_1.0-SNAPSHOT,com.googlecode.multithreadedtc_multithreadedtc
org.sonatype.aether_aether-concurrency_1.0-SNAPSHOT,org.apache.apache.resources_apache-source-release-assembly-descriptor
org.sonatype.aether_aether_1.13-SNAPSHOT,org.sonatype.aether_aether-api
org.sonatype.aether_aether_1.13-SNAPSHOT,org.sonatype.aether_aether-spi
org.sonatype.aether_aether_1.13-SNAPSHOT,org.sonatype.aether_aether-util
org.sonatype.aether_aether_1.13-SNAPSHOT,org.sonatype.aether_aether-impl
org.sonatype.aether_aether_1.13-SNAPSHOT,org.sonatype.aether_aether-connector-file
org.sonatype.aether_aether_1.13-SNAPSHOT,org.sonatype.aether_aether-connector-wagon
org.sonatype.aether_aether_1.13-SNAPSHOT,org.sonatype.aether_aether-connector-asynchttpclient
org.sonatype.aether_aether_1.13-SNAPSHOT,org.sonatype.aether_aether-test-util
org.sonatype.aether_aether_1.13-SNAPSHOT,junit_junit
org.sonatype.aether_aether_1.13-SNAPSHOT,org.codehaus.plexus_plexus-component-annotations
org.sonatype.aether_aether_1.13-SNAPSHOT,org.sonatype.sisu_sisu-inject-plexus
org.sonatype.aether_aether_1.13-SNAPSHOT,org.apache.apache.resources_apache-source-release-assembly-descriptor
org.sonatype.aether_aether-api_1.13-SNAPSHOT,junit_junit
org.sonatype.aether_aether-spi_1.13-SNAPSHOT,org.sonatype.aether_aether-api
org.sonatype.aether_aether-test-util_1.13-SNAPSHOT,org.sonatype.aether_aether-api
org.sonatype.aether_aether-test-util_1.13-SNAPSHOT,org.sonatype.aether_aether-spi
org.sonatype.aether_aether-test-util_1.13-SNAPSHOT,junit_junit
org.sonatype.aether_aether-util_1.13-SNAPSHOT,org.sonatype.aether_aether-api
org.sonatype.aether_aether-util_1.13-SNAPSHOT,org.sonatype.aether_aether-test-util
org.sonatype.aether_aether-util_1.13-SNAPSHOT,junit_junit
org.sonatype.aether_aether-impl_1.13-SNAPSHOT,org.sonatype.aether_aether-api
org.sonatype.aether_aether-impl_1.13-SNAPSHOT,org.sonatype.aether_aether-spi
org.sonatype.aether_aether-impl_1.13-SNAPSHOT,org.sonatype.aether_aether-util
org.sonatype.aether_aether-impl_1.13-SNAPSHOT,org.codehaus.plexus_plexus-component-annotations
org.sonatype.aether_aether-impl_1.13-SNAPSHOT,org.sonatype.sisu_sisu-inject-plexus
org.sonatype.aether_aether-impl_1.13-SNAPSHOT,org.slf4j_slf4j-api
org.sonatype.aether_aether-impl_1.13-SNAPSHOT,junit_junit
org.sonatype.aether_aether-impl_1.13-SNAPSHOT,org.sonatype.aether_aether-test-util
org.sonatype.aether_aether-connector-file_1.13-SNAPSHOT,org.sonatype.aether_aether-api
org.sonatype.aether_aether-connector-file_1.13-SNAPSHOT,org.sonatype.aether_aether-spi
org.sonatype.aether_aether-connector-file_1.13-SNAPSHOT,org.sonatype.aether_aether-util
org.sonatype.aether_aether-connector-file_1.13-SNAPSHOT,org.codehaus.plexus_plexus-component-annotations
org.sonatype.aether_aether-connector-file_1.13-SNAPSHOT,org.sonatype.sisu_sisu-inject-plexus
org.sonatype.aether_aether-connector-file_1.13-SNAPSHOT,junit_junit
org.sonatype.aether_aether-connector-file_1.13-SNAPSHOT,org.sonatype.aether_aether-test-util
org.sonatype.aether_aether-connector-wagon_1.13-SNAPSHOT,org.sonatype.aether_aether-api
org.sonatype.aether_aether-connector-wagon_1.13-SNAPSHOT,org.sonatype.aether_aether-spi
org.sonatype.aether_aether-connector-wagon_1.13-SNAPSHOT,org.sonatype.aether_aether-util
org.sonatype.aether_aether-connector-wagon_1.13-SNAPSHOT,org.apache.maven.wagon_wagon-provider-api
org.sonatype.aether_aether-connector-wagon_1.13-SNAPSHOT,org.codehaus.plexus_plexus-component-annotations
org.sonatype.aether_aether-connector-wagon_1.13-SNAPSHOT,org.codehaus.plexus_plexus-classworlds
org.sonatype.aether_aether-connector-wagon_1.13-SNAPSHOT,org.codehaus.plexus_plexus-utils
org.sonatype.aether_aether-connector-wagon_1.13-SNAPSHOT,org.sonatype.sisu_sisu-inject-plexus
org.sonatype.aether_aether-connector-wagon_1.13-SNAPSHOT,org.sonatype.aether_aether-test-util
org.sonatype.aether_aether-connector-wagon_1.13-SNAPSHOT,org.apache.maven.wagon_wagon-http-lightweight
org.sonatype.aether_aether-connector-wagon_1.13-SNAPSHOT,org.sonatype.http-testing-harness_server-provider
org.sonatype.aether_aether-connector-asynchttpclient_1.13-SNAPSHOT,org.sonatype.aether_aether-api
org.sonatype.aether_aether-connector-asynchttpclient_1.13-SNAPSHOT,org.sonatype.aether_aether-spi
org.sonatype.aether_aether-connector-asynchttpclient_1.13-SNAPSHOT,org.sonatype.aether_aether-util
org.sonatype.aether_aether-connector-asynchttpclient_1.13-SNAPSHOT,com.ning_async-http-client
org.sonatype.aether_aether-connector-asynchttpclient_1.13-SNAPSHOT,org.codehaus.plexus_plexus-component-annotations
org.sonatype.aether_aether-connector-asynchttpclient_1.13-SNAPSHOT,org.sonatype.aether_aether-test-util
org.sonatype.aether_aether-connector-asynchttpclient_1.13-SNAPSHOT,org.sonatype.sisu_sisu-inject-plexus
org.sonatype.aether_aether-connector-asynchttpclient_1.13-SNAPSHOT,org.mortbay.jetty_jetty
org.sonatype.aether_aether-connector-asynchttpclient_1.13-SNAPSHOT,org.sonatype.http-testing-harness_junit-runner
org.sonatype.aether_aether-connector-asynchttpclient_1.13-SNAPSHOT,org.sonatype.http-testing-harness_server-provider
org.sonatype.aether_aether_1.14-SNAPSHOT,org.sonatype.aether_aether-api
org.sonatype.aether_aether_1.14-SNAPSHOT,org.sonatype.aether_aether-spi
org.sonatype.aether_aether_1.14-SNAPSHOT,org.sonatype.aether_aether-util
org.sonatype.aether_aether_1.14-SNAPSHOT,org.sonatype.aether_aether-impl
org.sonatype.aether_aether_1.14-SNAPSHOT,org.sonatype.aether_aether-connector-file
org.sonatype.aether_aether_1.14-SNAPSHOT,org.sonatype.aether_aether-connector-wagon
org.sonatype.aether_aether_1.14-SNAPSHOT,org.sonatype.aether_aether-connector-asynchttpclient
org.sonatype.aether_aether_1.14-SNAPSHOT,org.sonatype.aether_aether-test-util
org.sonatype.aether_aether_1.14-SNAPSHOT,junit_junit
org.sonatype.aether_aether_1.14-SNAPSHOT,org.codehaus.plexus_plexus-component-annotations
org.sonatype.aether_aether_1.14-SNAPSHOT,org.sonatype.sisu_sisu-inject-plexus
org.sonatype.aether_aether_1.14-SNAPSHOT,org.apache.apache.resources_apache-source-release-assembly-descriptor
org.sonatype.aether_aether-api_1.14-SNAPSHOT,junit_junit
org.sonatype.aether_aether-spi_1.14-SNAPSHOT,org.sonatype.aether_aether-api
org.sonatype.aether_aether-test-util_1.14-SNAPSHOT,org.sonatype.aether_aether-api
org.sonatype.aether_aether-test-util_1.14-SNAPSHOT,org.sonatype.aether_aether-spi
org.sonatype.aether_aether-test-util_1.14-SNAPSHOT,junit_junit
org.sonatype.aether_aether-util_1.14-SNAPSHOT,org.sonatype.aether_aether-api
org.sonatype.aether_aether-util_1.14-SNAPSHOT,org.sonatype.aether_aether-test-util
org.sonatype.aether_aether-util_1.14-SNAPSHOT,junit_junit
org.sonatype.aether_aether-impl_1.14-SNAPSHOT,org.sonatype.aether_aether-api
org.sonatype.aether_aether-impl_1.14-SNAPSHOT,org.sonatype.aether_aether-spi
org.sonatype.aether_aether-impl_1.14-SNAPSHOT,org.sonatype.aether_aether-util
org.sonatype.aether_aether-impl_1.14-SNAPSHOT,org.codehaus.plexus_plexus-component-annotations
org.sonatype.aether_aether-impl_1.14-SNAPSHOT,org.sonatype.sisu_sisu-inject-plexus
org.sonatype.aether_aether-impl_1.14-SNAPSHOT,org.slf4j_slf4j-api
org.sonatype.aether_aether-impl_1.14-SNAPSHOT,junit_junit
org.sonatype.aether_aether-impl_1.14-SNAPSHOT,org.sonatype.aether_aether-test-util
org.sonatype.aether_aether-connector-file_1.14-SNAPSHOT,org.sonatype.aether_aether-api
org.sonatype.aether_aether-connector-file_1.14-SNAPSHOT,org.sonatype.aether_aether-spi
org.sonatype.aether_aether-connector-file_1.14-SNAPSHOT,org.sonatype.aether_aether-util
org.sonatype.aether_aether-connector-file_1.14-SNAPSHOT,org.codehaus.plexus_plexus-component-annotations
org.sonatype.aether_aether-connector-file_1.14-SNAPSHOT,org.sonatype.sisu_sisu-inject-plexus
org.sonatype.aether_aether-connector-file_1.14-SNAPSHOT,junit_junit
org.sonatype.aether_aether-connector-file_1.14-SNAPSHOT,org.sonatype.aether_aether-test-util
org.sonatype.aether_aether-connector-wagon_1.14-SNAPSHOT,org.sonatype.aether_aether-api
org.sonatype.aether_aether-connector-wagon_1.14-SNAPSHOT,org.sonatype.aether_aether-spi
org.sonatype.aether_aether-connector-wagon_1.14-SNAPSHOT,org.sonatype.aether_aether-util
org.sonatype.aether_aether-connector-wagon_1.14-SNAPSHOT,org.apache.maven.wagon_wagon-provider-api
org.sonatype.aether_aether-connector-wagon_1.14-SNAPSHOT,org.codehaus.plexus_plexus-component-annotations
org.sonatype.aether_aether-connector-wagon_1.14-SNAPSHOT,org.codehaus.plexus_plexus-classworlds
org.sonatype.aether_aether-connector-wagon_1.14-SNAPSHOT,org.codehaus.plexus_plexus-utils
org.sonatype.aether_aether-connector-wagon_1.14-SNAPSHOT,org.sonatype.sisu_sisu-inject-plexus
org.sonatype.aether_aether-connector-wagon_1.14-SNAPSHOT,org.sonatype.aether_aether-test-util
org.sonatype.aether_aether-connector-wagon_1.14-SNAPSHOT,org.apache.maven.wagon_wagon-http-lightweight
org.sonatype.aether_aether-connector-wagon_1.14-SNAPSHOT,org.sonatype.http-testing-harness_server-provider
org.sonatype.aether_aether-connector-asynchttpclient_1.14-SNAPSHOT,org.sonatype.aether_aether-api
org.sonatype.aether_aether-connector-asynchttpclient_1.14-SNAPSHOT,org.sonatype.aether_aether-spi
org.sonatype.aether_aether-connector-asynchttpclient_1.14-SNAPSHOT,org.sonatype.aether_aether-util
org.sonatype.aether_aether-connector-asynchttpclient_1.14-SNAPSHOT,com.ning_async-http-client
org.sonatype.aether_aether-connector-asynchttpclient_1.14-SNAPSHOT,org.codehaus.plexus_plexus-component-annotations
org.sonatype.aether_aether-connector-asynchttpclient_1.14-SNAPSHOT,org.sonatype.aether_aether-test-util
org.sonatype.aether_aether-connector-asynchttpclient_1.14-SNAPSHOT,org.sonatype.sisu_sisu-inject-plexus
org.sonatype.aether_aether-connector-asynchttpclient_1.14-SNAPSHOT,org.mortbay.jetty_jetty
org.sonatype.aether_aether-connector-asynchttpclient_1.14-SNAPSHOT,org.sonatype.http-testing-harness_junit-runner
org.sonatype.aether_aether-connector-asynchttpclient_1.14-SNAPSHOT,org.sonatype.http-testing-harness_server-provider
org.sonatype.aether_aether-api_1.0,junit_junit
org.sonatype.aether_aether-connector-wagon_1.0,org.sonatype.aether_aether-api
org.sonatype.aether_aether-connector-wagon_1.0,org.sonatype.aether_aether-spi
org.sonatype.aether_aether-connector-wagon_1.0,org.sonatype.aether_aether-util
org.sonatype.aether_aether-connector-wagon_1.0,org.apache.maven.wagon_wagon-provider-api
org.sonatype.aether_aether-connector-wagon_1.0,org.codehaus.plexus_plexus-component-annotations
org.sonatype.aether_aether-connector-wagon_1.0,org.codehaus.plexus_plexus-container-default
org.sonatype.aether_aether-connector-wagon_1.0,org.codehaus.plexus_plexus-utils
org.sonatype.aether_aether-impl_1.0,org.sonatype.aether_aether-api
org.sonatype.aether_aether-impl_1.0,org.sonatype.aether_aether-spi
org.sonatype.aether_aether-impl_1.0,org.sonatype.aether_aether-util
org.sonatype.aether_aether-impl_1.0,org.codehaus.plexus_plexus-utils
org.sonatype.aether_aether-impl_1.0,org.codehaus.plexus_plexus-component-annotations
org.sonatype.aether_aether-impl_1.0,org.codehaus.plexus_plexus-container-default
org.sonatype.aether_aether-impl_1.0,junit_junit
org.sonatype.aether_aether-spi_1.0,org.sonatype.aether_aether-api
org.sonatype.aether_aether-util_1.0,org.sonatype.aether_aether-api
org.sonatype.aether_aether-util_1.0,junit_junit
org.sonatype.aether_aether-api_1.1,junit_junit
org.sonatype.aether_aether-api_1.1.1,junit_junit
org.sonatype.aether_aether-connector-wagon_1.1,org.sonatype.aether_aether-api
org.sonatype.aether_aether-connector-wagon_1.1,org.sonatype.aether_aether-spi
org.sonatype.aether_aether-connector-wagon_1.1,org.sonatype.aether_aether-util
org.sonatype.aether_aether-connector-wagon_1.1,org.apache.maven.wagon_wagon-provider-api
org.sonatype.aether_aether-connector-wagon_1.1,org.codehaus.plexus_plexus-component-annotations
org.sonatype.aether_aether-connector-wagon_1.1,org.codehaus.plexus_plexus-container-default
org.sonatype.aether_aether-connector-wagon_1.1,org.codehaus.plexus_plexus-utils
org.sonatype.aether_aether-connector-wagon_1.1,org.sonatype.aether_aether-test-util
org.sonatype.aether_aether-connector-wagon_1.1,org.apache.maven.wagon_wagon-file
org.sonatype.aether_aether-connector-wagon_1.1.1,org.sonatype.aether_aether-api
org.sonatype.aether_aether-connector-wagon_1.1.1,org.sonatype.aether_aether-spi
org.sonatype.aether_aether-connector-wagon_1.1.1,org.sonatype.aether_aether-util
org.sonatype.aether_aether-connector-wagon_1.1.1,org.apache.maven.wagon_wagon-provider-api
org.sonatype.aether_aether-connector-wagon_1.1.1,org.codehaus.plexus_plexus-component-annotations
org.sonatype.aether_aether-connector-wagon_1.1.1,org.codehaus.plexus_plexus-container-default
org.sonatype.aether_aether-connector-wagon_1.1.1,org.codehaus.plexus_plexus-utils
org.sonatype.aether_aether-connector-wagon_1.1.1,org.sonatype.aether_aether-test-util
org.sonatype.aether_aether-connector-wagon_1.1.1,org.apache.maven.wagon_wagon-file
org.sonatype.aether_aether-impl_1.1,org.sonatype.aether_aether-api
org.sonatype.aether_aether-impl_1.1,org.sonatype.aether_aether-spi
org.sonatype.aether_aether-impl_1.1,org.sonatype.aether_aether-util
org.sonatype.aether_aether-impl_1.1,org.codehaus.plexus_plexus-utils
org.sonatype.aether_aether-impl_1.1,org.codehaus.plexus_plexus-component-annotations
org.sonatype.aether_aether-impl_1.1,org.codehaus.plexus_plexus-container-default
org.sonatype.aether_aether-impl_1.1,junit_junit
org.sonatype.aether_aether-impl_1.1,org.sonatype.aether_aether-test-util
org.sonatype.aether_aether-impl_1.1.1,org.sonatype.aether_aether-api
org.sonatype.aether_aether-impl_1.1.1,org.sonatype.aether_aether-spi
org.sonatype.aether_aether-impl_1.1.1,org.sonatype.aether_aether-util
org.sonatype.aether_aether-impl_1.1.1,org.codehaus.plexus_plexus-utils
org.sonatype.aether_aether-impl_1.1.1,org.codehaus.plexus_plexus-component-annotations
org.sonatype.aether_aether-impl_1.1.1,org.codehaus.plexus_plexus-container-default
org.sonatype.aether_aether-impl_1.1.1,junit_junit
org.sonatype.aether_aether-impl_1.1.1,org.sonatype.aether_aether-test-util
org.sonatype.aether_aether-spi_1.1,org.sonatype.aether_aether-api
org.sonatype.aether_aether-spi_1.1.1,org.sonatype.aether_aether-api
org.sonatype.aether_aether-test-util_1.1,org.sonatype.aether_aether-api
org.sonatype.aether_aether-test-util_1.1,org.sonatype.aether_aether-spi
org.sonatype.aether_aether-test-util_1.1,junit_junit
org.sonatype.aether_aether-test-util_1.1.1,org.sonatype.aether_aether-api
org.sonatype.aether_aether-test-util_1.1.1,org.sonatype.aether_aether-spi
org.sonatype.aether_aether-test-util_1.1.1,junit_junit
org.sonatype.aether_aether-util_1.1,org.sonatype.aether_aether-api
org.sonatype.aether_aether-util_1.1,junit_junit
org.sonatype.aether_aether-util_1.1,org.sonatype.aether_aether-test-util
org.sonatype.aether_aether-util_1.1.1,org.sonatype.aether_aether-api
org.sonatype.aether_aether-util_1.1.1,junit_junit
org.sonatype.aether_aether-util_1.1.1,org.sonatype.aether_aether-test-util
org.sonatype.aether_aether-api_1.2,junit_junit
org.sonatype.aether_aether-connector-wagon_1.2,org.sonatype.aether_aether-api
org.sonatype.aether_aether-connector-wagon_1.2,org.sonatype.aether_aether-spi
org.sonatype.aether_aether-connector-wagon_1.2,org.sonatype.aether_aether-util
org.sonatype.aether_aether-connector-wagon_1.2,org.apache.maven.wagon_wagon-provider-api
org.sonatype.aether_aether-connector-wagon_1.2,org.codehaus.plexus_plexus-component-annotations
org.sonatype.aether_aether-connector-wagon_1.2,org.codehaus.plexus_plexus-container-default
org.sonatype.aether_aether-connector-wagon_1.2,org.codehaus.plexus_plexus-utils
org.sonatype.aether_aether-connector-wagon_1.2,org.sonatype.aether_aether-test-util
org.sonatype.aether_aether-connector-wagon_1.2,org.apache.maven.wagon_wagon-file
org.sonatype.aether_aether-impl_1.2,org.sonatype.aether_aether-api
org.sonatype.aether_aether-impl_1.2,org.sonatype.aether_aether-spi
org.sonatype.aether_aether-impl_1.2,org.sonatype.aether_aether-util
org.sonatype.aether_aether-impl_1.2,org.codehaus.plexus_plexus-utils
org.sonatype.aether_aether-impl_1.2,org.codehaus.plexus_plexus-component-annotations
org.sonatype.aether_aether-impl_1.2,org.codehaus.plexus_plexus-container-default
org.sonatype.aether_aether-impl_1.2,org.slf4j_slf4j-api
org.sonatype.aether_aether-impl_1.2,junit_junit
org.sonatype.aether_aether-impl_1.2,org.sonatype.aether_aether-test-util
org.sonatype.aether_aether-parent_1.2,junit_junit
org.sonatype.aether_aether-spi_1.2,org.sonatype.aether_aether-api
org.sonatype.aether_aether-test-util_1.2,org.sonatype.aether_aether-api
org.sonatype.aether_aether-test-util_1.2,org.sonatype.aether_aether-spi
org.sonatype.aether_aether-test-util_1.2,junit_junit
org.sonatype.aether_aether-util_1.2,org.sonatype.aether_aether-api
org.sonatype.aether_aether-util_1.2,junit_junit
org.sonatype.aether_aether-util_1.2,org.sonatype.aether_aether-test-util
org.sonatype.aether_aether-api_1.3,junit_junit
org.sonatype.aether_aether-api_1.4,junit_junit
org.sonatype.aether_aether-connector-file_1.3,org.sonatype.aether_aether-api
org.sonatype.aether_aether-connector-file_1.3,org.sonatype.aether_aether-spi
org.sonatype.aether_aether-connector-file_1.3,org.sonatype.aether_aether-util
org.sonatype.aether_aether-connector-file_1.3,org.codehaus.plexus_plexus-component-annotations
org.sonatype.aether_aether-connector-file_1.3,org.codehaus.plexus_plexus-utils
org.sonatype.aether_aether-connector-file_1.3,junit_junit
org.sonatype.aether_aether-connector-file_1.3,org.sonatype.aether_aether-test-util
org.sonatype.aether_aether-connector-file_1.4,org.sonatype.aether_aether-api
org.sonatype.aether_aether-connector-file_1.4,org.sonatype.aether_aether-spi
org.sonatype.aether_aether-connector-file_1.4,org.sonatype.aether_aether-util
org.sonatype.aether_aether-connector-file_1.4,org.codehaus.plexus_plexus-component-annotations
org.sonatype.aether_aether-connector-file_1.4,org.codehaus.plexus_plexus-utils
org.sonatype.aether_aether-connector-file_1.4,junit_junit
org.sonatype.aether_aether-connector-file_1.4,org.sonatype.aether_aether-test-util
org.sonatype.aether_aether-connector-wagon_1.3,org.sonatype.aether_aether-api
org.sonatype.aether_aether-connector-wagon_1.3,org.sonatype.aether_aether-spi
org.sonatype.aether_aether-connector-wagon_1.3,org.sonatype.aether_aether-util
org.sonatype.aether_aether-connector-wagon_1.3,org.apache.maven.wagon_wagon-provider-api
org.sonatype.aether_aether-connector-wagon_1.3,org.codehaus.plexus_plexus-component-annotations
org.sonatype.aether_aether-connector-wagon_1.3,org.codehaus.plexus_plexus-container-default
org.sonatype.aether_aether-connector-wagon_1.3,org.codehaus.plexus_plexus-utils
org.sonatype.aether_aether-connector-wagon_1.3,org.sonatype.aether_aether-test-util
org.sonatype.aether_aether-connector-wagon_1.3,org.apache.maven.wagon_wagon-file
org.sonatype.aether_aether-connector-wagon_1.4,org.sonatype.aether_aether-api
org.sonatype.aether_aether-connector-wagon_1.4,org.sonatype.aether_aether-spi
org.sonatype.aether_aether-connector-wagon_1.4,org.sonatype.aether_aether-util
org.sonatype.aether_aether-connector-wagon_1.4,org.apache.maven.wagon_wagon-provider-api
org.sonatype.aether_aether-connector-wagon_1.4,org.codehaus.plexus_plexus-component-annotations
org.sonatype.aether_aether-connector-wagon_1.4,org.codehaus.plexus_plexus-container-default
org.sonatype.aether_aether-connector-wagon_1.4,org.codehaus.plexus_plexus-utils
org.sonatype.aether_aether-connector-wagon_1.4,org.sonatype.aether_aether-test-util
org.sonatype.aether_aether-connector-wagon_1.4,org.apache.maven.wagon_wagon-file
org.sonatype.aether_aether-impl_1.3,org.sonatype.aether_aether-api
org.sonatype.aether_aether-impl_1.3,org.sonatype.aether_aether-spi
org.sonatype.aether_aether-impl_1.3,org.sonatype.aether_aether-util
org.sonatype.aether_aether-impl_1.3,org.codehaus.plexus_plexus-utils
org.sonatype.aether_aether-impl_1.3,org.codehaus.plexus_plexus-component-annotations
org.sonatype.aether_aether-impl_1.3,org.codehaus.plexus_plexus-container-default
org.sonatype.aether_aether-impl_1.3,org.slf4j_slf4j-api
org.sonatype.aether_aether-impl_1.3,junit_junit
org.sonatype.aether_aether-impl_1.3,org.sonatype.aether_aether-test-util
org.sonatype.aether_aether-impl_1.4,org.sonatype.aether_aether-api
org.sonatype.aether_aether-impl_1.4,org.sonatype.aether_aether-spi
org.sonatype.aether_aether-impl_1.4,org.sonatype.aether_aether-util
org.sonatype.aether_aether-impl_1.4,org.codehaus.plexus_plexus-utils
org.sonatype.aether_aether-impl_1.4,org.codehaus.plexus_plexus-component-annotations
org.sonatype.aether_aether-impl_1.4,org.codehaus.plexus_plexus-container-default
org.sonatype.aether_aether-impl_1.4,org.slf4j_slf4j-api
org.sonatype.aether_aether-impl_1.4,junit_junit
org.sonatype.aether_aether-impl_1.4,org.sonatype.aether_aether-test-util
org.sonatype.aether_aether-parent_1.3,junit_junit
org.sonatype.aether_aether-parent_1.3,org.apache.apache.resources_apache-source-release-assembly-descriptor
org.sonatype.aether_aether-parent_1.4,junit_junit
org.sonatype.aether_aether-parent_1.4,org.apache.apache.resources_apache-source-release-assembly-descriptor
org.sonatype.aether_aether-spi_1.3,org.sonatype.aether_aether-api
org.sonatype.aether_aether-spi_1.4,org.sonatype.aether_aether-api
org.sonatype.aether_aether-test-util_1.3,org.sonatype.aether_aether-api
org.sonatype.aether_aether-test-util_1.3,org.sonatype.aether_aether-spi
org.sonatype.aether_aether-test-util_1.3,junit_junit
org.sonatype.aether_aether-test-util_1.4,org.sonatype.aether_aether-api
org.sonatype.aether_aether-test-util_1.4,org.sonatype.aether_aether-spi
org.sonatype.aether_aether-test-util_1.4,junit_junit
org.sonatype.aether_aether-util_1.3,org.sonatype.aether_aether-api
org.sonatype.aether_aether-util_1.3,junit_junit
org.sonatype.aether_aether-util_1.3,org.sonatype.aether_aether-test-util
org.sonatype.aether_aether-util_1.4,org.sonatype.aether_aether-api
org.sonatype.aether_aether-util_1.4,junit_junit
org.sonatype.aether_aether-util_1.4,org.sonatype.aether_aether-test-util
org.sonatype.aether_aether-api_1.5,junit_junit
org.sonatype.aether_aether-connector-file_1.5,org.sonatype.aether_aether-api
org.sonatype.aether_aether-connector-file_1.5,org.sonatype.aether_aether-spi
org.sonatype.aether_aether-connector-file_1.5,org.sonatype.aether_aether-util
org.sonatype.aether_aether-connector-file_1.5,org.codehaus.plexus_plexus-component-annotations
org.sonatype.aether_aether-connector-file_1.5,junit_junit
org.sonatype.aether_aether-connector-file_1.5,org.sonatype.aether_aether-test-util
org.sonatype.aether_aether-connector-wagon_1.5,org.sonatype.aether_aether-api
org.sonatype.aether_aether-connector-wagon_1.5,org.sonatype.aether_aether-spi
org.sonatype.aether_aether-connector-wagon_1.5,org.sonatype.aether_aether-util
org.sonatype.aether_aether-connector-wagon_1.5,org.apache.maven.wagon_wagon-provider-api
org.sonatype.aether_aether-connector-wagon_1.5,org.codehaus.plexus_plexus-component-annotations
org.sonatype.aether_aether-connector-wagon_1.5,org.codehaus.plexus_plexus-container-default
org.sonatype.aether_aether-connector-wagon_1.5,org.sonatype.aether_aether-test-util
org.sonatype.aether_aether-connector-wagon_1.5,org.apache.maven.wagon_wagon-file
org.sonatype.aether_aether-impl_1.5,org.sonatype.aether_aether-api
org.sonatype.aether_aether-impl_1.5,org.sonatype.aether_aether-spi
org.sonatype.aether_aether-impl_1.5,org.sonatype.aether_aether-util
org.sonatype.aether_aether-impl_1.5,org.codehaus.plexus_plexus-component-annotations
org.sonatype.aether_aether-impl_1.5,org.codehaus.plexus_plexus-container-default
org.sonatype.aether_aether-impl_1.5,org.slf4j_slf4j-api
org.sonatype.aether_aether-impl_1.5,junit_junit
org.sonatype.aether_aether-impl_1.5,org.sonatype.aether_aether-test-util
org.sonatype.aether_aether-parent_1.5,junit_junit
org.sonatype.aether_aether-parent_1.5,org.apache.apache.resources_apache-source-release-assembly-descriptor
org.sonatype.aether_aether-spi_1.5,org.sonatype.aether_aether-api
org.sonatype.aether_aether-test-util_1.5,org.sonatype.aether_aether-api
org.sonatype.aether_aether-test-util_1.5,org.sonatype.aether_aether-spi
org.sonatype.aether_aether-test-util_1.5,junit_junit
org.sonatype.aether_aether-util_1.5,org.sonatype.aether_aether-api
org.sonatype.aether_aether-util_1.5,junit_junit
org.sonatype.aether_aether-util_1.5,org.sonatype.aether_aether-test-util
org.sonatype.aether_aether-api_1.6,junit_junit
org.sonatype.aether_aether-connector-file_1.6,org.sonatype.aether_aether-api
org.sonatype.aether_aether-connector-file_1.6,org.sonatype.aether_aether-spi
org.sonatype.aether_aether-connector-file_1.6,org.sonatype.aether_aether-util
org.sonatype.aether_aether-connector-file_1.6,org.codehaus.plexus_plexus-component-annotations
org.sonatype.aether_aether-connector-file_1.6,junit_junit
org.sonatype.aether_aether-connector-file_1.6,org.sonatype.aether_aether-test-util
org.sonatype.aether_aether-connector-wagon_1.6,org.sonatype.aether_aether-api
org.sonatype.aether_aether-connector-wagon_1.6,org.sonatype.aether_aether-spi
org.sonatype.aether_aether-connector-wagon_1.6,org.sonatype.aether_aether-util
org.sonatype.aether_aether-connector-wagon_1.6,org.apache.maven.wagon_wagon-provider-api
org.sonatype.aether_aether-connector-wagon_1.6,org.codehaus.plexus_plexus-component-annotations
org.sonatype.aether_aether-connector-wagon_1.6,org.codehaus.plexus_plexus-container-default
org.sonatype.aether_aether-connector-wagon_1.6,org.sonatype.aether_aether-test-util
org.sonatype.aether_aether-connector-wagon_1.6,org.apache.maven.wagon_wagon-file
org.sonatype.aether_aether-impl_1.6,org.sonatype.aether_aether-api
org.sonatype.aether_aether-impl_1.6,org.sonatype.aether_aether-spi
org.sonatype.aether_aether-impl_1.6,org.sonatype.aether_aether-util
org.sonatype.aether_aether-impl_1.6,org.codehaus.plexus_plexus-component-annotations
org.sonatype.aether_aether-impl_1.6,org.codehaus.plexus_plexus-container-default
org.sonatype.aether_aether-impl_1.6,org.slf4j_slf4j-api
org.sonatype.aether_aether-impl_1.6,junit_junit
org.sonatype.aether_aether-impl_1.6,org.sonatype.aether_aether-test-util
org.sonatype.aether_aether-parent_1.6,junit_junit
org.sonatype.aether_aether-parent_1.6,org.apache.apache.resources_apache-source-release-assembly-descriptor
org.sonatype.aether_aether-spi_1.6,org.sonatype.aether_aether-api
org.sonatype.aether_aether-test-util_1.6,org.sonatype.aether_aether-api
org.sonatype.aether_aether-test-util_1.6,org.sonatype.aether_aether-spi
org.sonatype.aether_aether-test-util_1.6,junit_junit
org.sonatype.aether_aether-util_1.6,org.sonatype.aether_aether-api
org.sonatype.aether_aether-util_1.6,junit_junit
org.sonatype.aether_aether-util_1.6,org.sonatype.aether_aether-test-util
org.sonatype.aether_aether-api_1.7,junit_junit
org.sonatype.aether_aether-connector-file_1.7,org.sonatype.aether_aether-api
org.sonatype.aether_aether-connector-file_1.7,org.sonatype.aether_aether-spi
org.sonatype.aether_aether-connector-file_1.7,org.sonatype.aether_aether-util
org.sonatype.aether_aether-connector-file_1.7,org.codehaus.plexus_plexus-component-annotations
org.sonatype.aether_aether-connector-file_1.7,junit_junit
org.sonatype.aether_aether-connector-file_1.7,org.sonatype.aether_aether-test-util
org.sonatype.aether_aether-connector-wagon_1.7,org.sonatype.aether_aether-api
org.sonatype.aether_aether-connector-wagon_1.7,org.sonatype.aether_aether-spi
org.sonatype.aether_aether-connector-wagon_1.7,org.sonatype.aether_aether-util
org.sonatype.aether_aether-connector-wagon_1.7,org.apache.maven.wagon_wagon-provider-api
org.sonatype.aether_aether-connector-wagon_1.7,org.codehaus.plexus_plexus-component-annotations
org.sonatype.aether_aether-connector-wagon_1.7,org.codehaus.plexus_plexus-container-default
org.sonatype.aether_aether-connector-wagon_1.7,org.sonatype.aether_aether-test-util
org.sonatype.aether_aether-connector-wagon_1.7,org.apache.maven.wagon_wagon-file
org.sonatype.aether_aether-impl_1.7,org.sonatype.aether_aether-api
org.sonatype.aether_aether-impl_1.7,org.sonatype.aether_aether-spi
org.sonatype.aether_aether-impl_1.7,org.sonatype.aether_aether-util
org.sonatype.aether_aether-impl_1.7,org.codehaus.plexus_plexus-component-annotations
org.sonatype.aether_aether-impl_1.7,org.codehaus.plexus_plexus-container-default
org.sonatype.aether_aether-impl_1.7,org.slf4j_slf4j-api
org.sonatype.aether_aether-impl_1.7,junit_junit
org.sonatype.aether_aether-impl_1.7,org.sonatype.aether_aether-test-util
org.sonatype.aether_aether-parent_1.7,junit_junit
org.sonatype.aether_aether-parent_1.7,org.apache.apache.resources_apache-source-release-assembly-descriptor
org.sonatype.aether_aether-spi_1.7,org.sonatype.aether_aether-api
org.sonatype.aether_aether-test-util_1.7,org.sonatype.aether_aether-api
org.sonatype.aether_aether-test-util_1.7,org.sonatype.aether_aether-spi
org.sonatype.aether_aether-test-util_1.7,junit_junit
org.sonatype.aether_aether-util_1.7,org.sonatype.aether_aether-api
org.sonatype.aether_aether-util_1.7,junit_junit
org.sonatype.aether_aether-util_1.7,org.sonatype.aether_aether-test-util
org.sonatype.aether_aether-api_1.8,junit_junit
org.sonatype.aether_aether-connector-asynchttpclient_1.8,org.sonatype.aether_aether-api
org.sonatype.aether_aether-connector-asynchttpclient_1.8,org.sonatype.aether_aether-spi
org.sonatype.aether_aether-connector-asynchttpclient_1.8,org.sonatype.aether_aether-util
org.sonatype.aether_aether-connector-asynchttpclient_1.8,com.ning_async-http-client
org.sonatype.aether_aether-connector-asynchttpclient_1.8,org.codehaus.plexus_plexus-component-annotations
org.sonatype.aether_aether-connector-asynchttpclient_1.8,org.sonatype.aether_aether-test-util
org.sonatype.aether_aether-connector-asynchttpclient_1.8,org.mortbay.jetty_jetty
org.sonatype.aether_aether-connector-asynchttpclient_1.8,org.sonatype.http-testing-harness_junit-runner
org.sonatype.aether_aether-connector-asynchttpclient_1.8,org.sonatype.http-testing-harness_server-provider
org.sonatype.aether_aether-connector-asynchttpclient_1.8,org.slf4j_slf4j-log4j12
org.sonatype.aether_aether-connector-file_1.8,org.sonatype.aether_aether-api
org.sonatype.aether_aether-connector-file_1.8,org.sonatype.aether_aether-spi
org.sonatype.aether_aether-connector-file_1.8,org.sonatype.aether_aether-util
org.sonatype.aether_aether-connector-file_1.8,org.codehaus.plexus_plexus-component-annotations
org.sonatype.aether_aether-connector-file_1.8,junit_junit
org.sonatype.aether_aether-connector-file_1.8,org.sonatype.aether_aether-test-util
org.sonatype.aether_aether-connector-wagon_1.8,org.sonatype.aether_aether-api
org.sonatype.aether_aether-connector-wagon_1.8,org.sonatype.aether_aether-spi
org.sonatype.aether_aether-connector-wagon_1.8,org.sonatype.aether_aether-util
org.sonatype.aether_aether-connector-wagon_1.8,org.apache.maven.wagon_wagon-provider-api
org.sonatype.aether_aether-connector-wagon_1.8,org.codehaus.plexus_plexus-component-annotations
org.sonatype.aether_aether-connector-wagon_1.8,org.codehaus.plexus_plexus-container-default
org.sonatype.aether_aether-connector-wagon_1.8,org.sonatype.aether_aether-test-util
org.sonatype.aether_aether-connector-wagon_1.8,org.apache.maven.wagon_wagon-file
org.sonatype.aether_aether-impl_1.8,org.sonatype.aether_aether-api
org.sonatype.aether_aether-impl_1.8,org.sonatype.aether_aether-spi
org.sonatype.aether_aether-impl_1.8,org.sonatype.aether_aether-util
org.sonatype.aether_aether-impl_1.8,org.codehaus.plexus_plexus-component-annotations
org.sonatype.aether_aether-impl_1.8,org.codehaus.plexus_plexus-container-default
org.sonatype.aether_aether-impl_1.8,org.slf4j_slf4j-api
org.sonatype.aether_aether-impl_1.8,junit_junit
org.sonatype.aether_aether-impl_1.8,org.sonatype.aether_aether-test-util
org.sonatype.aether_aether-parent_1.8,org.sonatype.aether_aether-api
org.sonatype.aether_aether-parent_1.8,org.sonatype.aether_aether-spi
org.sonatype.aether_aether-parent_1.8,org.sonatype.aether_aether-util
org.sonatype.aether_aether-parent_1.8,org.sonatype.aether_aether-impl
org.sonatype.aether_aether-parent_1.8,org.sonatype.aether_aether-connector-file
org.sonatype.aether_aether-parent_1.8,org.sonatype.aether_aether-connector-wagon
org.sonatype.aether_aether-parent_1.8,org.sonatype.aether_aether-connector-asynchttpclient
org.sonatype.aether_aether-parent_1.8,org.sonatype.aether_aether-test-util
org.sonatype.aether_aether-parent_1.8,junit_junit
org.sonatype.aether_aether-parent_1.8,org.codehaus.plexus_plexus-component-annotations
org.sonatype.aether_aether-parent_1.8,org.codehaus.plexus_plexus-container-default
org.sonatype.aether_aether-parent_1.8,org.apache.apache.resources_apache-source-release-assembly-descriptor
org.sonatype.aether_aether-spi_1.8,org.sonatype.aether_aether-api
org.sonatype.aether_aether-test-util_1.8,org.sonatype.aether_aether-api
org.sonatype.aether_aether-test-util_1.8,org.sonatype.aether_aether-spi
org.sonatype.aether_aether-test-util_1.8,junit_junit
org.sonatype.aether_aether-util_1.8,org.sonatype.aether_aether-api
org.sonatype.aether_aether-util_1.8,org.sonatype.aether_aether-test-util
org.sonatype.aether_aether-util_1.8,junit_junit
org.sonatype.aether_aether-concurrency_1.8,org.sonatype.aether_aether-api
org.sonatype.aether_aether-concurrency_1.8,org.sonatype.aether_aether-spi
org.sonatype.aether_aether-concurrency_1.8,org.sonatype.aether_aether-util
org.sonatype.aether_aether-concurrency_1.8,org.codehaus.plexus_plexus-component-annotations
org.sonatype.aether_aether-concurrency_1.8,junit_junit
org.sonatype.aether_aether-concurrency_1.8,org.sonatype.aether_aether-test-util
org.sonatype.aether_aether-concurrency_1.8,com.googlecode.multithreadedtc_multithreadedtc
org.sonatype.aether_aether-concurrency_1.8,org.sonatype.aether_aether-impl
org.sonatype.aether_aether-concurrency_1.8,org.apache.apache.resources_apache-source-release-assembly-descriptor
org.sonatype.aether_aether-api_1.9,junit_junit
org.sonatype.aether_aether-connector-asynchttpclient_1.9,org.sonatype.aether_aether-api
org.sonatype.aether_aether-connector-asynchttpclient_1.9,org.sonatype.aether_aether-spi
org.sonatype.aether_aether-connector-asynchttpclient_1.9,org.sonatype.aether_aether-util
org.sonatype.aether_aether-connector-asynchttpclient_1.9,com.ning_async-http-client
org.sonatype.aether_aether-connector-asynchttpclient_1.9,org.codehaus.plexus_plexus-component-annotations
org.sonatype.aether_aether-connector-asynchttpclient_1.9,org.sonatype.aether_aether-test-util
org.sonatype.aether_aether-connector-asynchttpclient_1.9,org.mortbay.jetty_jetty
org.sonatype.aether_aether-connector-asynchttpclient_1.9,org.sonatype.http-testing-harness_junit-runner
org.sonatype.aether_aether-connector-asynchttpclient_1.9,org.sonatype.http-testing-harness_server-provider
org.sonatype.aether_aether-connector-asynchttpclient_1.9,org.slf4j_slf4j-log4j12
org.sonatype.aether_aether-connector-file_1.9,org.sonatype.aether_aether-api
org.sonatype.aether_aether-connector-file_1.9,org.sonatype.aether_aether-spi
org.sonatype.aether_aether-connector-file_1.9,org.sonatype.aether_aether-util
org.sonatype.aether_aether-connector-file_1.9,org.codehaus.plexus_plexus-component-annotations
org.sonatype.aether_aether-connector-file_1.9,junit_junit
org.sonatype.aether_aether-connector-file_1.9,org.sonatype.aether_aether-test-util
org.sonatype.aether_aether-connector-wagon_1.9,org.sonatype.aether_aether-api
org.sonatype.aether_aether-connector-wagon_1.9,org.sonatype.aether_aether-spi
org.sonatype.aether_aether-connector-wagon_1.9,org.sonatype.aether_aether-util
org.sonatype.aether_aether-connector-wagon_1.9,org.apache.maven.wagon_wagon-provider-api
org.sonatype.aether_aether-connector-wagon_1.9,org.codehaus.plexus_plexus-component-annotations
org.sonatype.aether_aether-connector-wagon_1.9,org.codehaus.plexus_plexus-container-default
org.sonatype.aether_aether-connector-wagon_1.9,org.sonatype.aether_aether-test-util
org.sonatype.aether_aether-connector-wagon_1.9,org.apache.maven.wagon_wagon-file
org.sonatype.aether_aether-impl_1.9,org.sonatype.aether_aether-api
org.sonatype.aether_aether-impl_1.9,org.sonatype.aether_aether-spi
org.sonatype.aether_aether-impl_1.9,org.sonatype.aether_aether-util
org.sonatype.aether_aether-impl_1.9,org.codehaus.plexus_plexus-component-annotations
org.sonatype.aether_aether-impl_1.9,org.codehaus.plexus_plexus-container-default
org.sonatype.aether_aether-impl_1.9,org.slf4j_slf4j-api
org.sonatype.aether_aether-impl_1.9,junit_junit
org.sonatype.aether_aether-impl_1.9,org.sonatype.aether_aether-test-util
org.sonatype.aether_aether-parent_1.9,org.sonatype.aether_aether-api
org.sonatype.aether_aether-parent_1.9,org.sonatype.aether_aether-spi
org.sonatype.aether_aether-parent_1.9,org.sonatype.aether_aether-util
org.sonatype.aether_aether-parent_1.9,org.sonatype.aether_aether-impl
org.sonatype.aether_aether-parent_1.9,org.sonatype.aether_aether-connector-file
org.sonatype.aether_aether-parent_1.9,org.sonatype.aether_aether-connector-wagon
org.sonatype.aether_aether-parent_1.9,org.sonatype.aether_aether-connector-asynchttpclient
org.sonatype.aether_aether-parent_1.9,org.sonatype.aether_aether-test-util
org.sonatype.aether_aether-parent_1.9,junit_junit
org.sonatype.aether_aether-parent_1.9,org.codehaus.plexus_plexus-component-annotations
org.sonatype.aether_aether-parent_1.9,org.codehaus.plexus_plexus-container-default
org.sonatype.aether_aether-parent_1.9,org.apache.apache.resources_apache-source-release-assembly-descriptor
org.sonatype.aether_aether-spi_1.9,org.sonatype.aether_aether-api
org.sonatype.aether_aether-test-util_1.9,org.sonatype.aether_aether-api
org.sonatype.aether_aether-test-util_1.9,org.sonatype.aether_aether-spi
org.sonatype.aether_aether-test-util_1.9,junit_junit
org.sonatype.aether_aether-util_1.9,org.sonatype.aether_aether-api
org.sonatype.aether_aether-util_1.9,org.sonatype.aether_aether-test-util
org.sonatype.aether_aether-util_1.9,junit_junit
org.sonatype.aether_aether-api_1.10,junit_junit
org.sonatype.aether_aether-api_1.10.1,junit_junit
org.sonatype.aether_aether-api_1.8.1,junit_junit
org.sonatype.aether_aether-connector-asynchttpclient_1.10,org.sonatype.aether_aether-api
org.sonatype.aether_aether-connector-asynchttpclient_1.10,org.sonatype.aether_aether-spi
org.sonatype.aether_aether-connector-asynchttpclient_1.10,org.sonatype.aether_aether-util
org.sonatype.aether_aether-connector-asynchttpclient_1.10,com.ning_async-http-client
org.sonatype.aether_aether-connector-asynchttpclient_1.10,org.codehaus.plexus_plexus-component-annotations
org.sonatype.aether_aether-connector-asynchttpclient_1.10,org.sonatype.aether_aether-test-util
org.sonatype.aether_aether-connector-asynchttpclient_1.10,org.mortbay.jetty_jetty
org.sonatype.aether_aether-connector-asynchttpclient_1.10,org.sonatype.http-testing-harness_junit-runner
org.sonatype.aether_aether-connector-asynchttpclient_1.10,org.sonatype.http-testing-harness_server-provider
org.sonatype.aether_aether-connector-asynchttpclient_1.10,org.slf4j_slf4j-log4j12
org.sonatype.aether_aether-connector-asynchttpclient_1.10.1,org.sonatype.aether_aether-api
org.sonatype.aether_aether-connector-asynchttpclient_1.10.1,org.sonatype.aether_aether-spi
org.sonatype.aether_aether-connector-asynchttpclient_1.10.1,org.sonatype.aether_aether-util
org.sonatype.aether_aether-connector-asynchttpclient_1.10.1,com.ning_async-http-client
org.sonatype.aether_aether-connector-asynchttpclient_1.10.1,org.codehaus.plexus_plexus-component-annotations
org.sonatype.aether_aether-connector-asynchttpclient_1.10.1,org.sonatype.aether_aether-test-util
org.sonatype.aether_aether-connector-asynchttpclient_1.10.1,org.mortbay.jetty_jetty
org.sonatype.aether_aether-connector-asynchttpclient_1.10.1,org.sonatype.http-testing-harness_junit-runner
org.sonatype.aether_aether-connector-asynchttpclient_1.10.1,org.sonatype.http-testing-harness_server-provider
org.sonatype.aether_aether-connector-asynchttpclient_1.10.1,org.slf4j_slf4j-log4j12
org.sonatype.aether_aether-connector-asynchttpclient_1.8.1,org.sonatype.aether_aether-api
org.sonatype.aether_aether-connector-asynchttpclient_1.8.1,org.sonatype.aether_aether-spi
org.sonatype.aether_aether-connector-asynchttpclient_1.8.1,org.sonatype.aether_aether-util
org.sonatype.aether_aether-connector-asynchttpclient_1.8.1,com.ning_async-http-client
org.sonatype.aether_aether-connector-asynchttpclient_1.8.1,org.codehaus.plexus_plexus-component-annotations
org.sonatype.aether_aether-connector-asynchttpclient_1.8.1,org.sonatype.aether_aether-test-util
org.sonatype.aether_aether-connector-asynchttpclient_1.8.1,org.mortbay.jetty_jetty
org.sonatype.aether_aether-connector-asynchttpclient_1.8.1,org.sonatype.http-testing-harness_junit-runner
org.sonatype.aether_aether-connector-asynchttpclient_1.8.1,org.sonatype.http-testing-harness_server-provider
org.sonatype.aether_aether-connector-asynchttpclient_1.8.1,org.slf4j_slf4j-log4j12
org.sonatype.aether_aether-connector-file_1.10,org.sonatype.aether_aether-api
org.sonatype.aether_aether-connector-file_1.10,org.sonatype.aether_aether-spi
org.sonatype.aether_aether-connector-file_1.10,org.sonatype.aether_aether-util
org.sonatype.aether_aether-connector-file_1.10,org.codehaus.plexus_plexus-component-annotations
org.sonatype.aether_aether-connector-file_1.10,junit_junit
org.sonatype.aether_aether-connector-file_1.10,org.sonatype.aether_aether-test-util
org.sonatype.aether_aether-connector-file_1.10.1,org.sonatype.aether_aether-api
org.sonatype.aether_aether-connector-file_1.10.1,org.sonatype.aether_aether-spi
org.sonatype.aether_aether-connector-file_1.10.1,org.sonatype.aether_aether-util
org.sonatype.aether_aether-connector-file_1.10.1,org.codehaus.plexus_plexus-component-annotations
org.sonatype.aether_aether-connector-file_1.10.1,junit_junit
org.sonatype.aether_aether-connector-file_1.10.1,org.sonatype.aether_aether-test-util
org.sonatype.aether_aether-connector-file_1.8.1,org.sonatype.aether_aether-api
org.sonatype.aether_aether-connector-file_1.8.1,org.sonatype.aether_aether-spi
org.sonatype.aether_aether-connector-file_1.8.1,org.sonatype.aether_aether-util
org.sonatype.aether_aether-connector-file_1.8.1,org.codehaus.plexus_plexus-component-annotations
org.sonatype.aether_aether-connector-file_1.8.1,junit_junit
org.sonatype.aether_aether-connector-file_1.8.1,org.sonatype.aether_aether-test-util
org.sonatype.aether_aether-connector-wagon_1.10,org.sonatype.aether_aether-api
org.sonatype.aether_aether-connector-wagon_1.10,org.sonatype.aether_aether-spi
org.sonatype.aether_aether-connector-wagon_1.10,org.sonatype.aether_aether-util
org.sonatype.aether_aether-connector-wagon_1.10,org.apache.maven.wagon_wagon-provider-api
org.sonatype.aether_aether-connector-wagon_1.10,org.codehaus.plexus_plexus-component-annotations
org.sonatype.aether_aether-connector-wagon_1.10,org.codehaus.plexus_plexus-container-default
org.sonatype.aether_aether-connector-wagon_1.10,org.codehaus.plexus_plexus-classworlds
org.sonatype.aether_aether-connector-wagon_1.10,org.codehaus.plexus_plexus-utils
org.sonatype.aether_aether-connector-wagon_1.10,org.sonatype.aether_aether-test-util
org.sonatype.aether_aether-connector-wagon_1.10,org.apache.maven.wagon_wagon-http-lightweight
org.sonatype.aether_aether-connector-wagon_1.10,org.sonatype.http-testing-harness_server-provider
org.sonatype.aether_aether-connector-wagon_1.10.1,org.sonatype.aether_aether-api
org.sonatype.aether_aether-connector-wagon_1.10.1,org.sonatype.aether_aether-spi
org.sonatype.aether_aether-connector-wagon_1.10.1,org.sonatype.aether_aether-util
org.sonatype.aether_aether-connector-wagon_1.10.1,org.apache.maven.wagon_wagon-provider-api
org.sonatype.aether_aether-connector-wagon_1.10.1,org.codehaus.plexus_plexus-component-annotations
org.sonatype.aether_aether-connector-wagon_1.10.1,org.codehaus.plexus_plexus-container-default
org.sonatype.aether_aether-connector-wagon_1.10.1,org.codehaus.plexus_plexus-classworlds
org.sonatype.aether_aether-connector-wagon_1.10.1,org.codehaus.plexus_plexus-utils
org.sonatype.aether_aether-connector-wagon_1.10.1,org.sonatype.aether_aether-test-util
org.sonatype.aether_aether-connector-wagon_1.10.1,org.apache.maven.wagon_wagon-http-lightweight
org.sonatype.aether_aether-connector-wagon_1.10.1,org.sonatype.http-testing-harness_server-provider
org.sonatype.aether_aether-connector-wagon_1.8.1,org.sonatype.aether_aether-api
org.sonatype.aether_aether-connector-wagon_1.8.1,org.sonatype.aether_aether-spi
org.sonatype.aether_aether-connector-wagon_1.8.1,org.sonatype.aether_aether-util
org.sonatype.aether_aether-connector-wagon_1.8.1,org.apache.maven.wagon_wagon-provider-api
org.sonatype.aether_aether-connector-wagon_1.8.1,org.codehaus.plexus_plexus-component-annotations
org.sonatype.aether_aether-connector-wagon_1.8.1,org.codehaus.plexus_plexus-container-default
org.sonatype.aether_aether-connector-wagon_1.8.1,org.sonatype.aether_aether-test-util
org.sonatype.aether_aether-connector-wagon_1.8.1,org.apache.maven.wagon_wagon-file
org.sonatype.aether_aether-impl_1.10,org.sonatype.aether_aether-api
org.sonatype.aether_aether-impl_1.10,org.sonatype.aether_aether-spi
org.sonatype.aether_aether-impl_1.10,org.sonatype.aether_aether-util
org.sonatype.aether_aether-impl_1.10,org.codehaus.plexus_plexus-component-annotations
org.sonatype.aether_aether-impl_1.10,org.codehaus.plexus_plexus-container-default
org.sonatype.aether_aether-impl_1.10,org.slf4j_slf4j-api
org.sonatype.aether_aether-impl_1.10,junit_junit
org.sonatype.aether_aether-impl_1.10,org.sonatype.aether_aether-test-util
org.sonatype.aether_aether-impl_1.10.1,org.sonatype.aether_aether-api
org.sonatype.aether_aether-impl_1.10.1,org.sonatype.aether_aether-spi
org.sonatype.aether_aether-impl_1.10.1,org.sonatype.aether_aether-util
org.sonatype.aether_aether-impl_1.10.1,org.codehaus.plexus_plexus-component-annotations
org.sonatype.aether_aether-impl_1.10.1,org.codehaus.plexus_plexus-container-default
org.sonatype.aether_aether-impl_1.10.1,org.slf4j_slf4j-api
org.sonatype.aether_aether-impl_1.10.1,junit_junit
org.sonatype.aether_aether-impl_1.10.1,org.sonatype.aether_aether-test-util
org.sonatype.aether_aether-impl_1.8.1,org.sonatype.aether_aether-api
org.sonatype.aether_aether-impl_1.8.1,org.sonatype.aether_aether-spi
org.sonatype.aether_aether-impl_1.8.1,org.sonatype.aether_aether-util
org.sonatype.aether_aether-impl_1.8.1,org.codehaus.plexus_plexus-component-annotations
org.sonatype.aether_aether-impl_1.8.1,org.codehaus.plexus_plexus-container-default
org.sonatype.aether_aether-impl_1.8.1,org.slf4j_slf4j-api
org.sonatype.aether_aether-impl_1.8.1,junit_junit
org.sonatype.aether_aether-impl_1.8.1,org.sonatype.aether_aether-test-util
org.sonatype.aether_aether-parent_1.10,org.sonatype.aether_aether-api
org.sonatype.aether_aether-parent_1.10,org.sonatype.aether_aether-spi
org.sonatype.aether_aether-parent_1.10,org.sonatype.aether_aether-util
org.sonatype.aether_aether-parent_1.10,org.sonatype.aether_aether-impl
org.sonatype.aether_aether-parent_1.10,org.sonatype.aether_aether-connector-file
org.sonatype.aether_aether-parent_1.10,org.sonatype.aether_aether-connector-wagon
org.sonatype.aether_aether-parent_1.10,org.sonatype.aether_aether-connector-asynchttpclient
org.sonatype.aether_aether-parent_1.10,org.sonatype.aether_aether-test-util
org.sonatype.aether_aether-parent_1.10,junit_junit
org.sonatype.aether_aether-parent_1.10,org.codehaus.plexus_plexus-component-annotations
org.sonatype.aether_aether-parent_1.10,org.codehaus.plexus_plexus-container-default
org.sonatype.aether_aether-parent_1.10,org.apache.apache.resources_apache-source-release-assembly-descriptor
org.sonatype.aether_aether-parent_1.10.1,org.sonatype.aether_aether-api
org.sonatype.aether_aether-parent_1.10.1,org.sonatype.aether_aether-spi
org.sonatype.aether_aether-parent_1.10.1,org.sonatype.aether_aether-util
org.sonatype.aether_aether-parent_1.10.1,org.sonatype.aether_aether-impl
org.sonatype.aether_aether-parent_1.10.1,org.sonatype.aether_aether-connector-file
org.sonatype.aether_aether-parent_1.10.1,org.sonatype.aether_aether-connector-wagon
org.sonatype.aether_aether-parent_1.10.1,org.sonatype.aether_aether-connector-asynchttpclient
org.sonatype.aether_aether-parent_1.10.1,org.sonatype.aether_aether-test-util
org.sonatype.aether_aether-parent_1.10.1,junit_junit
org.sonatype.aether_aether-parent_1.10.1,org.codehaus.plexus_plexus-component-annotations
org.sonatype.aether_aether-parent_1.10.1,org.codehaus.plexus_plexus-container-default
org.sonatype.aether_aether-parent_1.10.1,org.apache.apache.resources_apache-source-release-assembly-descriptor
org.sonatype.aether_aether-parent_1.8.1,org.sonatype.aether_aether-api
org.sonatype.aether_aether-parent_1.8.1,org.sonatype.aether_aether-spi
org.sonatype.aether_aether-parent_1.8.1,org.sonatype.aether_aether-util
org.sonatype.aether_aether-parent_1.8.1,org.sonatype.aether_aether-impl
org.sonatype.aether_aether-parent_1.8.1,org.sonatype.aether_aether-connector-file
org.sonatype.aether_aether-parent_1.8.1,org.sonatype.aether_aether-connector-wagon
org.sonatype.aether_aether-parent_1.8.1,org.sonatype.aether_aether-connector-asynchttpclient
org.sonatype.aether_aether-parent_1.8.1,org.sonatype.aether_aether-test-util
org.sonatype.aether_aether-parent_1.8.1,junit_junit
org.sonatype.aether_aether-parent_1.8.1,org.codehaus.plexus_plexus-component-annotations
org.sonatype.aether_aether-parent_1.8.1,org.codehaus.plexus_plexus-container-default
org.sonatype.aether_aether-parent_1.8.1,org.apache.apache.resources_apache-source-release-assembly-descriptor
org.sonatype.aether_aether-spi_1.10,org.sonatype.aether_aether-api
org.sonatype.aether_aether-spi_1.10.1,org.sonatype.aether_aether-api
org.sonatype.aether_aether-spi_1.8.1,org.sonatype.aether_aether-api
org.sonatype.aether_aether-test-util_1.10,org.sonatype.aether_aether-api
org.sonatype.aether_aether-test-util_1.10,org.sonatype.aether_aether-spi
org.sonatype.aether_aether-test-util_1.10,junit_junit
org.sonatype.aether_aether-test-util_1.10.1,org.sonatype.aether_aether-api
org.sonatype.aether_aether-test-util_1.10.1,org.sonatype.aether_aether-spi
org.sonatype.aether_aether-test-util_1.10.1,junit_junit
org.sonatype.aether_aether-test-util_1.8.1,org.sonatype.aether_aether-api
org.sonatype.aether_aether-test-util_1.8.1,org.sonatype.aether_aether-spi
org.sonatype.aether_aether-test-util_1.8.1,junit_junit
org.sonatype.aether_aether-util_1.10,org.sonatype.aether_aether-api
org.sonatype.aether_aether-util_1.10,org.sonatype.aether_aether-test-util
org.sonatype.aether_aether-util_1.10,junit_junit
org.sonatype.aether_aether-util_1.10.1,org.sonatype.aether_aether-api
org.sonatype.aether_aether-util_1.10.1,org.sonatype.aether_aether-test-util
org.sonatype.aether_aether-util_1.10.1,junit_junit
org.sonatype.aether_aether-util_1.8.1,org.sonatype.aether_aether-api
org.sonatype.aether_aether-util_1.8.1,org.sonatype.aether_aether-test-util
org.sonatype.aether_aether-util_1.8.1,junit_junit
org.sonatype.aether_aether-api_1.11,junit_junit
org.sonatype.aether_aether-connector-asynchttpclient_1.11,org.sonatype.aether_aether-api
org.sonatype.aether_aether-connector-asynchttpclient_1.11,org.sonatype.aether_aether-spi
org.sonatype.aether_aether-connector-asynchttpclient_1.11,org.sonatype.aether_aether-util
org.sonatype.aether_aether-connector-asynchttpclient_1.11,com.ning_async-http-client
org.sonatype.aether_aether-connector-asynchttpclient_1.11,org.codehaus.plexus_plexus-component-annotations
org.sonatype.aether_aether-connector-asynchttpclient_1.11,org.sonatype.aether_aether-test-util
org.sonatype.aether_aether-connector-asynchttpclient_1.11,org.mortbay.jetty_jetty
org.sonatype.aether_aether-connector-asynchttpclient_1.11,org.sonatype.http-testing-harness_junit-runner
org.sonatype.aether_aether-connector-asynchttpclient_1.11,org.sonatype.http-testing-harness_server-provider
org.sonatype.aether_aether-connector-file_1.11,org.sonatype.aether_aether-api
org.sonatype.aether_aether-connector-file_1.11,org.sonatype.aether_aether-spi
org.sonatype.aether_aether-connector-file_1.11,org.sonatype.aether_aether-util
org.sonatype.aether_aether-connector-file_1.11,org.codehaus.plexus_plexus-component-annotations
org.sonatype.aether_aether-connector-file_1.11,junit_junit
org.sonatype.aether_aether-connector-file_1.11,org.sonatype.aether_aether-test-util
org.sonatype.aether_aether-connector-wagon_1.11,org.sonatype.aether_aether-api
org.sonatype.aether_aether-connector-wagon_1.11,org.sonatype.aether_aether-spi
org.sonatype.aether_aether-connector-wagon_1.11,org.sonatype.aether_aether-util
org.sonatype.aether_aether-connector-wagon_1.11,org.apache.maven.wagon_wagon-provider-api
org.sonatype.aether_aether-connector-wagon_1.11,org.codehaus.plexus_plexus-component-annotations
org.sonatype.aether_aether-connector-wagon_1.11,org.codehaus.plexus_plexus-container-default
org.sonatype.aether_aether-connector-wagon_1.11,org.codehaus.plexus_plexus-classworlds
org.sonatype.aether_aether-connector-wagon_1.11,org.codehaus.plexus_plexus-utils
org.sonatype.aether_aether-connector-wagon_1.11,org.sonatype.aether_aether-test-util
org.sonatype.aether_aether-connector-wagon_1.11,org.apache.maven.wagon_wagon-http-lightweight
org.sonatype.aether_aether-connector-wagon_1.11,org.sonatype.http-testing-harness_server-provider
org.sonatype.aether_aether-impl_1.11,org.sonatype.aether_aether-api
org.sonatype.aether_aether-impl_1.11,org.sonatype.aether_aether-spi
org.sonatype.aether_aether-impl_1.11,org.sonatype.aether_aether-util
org.sonatype.aether_aether-impl_1.11,org.codehaus.plexus_plexus-component-annotations
org.sonatype.aether_aether-impl_1.11,org.codehaus.plexus_plexus-container-default
org.sonatype.aether_aether-impl_1.11,org.slf4j_slf4j-api
org.sonatype.aether_aether-impl_1.11,junit_junit
org.sonatype.aether_aether-impl_1.11,org.sonatype.aether_aether-test-util
org.sonatype.aether_aether-parent_1.11,org.sonatype.aether_aether-api
org.sonatype.aether_aether-parent_1.11,org.sonatype.aether_aether-spi
org.sonatype.aether_aether-parent_1.11,org.sonatype.aether_aether-util
org.sonatype.aether_aether-parent_1.11,org.sonatype.aether_aether-impl
org.sonatype.aether_aether-parent_1.11,org.sonatype.aether_aether-connector-file
org.sonatype.aether_aether-parent_1.11,org.sonatype.aether_aether-connector-wagon
org.sonatype.aether_aether-parent_1.11,org.sonatype.aether_aether-connector-asynchttpclient
org.sonatype.aether_aether-parent_1.11,org.sonatype.aether_aether-test-util
org.sonatype.aether_aether-parent_1.11,junit_junit
org.sonatype.aether_aether-parent_1.11,org.codehaus.plexus_plexus-component-annotations
org.sonatype.aether_aether-parent_1.11,org.codehaus.plexus_plexus-container-default
org.sonatype.aether_aether-parent_1.11,org.apache.apache.resources_apache-source-release-assembly-descriptor
org.sonatype.aether_aether-spi_1.11,org.sonatype.aether_aether-api
org.sonatype.aether_aether-test-util_1.11,org.sonatype.aether_aether-api
org.sonatype.aether_aether-test-util_1.11,org.sonatype.aether_aether-spi
org.sonatype.aether_aether-test-util_1.11,junit_junit
org.sonatype.aether_aether-util_1.11,org.sonatype.aether_aether-api
org.sonatype.aether_aether-util_1.11,org.sonatype.aether_aether-test-util
org.sonatype.aether_aether-util_1.11,junit_junit
org.sonatype.aether_aether_1.12,org.sonatype.aether_aether-api
org.sonatype.aether_aether_1.12,org.sonatype.aether_aether-spi
org.sonatype.aether_aether_1.12,org.sonatype.aether_aether-util
org.sonatype.aether_aether_1.12,org.sonatype.aether_aether-impl
org.sonatype.aether_aether_1.12,org.sonatype.aether_aether-connector-file
org.sonatype.aether_aether_1.12,org.sonatype.aether_aether-connector-wagon
org.sonatype.aether_aether_1.12,org.sonatype.aether_aether-connector-asynchttpclient
org.sonatype.aether_aether_1.12,org.sonatype.aether_aether-test-util
org.sonatype.aether_aether_1.12,junit_junit
org.sonatype.aether_aether_1.12,org.codehaus.plexus_plexus-component-annotations
org.sonatype.aether_aether_1.12,org.sonatype.sisu_sisu-inject-plexus
org.sonatype.aether_aether_1.12,org.apache.apache.resources_apache-source-release-assembly-descriptor
org.sonatype.aether_aether-api_1.12,junit_junit
org.sonatype.aether_aether-connector-asynchttpclient_1.12,org.sonatype.aether_aether-api
org.sonatype.aether_aether-connector-asynchttpclient_1.12,org.sonatype.aether_aether-spi
org.sonatype.aether_aether-connector-asynchttpclient_1.12,org.sonatype.aether_aether-util
org.sonatype.aether_aether-connector-asynchttpclient_1.12,com.ning_async-http-client
org.sonatype.aether_aether-connector-asynchttpclient_1.12,org.codehaus.plexus_plexus-component-annotations
org.sonatype.aether_aether-connector-asynchttpclient_1.12,org.sonatype.aether_aether-test-util
org.sonatype.aether_aether-connector-asynchttpclient_1.12,org.mortbay.jetty_jetty
org.sonatype.aether_aether-connector-asynchttpclient_1.12,org.sonatype.http-testing-harness_junit-runner
org.sonatype.aether_aether-connector-asynchttpclient_1.12,org.sonatype.http-testing-harness_server-provider
org.sonatype.aether_aether-connector-file_1.12,org.sonatype.aether_aether-api
org.sonatype.aether_aether-connector-file_1.12,org.sonatype.aether_aether-spi
org.sonatype.aether_aether-connector-file_1.12,org.sonatype.aether_aether-util
org.sonatype.aether_aether-connector-file_1.12,org.codehaus.plexus_plexus-component-annotations
org.sonatype.aether_aether-connector-file_1.12,junit_junit
org.sonatype.aether_aether-connector-file_1.12,org.sonatype.aether_aether-test-util
org.sonatype.aether_aether-connector-wagon_1.12,org.sonatype.aether_aether-api
org.sonatype.aether_aether-connector-wagon_1.12,org.sonatype.aether_aether-spi
org.sonatype.aether_aether-connector-wagon_1.12,org.sonatype.aether_aether-util
org.sonatype.aether_aether-connector-wagon_1.12,org.apache.maven.wagon_wagon-provider-api
org.sonatype.aether_aether-connector-wagon_1.12,org.codehaus.plexus_plexus-component-annotations
org.sonatype.aether_aether-connector-wagon_1.12,org.codehaus.plexus_plexus-classworlds
org.sonatype.aether_aether-connector-wagon_1.12,org.codehaus.plexus_plexus-utils
org.sonatype.aether_aether-connector-wagon_1.12,org.sonatype.sisu_sisu-inject-plexus
org.sonatype.aether_aether-connector-wagon_1.12,org.sonatype.aether_aether-test-util
org.sonatype.aether_aether-connector-wagon_1.12,org.apache.maven.wagon_wagon-http-lightweight
org.sonatype.aether_aether-connector-wagon_1.12,org.sonatype.http-testing-harness_server-provider
org.sonatype.aether_aether-impl_1.12,org.sonatype.aether_aether-api
org.sonatype.aether_aether-impl_1.12,org.sonatype.aether_aether-spi
org.sonatype.aether_aether-impl_1.12,org.sonatype.aether_aether-util
org.sonatype.aether_aether-impl_1.12,org.codehaus.plexus_plexus-component-annotations
org.sonatype.aether_aether-impl_1.12,org.sonatype.sisu_sisu-inject-plexus
org.sonatype.aether_aether-impl_1.12,org.slf4j_slf4j-api
org.sonatype.aether_aether-impl_1.12,junit_junit
org.sonatype.aether_aether-impl_1.12,org.sonatype.aether_aether-test-util
org.sonatype.aether_aether-spi_1.12,org.sonatype.aether_aether-api
org.sonatype.aether_aether-test-util_1.12,org.sonatype.aether_aether-api
org.sonatype.aether_aether-test-util_1.12,org.sonatype.aether_aether-spi
org.sonatype.aether_aether-test-util_1.12,junit_junit
org.sonatype.aether_aether-util_1.12,org.sonatype.aether_aether-api
org.sonatype.aether_aether-util_1.12,org.sonatype.aether_aether-test-util
org.sonatype.aether_aether-util_1.12,junit_junit
org.sonatype.aether_aether_1.13,org.sonatype.aether_aether-api
org.sonatype.aether_aether_1.13,org.sonatype.aether_aether-spi
org.sonatype.aether_aether_1.13,org.sonatype.aether_aether-util
org.sonatype.aether_aether_1.13,org.sonatype.aether_aether-impl
org.sonatype.aether_aether_1.13,org.sonatype.aether_aether-connector-file
org.sonatype.aether_aether_1.13,org.sonatype.aether_aether-connector-wagon
org.sonatype.aether_aether_1.13,org.sonatype.aether_aether-connector-asynchttpclient
org.sonatype.aether_aether_1.13,org.sonatype.aether_aether-test-util
org.sonatype.aether_aether_1.13,junit_junit
org.sonatype.aether_aether_1.13,org.codehaus.plexus_plexus-component-annotations
org.sonatype.aether_aether_1.13,org.sonatype.sisu_sisu-inject-plexus
org.sonatype.aether_aether_1.13,org.apache.apache.resources_apache-source-release-assembly-descriptor
org.sonatype.aether_aether-api_1.13,junit_junit
org.sonatype.aether_aether-connector-asynchttpclient_1.13,org.sonatype.aether_aether-api
org.sonatype.aether_aether-connector-asynchttpclient_1.13,org.sonatype.aether_aether-spi
org.sonatype.aether_aether-connector-asynchttpclient_1.13,org.sonatype.aether_aether-util
org.sonatype.aether_aether-connector-asynchttpclient_1.13,com.ning_async-http-client
org.sonatype.aether_aether-connector-asynchttpclient_1.13,org.codehaus.plexus_plexus-component-annotations
org.sonatype.aether_aether-connector-asynchttpclient_1.13,org.sonatype.aether_aether-test-util
org.sonatype.aether_aether-connector-asynchttpclient_1.13,org.sonatype.sisu_sisu-inject-plexus
org.sonatype.aether_aether-connector-asynchttpclient_1.13,org.mortbay.jetty_jetty
org.sonatype.aether_aether-connector-asynchttpclient_1.13,org.sonatype.http-testing-harness_junit-runner
org.sonatype.aether_aether-connector-asynchttpclient_1.13,org.sonatype.http-testing-harness_server-provider
org.sonatype.aether_aether-connector-file_1.13,org.sonatype.aether_aether-api
org.sonatype.aether_aether-connector-file_1.13,org.sonatype.aether_aether-spi
org.sonatype.aether_aether-connector-file_1.13,org.sonatype.aether_aether-util
org.sonatype.aether_aether-connector-file_1.13,org.codehaus.plexus_plexus-component-annotations
org.sonatype.aether_aether-connector-file_1.13,org.sonatype.sisu_sisu-inject-plexus
org.sonatype.aether_aether-connector-file_1.13,junit_junit
org.sonatype.aether_aether-connector-file_1.13,org.sonatype.aether_aether-test-util
org.sonatype.aether_aether-connector-wagon_1.13,org.sonatype.aether_aether-api
org.sonatype.aether_aether-connector-wagon_1.13,org.sonatype.aether_aether-spi
org.sonatype.aether_aether-connector-wagon_1.13,org.sonatype.aether_aether-util
org.sonatype.aether_aether-connector-wagon_1.13,org.apache.maven.wagon_wagon-provider-api
org.sonatype.aether_aether-connector-wagon_1.13,org.codehaus.plexus_plexus-component-annotations
org.sonatype.aether_aether-connector-wagon_1.13,org.codehaus.plexus_plexus-classworlds
org.sonatype.aether_aether-connector-wagon_1.13,org.codehaus.plexus_plexus-utils
org.sonatype.aether_aether-connector-wagon_1.13,org.sonatype.sisu_sisu-inject-plexus
org.sonatype.aether_aether-connector-wagon_1.13,org.sonatype.aether_aether-test-util
org.sonatype.aether_aether-connector-wagon_1.13,org.apache.maven.wagon_wagon-http-lightweight
org.sonatype.aether_aether-connector-wagon_1.13,org.sonatype.http-testing-harness_server-provider
org.sonatype.aether_aether-impl_1.13,org.sonatype.aether_aether-api
org.sonatype.aether_aether-impl_1.13,org.sonatype.aether_aether-spi
org.sonatype.aether_aether-impl_1.13,org.sonatype.aether_aether-util
org.sonatype.aether_aether-impl_1.13,org.codehaus.plexus_plexus-component-annotations
org.sonatype.aether_aether-impl_1.13,org.sonatype.sisu_sisu-inject-plexus
org.sonatype.aether_aether-impl_1.13,org.slf4j_slf4j-api
org.sonatype.aether_aether-impl_1.13,junit_junit
org.sonatype.aether_aether-impl_1.13,org.sonatype.aether_aether-test-util
org.sonatype.aether_aether-spi_1.13,org.sonatype.aether_aether-api
org.sonatype.aether_aether-test-util_1.13,org.sonatype.aether_aether-api
org.sonatype.aether_aether-test-util_1.13,org.sonatype.aether_aether-spi
org.sonatype.aether_aether-test-util_1.13,junit_junit
org.sonatype.aether_aether-util_1.13,org.sonatype.aether_aether-api
org.sonatype.aether_aether-util_1.13,org.sonatype.aether_aether-test-util
org.sonatype.aether_aether-util_1.13,junit_junit
org.sonatype.aether_aether-parent_1.0,junit_junit
org.sonatype.aether_aether-parent_1.1,junit_junit
org.sonatype.aether_aether-parent_1.1.1,junit_junit
