org.apache.anakia_anakia_1.0,antlr_antlr
org.apache.anakia_anakia_1.0,commons-collections_commons-collections
org.apache.anakia_anakia_1.0,commons-lang_commons-lang
org.apache.anakia_anakia_1.0,jdom_jdom
org.apache.anakia_anakia_1.0,ant_ant
org.apache.anakia_anakia_1.0,werken-xpath_werken-xpath
org.apache.anakia_anakia_1.0,velocity_velocity
com.google.android_android_1.5_r3,commons-logging_commons-logging
com.google.android_android_1.5_r3,org.apache.httpcomponents_httpclient
com.google.android_android_1.5_r3,org.khronos_opengl-api
com.google.android_android_1.5_r3,xerces_xmlParserAPIs
com.google.android_android_1.5_r3,xpp3_xpp3
com.google.android_android_1.5_r4,commons-logging_commons-logging
com.google.android_android_1.5_r4,org.apache.httpcomponents_httpclient
com.google.android_android_1.5_r4,org.khronos_opengl-api
com.google.android_android_1.5_r4,xerces_xmlParserAPIs
com.google.android_android_1.5_r4,xpp3_xpp3
com.google.android_android-test_1.5_r3,com.google.android_android
com.google.android_android-test_1.5_r3,junit_junit
com.google.android_android-test_1.5_r4,com.google.android_android
com.google.android_android-test_1.5_r4,junit_junit
com.google.android_android_1.6_r2,commons-logging_commons-logging
com.google.android_android_1.6_r2,org.apache.httpcomponents_httpclient
com.google.android_android_1.6_r2,org.khronos_opengl-api
com.google.android_android_1.6_r2,xerces_xmlParserAPIs
com.google.android_android_1.6_r2,xpp3_xpp3
com.google.android_android_2.1_r1,commons-logging_commons-logging
com.google.android_android_2.1_r1,org.apache.httpcomponents_httpclient
com.google.android_android_2.1_r1,org.khronos_opengl-api
com.google.android_android_2.1_r1,xerces_xmlParserAPIs
com.google.android_android_2.1_r1,xpp3_xpp3
com.google.android_android-test_1.6_r2,com.google.android_android
com.google.android_android-test_1.6_r2,junit_junit
com.google.android_android-test_2.1_r1,com.google.android_android
com.google.android_android-test_2.1_r1,junit_junit
net.sourceforge.andspidclient_ands-pid-client_1.0.03,junit_junit
net.sourceforge.andspidclient_ands-pid-client_1.0.03,commons-httpclient_commons-httpclient
net.sourceforge.andspidclient_ands-pid-client_1.0.03,log4j_log4j
net.sourceforge.andspidclient_ands-pid-client_1.0.03,commons-lang_commons-lang
com.google.android_android_2.1.2,commons-logging_commons-logging
com.google.android_android_2.1.2,org.apache.httpcomponents_httpclient
com.google.android_android_2.1.2,org.khronos_opengl-api
com.google.android_android_2.1.2,xerces_xmlParserAPIs
com.google.android_android_2.1.2,xpp3_xpp3
com.google.android_android_2.1.2,org.json_json
com.google.android_android-test_2.1.2,com.google.android_android
com.google.android_android-test_2.1.2,junit_junit
com.google.android_android_2.2.1,commons-logging_commons-logging
com.google.android_android_2.2.1,org.apache.httpcomponents_httpclient
com.google.android_android_2.2.1,org.khronos_opengl-api
com.google.android_android_2.2.1,xerces_xmlParserAPIs
com.google.android_android_2.2.1,xpp3_xpp3
com.google.android_android_2.2.1,org.json_json
com.google.android_android-test_2.2.1,com.google.android_android
com.google.android_android-test_2.2.1,junit_junit
de.akquinet.android.androlog_androlog_1.0.0,junit_junit
de.akquinet.android.androlog_androlog-it_1.0.0,de.akquinet.android.androlog_androlog
de.akquinet.android.androlog_androlog-project_1.0.0,android_android
com.google.android_android_2.3.1,commons-logging_commons-logging
com.google.android_android_2.3.1,org.apache.httpcomponents_httpclient
com.google.android_android_2.3.1,org.khronos_opengl-api
com.google.android_android_2.3.1,xerces_xmlParserAPIs
com.google.android_android_2.3.1,xpp3_xpp3
com.google.android_android_2.3.1,org.json_json
com.google.android_android-test_2.3.1,com.google.android_android
com.google.android_android-test_2.3.1,junit_junit
net.sourceforge.andspidclient_ands-pid-client_1.0.04,junit_junit
net.sourceforge.andspidclient_ands-pid-client_1.0.04,commons-httpclient_commons-httpclient
net.sourceforge.andspidclient_ands-pid-client_1.0.04,log4j_log4j
net.sourceforge.andspidclient_ands-pid-client_1.0.04,commons-lang_commons-lang
net.sourceforge.andspidclient_ands-pid-client_1.0.05,junit_junit
net.sourceforge.andspidclient_ands-pid-client_1.0.05,commons-httpclient_commons-httpclient
net.sourceforge.andspidclient_ands-pid-client_1.0.05,log4j_log4j
net.sourceforge.andspidclient_ands-pid-client_1.0.05,commons-lang_commons-lang
net.sourceforge.andspidclient_ands-pid-client_1.0.06,junit_junit
net.sourceforge.andspidclient_ands-pid-client_1.0.06,commons-httpclient_commons-httpclient
net.sourceforge.andspidclient_ands-pid-client_1.0.06,log4j_log4j
net.sourceforge.andspidclient_ands-pid-client_1.0.06,commons-lang_commons-lang
net.sourceforge.andspidclient_ands-pid-client_1.0.07,junit_junit
net.sourceforge.andspidclient_ands-pid-client_1.0.07,commons-httpclient_commons-httpclient
net.sourceforge.andspidclient_ands-pid-client_1.0.07,log4j_log4j
net.sourceforge.andspidclient_ands-pid-client_1.0.07,commons-lang_commons-lang
de.akquinet.android.androlog_androlog_1.0.1,junit_junit
de.akquinet.android.androlog_androlog-it_1.0.1,de.akquinet.android.androlog_androlog
de.akquinet.android.androlog_androlog-it_1.0.1,com.google.android_android-test
de.akquinet.android.androlog_androlog-project_1.0.1,com.google.android_android
de.akquinet.android.androlog_androlog-project_1.0.1,org.json_json
de.akquinet.android.archetypes_android-archetypes-it_1.0.5,org.apache.maven.shared_maven-verifier
de.akquinet.android.archetypes_android-archetypes-it_1.0.5,junit_junit
com.google.android_android_2.3.3,commons-logging_commons-logging
com.google.android_android_2.3.3,org.apache.httpcomponents_httpclient
com.google.android_android_2.3.3,org.khronos_opengl-api
com.google.android_android_2.3.3,xerces_xmlParserAPIs
com.google.android_android_2.3.3,xpp3_xpp3
com.google.android_android_2.3.3,org.json_json
com.google.android_android-test_2.3.3,com.google.android_android
com.google.android_android-test_2.3.3,junit_junit
de.akquinet.android.androlog_androlog_1.0.3,junit_junit
de.akquinet.android.androlog_androlog-it_1.0.3,de.akquinet.android.androlog_androlog
de.akquinet.android.androlog_androlog-it_1.0.3,com.google.android_android-test
de.akquinet.android.androlog_androlog-project_1.0.3,com.google.android_android
de.akquinet.android.androlog_androlog-project_1.0.3,org.json_json
de.akquinet.android.archetypes_android-archetypes-it_1.0.6,org.apache.maven.shared_maven-verifier
de.akquinet.android.archetypes_android-archetypes-it_1.0.6,junit_junit
de.akquinet.android.androlog_androlog_1.0.4,junit_junit
de.akquinet.android.androlog_androlog-it_1.0.4,de.akquinet.android.androlog_androlog
de.akquinet.android.androlog_androlog-it_1.0.4,com.google.android_android-test
de.akquinet.android.androlog_androlog-project_1.0.4,com.google.android_android
de.akquinet.android.androlog_androlog-project_1.0.4,org.json_json
de.akquinet.android.androlog_androlog_1.0.5,junit_junit
de.akquinet.android.androlog_androlog-it_1.0.5,de.akquinet.android.androlog_androlog
de.akquinet.android.androlog_androlog-it_1.0.5,com.google.android_android-test
de.akquinet.android.androlog_androlog-project_1.0.5,com.google.android_android
de.akquinet.android.androlog_androlog-project_1.0.5,org.json_json
org.andromda.maven.plugins_andromdapp-maven-plugin_3.4-SNAPSHOT,commons-io_commons-io
org.andromda.maven.plugins_andromdapp-maven-plugin_3.4-SNAPSHOT,commons-lang_commons-lang
org.andromda.maven.plugins_andromdapp-maven-plugin_3.4-SNAPSHOT,org.javassist_javassist
org.andromda.maven.plugins_andromdapp-maven-plugin_3.4-SNAPSHOT,log4j_log4j
org.andromda.maven.plugins_andromdapp-maven-plugin_3.4-SNAPSHOT,org.apache.maven_maven-core
org.andromda.maven.plugins_andromdapp-maven-plugin_3.4-SNAPSHOT,org.apache.maven.shared_maven-filtering
org.andromda.maven.plugins_andromdapp-maven-plugin_3.4-SNAPSHOT,org.apache.maven_maven-artifact
org.andromda.maven.plugins_andromdapp-maven-plugin_3.4-SNAPSHOT,org.apache.maven_maven-project
org.andromda.maven.plugins_andromdapp-maven-plugin_3.4-SNAPSHOT,org.apache.maven_maven-settings
org.andromda.maven.plugins_andromdapp-maven-plugin_3.4-SNAPSHOT,org.apache.maven_maven-plugin-api
org.andromda.maven.plugins_andromdapp-maven-plugin_3.4-SNAPSHOT,org.apache.maven_maven-model
org.andromda.maven.plugins_andromdapp-maven-plugin_3.4-SNAPSHOT,org.codehaus.plexus_plexus-container-default
org.andromda.maven.plugins_andromdapp-maven-plugin_3.4-SNAPSHOT,org.codehaus.plexus_plexus-utils
org.andromda.maven.plugins_andromdapp-maven-plugin_3.4-SNAPSHOT,org.andromda_andromda-core
org.andromda.maven.plugins_andromdapp-maven-plugin_3.4-SNAPSHOT,org.andromda.andromdapp_andromda-andromdapp-core
org.andromda.maven.plugins_andromdapp-maven-plugin_3.4-SNAPSHOT,org.andromda.andromdapp.projects_andromda-andromdapp-project-j2ee-maven2
org.andromda.maven.plugins_andromdapp-maven-plugin_3.4-SNAPSHOT,org.andromda.andromdapp.projects_andromda-andromdapp-project-richclient-ant
org.andromda.maven.plugins_andromdapp-maven-plugin_3.4-SNAPSHOT,org.andromda.templateengines_andromda-templateengine-velocity
org.andromda.maven.plugins_andromda-maven-plugin_3.4-SNAPSHOT,commons-lang_commons-lang
org.andromda.maven.plugins_andromda-maven-plugin_3.4-SNAPSHOT,org.apache.maven_maven-settings
org.andromda.maven.plugins_andromda-maven-plugin_3.4-SNAPSHOT,org.apache.maven_maven-artifact
org.andromda.maven.plugins_andromda-maven-plugin_3.4-SNAPSHOT,org.apache.maven_maven-project
org.andromda.maven.plugins_andromda-maven-plugin_3.4-SNAPSHOT,org.andromda_andromda-core
org.andromda.maven.plugins_andromda-maven-plugin_3.4-SNAPSHOT,${project.groupId}_andromda-configuration-mojo
org.andromda.maven.plugins_andromda-maven-plugin_3.4-SNAPSHOT,org.andromda.templateengines_andromda-templateengine-velocity
org.andromda.maven.plugins_andromda-maven-plugin_3.4-SNAPSHOT,org.andromda.repositories_andromda-repository-mdr-uml14
org.andromda.maven.plugins_andromda-maven-plugin_3.4-SNAPSHOT,org.andromda.metafacades_andromda-metafacades-uml14
org.andromda.maven.plugins_andromda-maven-plugin_3.4-SNAPSHOT,org.andromda.repositories_andromda-repository-emf-uml22
de.akquinet.android.androlog_androlog-project_0.1.7-SNAPSHOT,android_android
de.akquinet.android.androlog_androlog-it_0.1.7-SNAPSHOT,de.akquinet.android.androlog_androlog
de.akquinet.android.androlog_androlog_0.1.7-SNAPSHOT,junit_junit
org.andromda.maven.plugins_andromda-model-archiver-plugin_3.4-SNAPSHOT,commons-lang_commons-lang
org.andromda.maven.plugins_andromda-model-archiver-plugin_3.4-SNAPSHOT,commons-io_commons-io
org.andromda.maven.plugins_andromda-model-archiver-plugin_3.4-SNAPSHOT,org.apache.maven_maven-plugin-api
org.andromda.maven.plugins_andromda-model-archiver-plugin_3.4-SNAPSHOT,org.apache.maven_maven-project
org.andromda.maven.plugins_andromda-model-archiver-plugin_3.4-SNAPSHOT,org.apache.maven_maven-archiver
org.andromda.maven.plugins_andromda-model-archiver-plugin_3.4-SNAPSHOT,org.apache.maven_maven-artifact
org.andromda.maven.plugins_andromda-model-archiver-plugin_3.4-SNAPSHOT,org.codehaus.plexus_plexus-archiver
org.andromda.maven.plugins_andromdanetapp-maven-plugin_1.0-SNAPSHOT,org.andromda.maven.plugins_andromdapp-maven-plugin
org.andromda.maven.plugins_andromdanetapp-maven-plugin_1.0-SNAPSHOT,org.andromda.andromdapp_andromda-andromdapp-core
org.andromda.maven.plugins_andromdanetapp-maven-plugin_1.0-SNAPSHOT,org.andromda.plugins.andromdapp.projects_andromda-andromdapp-projects-csharp-maven2
org.andromda.maven.plugins_andromdanetapp-maven-plugin_1.0-SNAPSHOT,org.andromda.templateengines_andromda-templateengine-velocity
org.andromda.maven.plugins_andromdanetapp-maven-plugin_1.0-SNAPSHOT,org.codehaus.plexus_plexus-utils
org.andromda.maven.plugins_andromdanetapp-maven-plugin_1.0-SNAPSHOT,org.apache.maven_maven-core
org.andromda.maven.plugins_andromdanetapp-maven-plugin_1.0-SNAPSHOT,org.apache.maven.plugins_maven-resources-plugin
org.andromda.maven.plugins_andromdanetapp-maven-plugin_1.0-SNAPSHOT,commons-io_commons-io
org.andromda.maven.plugins_andromdanetapp-maven-plugin_3.4-SNAPSHOT,org.apache.maven_maven-plugin-api
org.andromda.maven.plugins_andromdanetapp-maven-plugin_3.4-SNAPSHOT,org.andromda_andromda-core
org.andromda.maven.plugins_andromdanetapp-maven-plugin_3.4-SNAPSHOT,org.andromda.maven.plugins_andromdapp-maven-plugin
org.andromda.maven.plugins_andromdanetapp-maven-plugin_3.4-SNAPSHOT,org.andromda.andromdapp_andromda-andromdapp-core
org.andromda.maven.plugins_andromdanetapp-maven-plugin_3.4-SNAPSHOT,org.andromda.andromdapp.projects_andromda-andromdapp-projects-csharp-maven2
org.andromda.maven.plugins_andromdanetapp-maven-plugin_3.4-SNAPSHOT,org.andromda.templateengines_andromda-templateengine-velocity
org.andromda.plugins.andromdapp_andromda-andromdapp_1.0-SNAPSHOT,org.andromda_andromda-core
org.andromda.plugins.andromdapp.projects_andromda-andromdapp-projects-csharp-maven2_1.0-SNAPSHOT,org.andromda_andromda-core
org.andromda.andromdapp_andromda-andromdapp-core_3.4-SNAPSHOT,org.andromda_andromda-core
org.andromda.andromdapp_andromda-andromdapp-core_3.4-SNAPSHOT,commons-lang_commons-lang
org.andromda.andromdapp.projects_andromda-andromdapp-project-j2ee-maven2_3.4-SNAPSHOT,org.andromda.profiles.emf.uml22_andromda-profiles-emf-uml22
org.andromda.cartridges_andromda-aspdotnet-cartridge_1.0-SNAPSHOT,org.andromda.maven.site_andromda-doxia-module-xdoc
com.gemserk.animation4j_animation4j_0.0.7,junit_junit
com.gemserk.animation4j_animation4j_0.0.7,org.jmock_jmock
com.gemserk.animation4j_animation4j_0.0.7,org.jmock_jmock-legacy
com.gemserk.animation4j_animation4j_0.0.7,org.jmock_jmock-junit4
com.gemserk.animation4j_animation4j_0.0.7,org.easymock_easymock
com.gemserk.animation4j_animation4j_0.0.7,org.easymock_easymockclassextension
com.gemserk.animation4j_animation4j_0.0.7,${project.groupId}_animation4j-core
com.gemserk.animation4j_animation4j_0.0.7,${project.groupId}_animation4j-componentsengine
com.gemserk.animation4j_animation4j_0.0.7,${project.groupId}_animation4j-slick
com.gemserk.animation4j_animation4j_0.0.7,commons-beanutils_commons-beanutils
com.gemserk.animation4j_animation4j-core_0.0.7,junit_junit
com.gemserk.animation4j_animation4j-core_0.0.7,org.easymock_easymock
com.gemserk.animation4j_animation4j-core_0.0.7,org.easymock_easymockclassextension
com.gemserk.animation4j_animation4j-core_0.0.7,org.jmock_jmock
com.gemserk.animation4j_animation4j-core_0.0.7,org.jmock_jmock-legacy
com.gemserk.animation4j_animation4j-core_0.0.7,org.jmock_jmock-junit4
com.gemserk.animation4j_animation4j-core_0.0.7,commons-beanutils_commons-beanutils
com.gemserk.animation4j_animation4j_0.0.8,junit_junit
com.gemserk.animation4j_animation4j_0.0.8,org.jmock_jmock
com.gemserk.animation4j_animation4j_0.0.8,org.jmock_jmock-legacy
com.gemserk.animation4j_animation4j_0.0.8,org.jmock_jmock-junit4
com.gemserk.animation4j_animation4j_0.0.8,org.easymock_easymock
com.gemserk.animation4j_animation4j_0.0.8,org.easymock_easymockclassextension
com.gemserk.animation4j_animation4j_0.0.8,${project.groupId}_animation4j-core
com.gemserk.animation4j_animation4j_0.0.8,${project.groupId}_animation4j-componentsengine
com.gemserk.animation4j_animation4j_0.0.8,${project.groupId}_animation4j-java2d
com.gemserk.animation4j_animation4j_0.0.8,${project.groupId}_animation4j-slick
com.gemserk.animation4j_animation4j-core_0.0.8,junit_junit
com.gemserk.animation4j_animation4j-core_0.0.8,org.easymock_easymock
com.gemserk.animation4j_animation4j-core_0.0.8,org.easymock_easymockclassextension
com.gemserk.animation4j_animation4j-core_0.0.8,org.jmock_jmock
com.gemserk.animation4j_animation4j-core_0.0.8,org.jmock_jmock-legacy
com.gemserk.animation4j_animation4j-core_0.0.8,org.jmock_jmock-junit4
com.gemserk.animation4j_animation4j-java2d_0.0.8,junit_junit
com.gemserk.animation4j_animation4j-java2d_0.0.8,${project.groupId}_animation4j-core
com.gemserk.animation4j_animation4j_0.0.9,junit_junit
com.gemserk.animation4j_animation4j_0.0.9,org.jmock_jmock
com.gemserk.animation4j_animation4j_0.0.9,org.jmock_jmock-legacy
com.gemserk.animation4j_animation4j_0.0.9,org.jmock_jmock-junit4
com.gemserk.animation4j_animation4j_0.0.9,org.easymock_easymock
com.gemserk.animation4j_animation4j_0.0.9,org.easymock_easymockclassextension
com.gemserk.animation4j_animation4j_0.0.9,${project.groupId}_animation4j-core
com.gemserk.animation4j_animation4j_0.0.9,${project.groupId}_animation4j-componentsengine
com.gemserk.animation4j_animation4j_0.0.9,${project.groupId}_animation4j-java2d
com.gemserk.animation4j_animation4j_0.0.9,${project.groupId}_animation4j-slick
com.gemserk.animation4j_animation4j-core_0.0.9,junit_junit
com.gemserk.animation4j_animation4j-core_0.0.9,org.easymock_easymock
com.gemserk.animation4j_animation4j-core_0.0.9,org.easymock_easymockclassextension
com.gemserk.animation4j_animation4j-core_0.0.9,org.jmock_jmock
com.gemserk.animation4j_animation4j-core_0.0.9,org.jmock_jmock-legacy
com.gemserk.animation4j_animation4j-core_0.0.9,org.jmock_jmock-junit4
com.gemserk.animation4j_animation4j-java2d_0.0.9,junit_junit
com.gemserk.animation4j_animation4j-java2d_0.0.9,${project.groupId}_animation4j-core
com.gemserk.animation4j_animation4j_0.0.10,junit_junit
com.gemserk.animation4j_animation4j_0.0.10,org.jmock_jmock
com.gemserk.animation4j_animation4j_0.0.10,org.jmock_jmock-legacy
com.gemserk.animation4j_animation4j_0.0.10,org.jmock_jmock-junit4
com.gemserk.animation4j_animation4j_0.0.10,org.easymock_easymock
com.gemserk.animation4j_animation4j_0.0.10,org.easymock_easymockclassextension
com.gemserk.animation4j_animation4j_0.0.10,${project.groupId}_animation4j-core
com.gemserk.animation4j_animation4j_0.0.10,${project.groupId}_animation4j-componentsengine
com.gemserk.animation4j_animation4j_0.0.10,${project.groupId}_animation4j-java2d
com.gemserk.animation4j_animation4j_0.0.10,${project.groupId}_animation4j-slick
com.gemserk.animation4j_animation4j-core_0.0.10,junit_junit
com.gemserk.animation4j_animation4j-core_0.0.10,org.easymock_easymock
com.gemserk.animation4j_animation4j-core_0.0.10,org.easymock_easymockclassextension
com.gemserk.animation4j_animation4j-core_0.0.10,org.jmock_jmock
com.gemserk.animation4j_animation4j-core_0.0.10,org.jmock_jmock-legacy
com.gemserk.animation4j_animation4j-core_0.0.10,org.jmock_jmock-junit4
com.gemserk.animation4j_animation4j-java2d_0.0.10,junit_junit
com.gemserk.animation4j_animation4j-java2d_0.0.10,${project.groupId}_animation4j-core
com.gemserk.animation4j_animation4j_0.0.11,junit_junit
com.gemserk.animation4j_animation4j_0.0.11,org.jmock_jmock
com.gemserk.animation4j_animation4j_0.0.11,org.jmock_jmock-legacy
com.gemserk.animation4j_animation4j_0.0.11,org.jmock_jmock-junit4
com.gemserk.animation4j_animation4j_0.0.11,org.easymock_easymock
com.gemserk.animation4j_animation4j_0.0.11,org.easymock_easymockclassextension
com.gemserk.animation4j_animation4j_0.0.11,${project.groupId}_animation4j-core
com.gemserk.animation4j_animation4j_0.0.11,${project.groupId}_animation4j-componentsengine
com.gemserk.animation4j_animation4j_0.0.11,${project.groupId}_animation4j-java2d
com.gemserk.animation4j_animation4j_0.0.11,${project.groupId}_animation4j-slick
com.gemserk.animation4j_animation4j-core_0.0.11,junit_junit
com.gemserk.animation4j_animation4j-core_0.0.11,org.easymock_easymock
com.gemserk.animation4j_animation4j-core_0.0.11,org.easymock_easymockclassextension
com.gemserk.animation4j_animation4j-core_0.0.11,org.jmock_jmock
com.gemserk.animation4j_animation4j-core_0.0.11,org.jmock_jmock-legacy
com.gemserk.animation4j_animation4j-core_0.0.11,org.jmock_jmock-junit4
com.gemserk.animation4j_animation4j-java2d_0.0.11,junit_junit
com.gemserk.animation4j_animation4j-java2d_0.0.11,${project.groupId}_animation4j-core
org.andromda.samples.animalquiz_animal-quiz_3.4-SNAPSHOT,org.andromda_andromda-core
org.andromda.samples.animalquiz_animal-quiz_3.4-SNAPSHOT,org.andromda.translationlibraries_andromda-ocl-translation-core
org.andromda.samples.animalquiz_animal-quiz_3.4-SNAPSHOT,org.andromda.translationlibraries_andromda-ocl-validation-library
org.andromda.samples.animalquiz_animal-quiz_3.4-SNAPSHOT,org.andromda.translationlibraries_andromda-ocl-query-library
org.andromda.samples.animalquiz_animal-quiz_3.4-SNAPSHOT,org.andromda_andromda-script-wrappers
org.andromda.samples.animalquiz_animal-quiz_3.4-SNAPSHOT,commons-beanutils_commons-beanutils
org.andromda.samples.animalquiz_animal-quiz_3.4-SNAPSHOT,commons-codec_commons-codec
org.andromda.samples.animalquiz_animal-quiz_3.4-SNAPSHOT,commons-collections_commons-collections
org.andromda.samples.animalquiz_animal-quiz_3.4-SNAPSHOT,commons-fileupload_commons-fileupload
org.andromda.samples.animalquiz_animal-quiz_3.4-SNAPSHOT,commons-io_commons-io
org.andromda.samples.animalquiz_animal-quiz_3.4-SNAPSHOT,commons-lang_commons-lang
org.andromda.samples.animalquiz_animal-quiz_3.4-SNAPSHOT,commons-logging_commons-logging
org.andromda.samples.animalquiz_animal-quiz_3.4-SNAPSHOT,jboss_jboss-j2ee
org.andromda.samples.animalquiz_animal-quiz_3.4-SNAPSHOT,org.hibernate_hibernate-core
org.andromda.samples.animalquiz_animal-quiz_3.4-SNAPSHOT,net.sf.ehcache_ehcache
org.andromda.samples.animalquiz_animal-quiz_3.4-SNAPSHOT,org.javassist_javassist
org.andromda.samples.animalquiz_animal-quiz_3.4-SNAPSHOT,org.slf4j_slf4j-api
org.andromda.samples.animalquiz_animal-quiz_3.4-SNAPSHOT,org.slf4j_slf4j-log4j12
org.andromda.samples.animalquiz_animal-quiz_3.4-SNAPSHOT,org.springframework_spring-asm
org.andromda.samples.animalquiz_animal-quiz_3.4-SNAPSHOT,org.springframework_spring-beans
org.andromda.samples.animalquiz_animal-quiz_3.4-SNAPSHOT,org.springframework_spring-core
org.andromda.samples.animalquiz_animal-quiz_3.4-SNAPSHOT,org.springframework_spring-orm
org.andromda.samples.animalquiz_animal-quiz_3.4-SNAPSHOT,org.springframework_spring-context-support
org.andromda.samples.animalquiz_animal-quiz_3.4-SNAPSHOT,org.springframework_spring-context
org.andromda.samples.animalquiz_animal-quiz_3.4-SNAPSHOT,org.springframework_spring-web
org.andromda.samples.animalquiz_animal-quiz_3.4-SNAPSHOT,cglib_cglib-nodep
org.andromda.samples.animalquiz_animal-quiz_3.4-SNAPSHOT,antlr_antlr
org.andromda.samples.animalquiz_animal-quiz_3.4-SNAPSHOT,commons-digester_commons-digester
org.andromda.samples.animalquiz_animal-quiz_3.4-SNAPSHOT,javax.servlet_servlet-api
org.andromda.samples.animalquiz_animal-quiz_3.4-SNAPSHOT,com.lowagie_itext
org.andromda.samples.animalquiz_animal-quiz_3.4-SNAPSHOT,javax.servlet_jstl
org.andromda.samples.animalquiz_animal-quiz_3.4-SNAPSHOT,oro_oro
org.andromda.samples.animalquiz_animal-quiz_3.4-SNAPSHOT,commons-validator_commons-validator
org.andromda.samples.animalquiz_animal-quiz_3.4-SNAPSHOT,struts_struts
org.andromda.samples.animalquiz_animal-quiz_3.4-SNAPSHOT,struts-menu_struts-menu
org.andromda.samples.animalquiz_animal-quiz_3.4-SNAPSHOT,displaytag_displaytag
org.andromda.samples.animalquiz_animal-quiz_3.4-SNAPSHOT,javax.activation_activation
org.andromda.samples.animalquiz_animal-quiz_3.4-SNAPSHOT,javax.mail_mail
org.andromda.samples.animalquiz_animal-quiz_3.4-SNAPSHOT,org.apache.axis2_axis2
org.andromda.samples.animalquiz_animal-quiz_3.4-SNAPSHOT,annogen_annogen
org.andromda.samples.animalquiz_animal-quiz_3.4-SNAPSHOT,org.apache.ws.commons.axiom_axiom-api
org.andromda.samples.animalquiz_animal-quiz_3.4-SNAPSHOT,org.apache.ws.commons.axiom_axiom-impl
org.andromda.samples.animalquiz_animal-quiz_3.4-SNAPSHOT,org.apache.ws.commons.axiom_axiom-dom
org.andromda.samples.animalquiz_animal-quiz_3.4-SNAPSHOT,backport-util-concurrent_backport-util-concurrent
org.andromda.samples.animalquiz_animal-quiz_3.4-SNAPSHOT,commons-httpclient_commons-httpclient
org.andromda.samples.animalquiz_animal-quiz_3.4-SNAPSHOT,httpcomponents-httpcore_jakarta-httpcore
org.andromda.samples.animalquiz_animal-quiz_3.4-SNAPSHOT,org.apache.geronimo.specs_geronimo-jms_1.1_spec
org.andromda.samples.animalquiz_animal-quiz_3.4-SNAPSHOT,org.apache.ws.commons.neethi_neethi
org.andromda.samples.animalquiz_animal-quiz_3.4-SNAPSHOT,stax_stax-api
org.andromda.samples.animalquiz_animal-quiz_3.4-SNAPSHOT,org.apache.woden_woden-impl-om
org.andromda.samples.animalquiz_animal-quiz_3.4-SNAPSHOT,wsdl4j_wsdl4j
org.andromda.samples.animalquiz_animal-quiz_3.4-SNAPSHOT,junit_junit
org.andromda.samples.animalquiz_animal-quiz_3.4-SNAPSHOT,log4j_log4j
org.andromda.samples.animalquiz_animal-quiz_3.4-SNAPSHOT,org.hsqldb_hsqldb
org.andromda.samples.animalquiz_animal-quiz_3.4-SNAPSHOT,org.testng_testng
org.andromda.samples.animalquiz_animal-quiz-mda_3.4-SNAPSHOT,org.andromda.profiles.uml14_andromda-profile
org.andromda.samples.animalquiz_animal-quiz-mda_3.4-SNAPSHOT,org.andromda.cartridges_andromda-spring-cartridge
org.andromda.samples.animalquiz_animal-quiz-mda_3.4-SNAPSHOT,org.andromda.cartridges_andromda-hibernate-cartridge
org.andromda.samples.animalquiz_animal-quiz-mda_3.4-SNAPSHOT,org.andromda.cartridges_andromda-webservice-cartridge
org.andromda.samples.animalquiz_animal-quiz-mda_3.4-SNAPSHOT,org.andromda.cartridges_andromda-java-cartridge
org.andromda.samples.animalquiz_animal-quiz-mda_3.4-SNAPSHOT,org.andromda.cartridges_andromda-bpm4struts-cartridge
org.andromda.samples.animalquiz_animal-quiz-mda_3.4-SNAPSHOT,org.andromda.translationlibraries_andromda-ocl-validation-library
org.andromda.samples.animalquiz_animal-quiz-mda_3.4-SNAPSHOT,org.andromda.translationlibraries_andromda-ocl-query-library
org.andromda.samples.animalquiz_animal-quiz-common_3.4-SNAPSHOT,${project.groupId}_animal-quiz-mda
org.andromda.samples.animalquiz_animal-quiz-common_3.4-SNAPSHOT,commons-lang_commons-lang
org.andromda.samples.animalquiz_animal-quiz-common_3.4-SNAPSHOT,commons-beanutils_commons-beanutils
org.andromda.samples.animalquiz_animal-quiz-core_3.4-SNAPSHOT,${project.groupId}_animal-quiz-common
org.andromda.samples.animalquiz_animal-quiz-core_3.4-SNAPSHOT,org.andromda_andromda-core
org.andromda.samples.animalquiz_animal-quiz-core_3.4-SNAPSHOT,org.andromda.translationlibraries_andromda-ocl-translation-core
org.andromda.samples.animalquiz_animal-quiz-core_3.4-SNAPSHOT,org.andromda.translationlibraries_andromda-ocl-validation-library
org.andromda.samples.animalquiz_animal-quiz-core_3.4-SNAPSHOT,org.springframework_spring-orm
org.andromda.samples.animalquiz_animal-quiz-core_3.4-SNAPSHOT,org.springframework_spring-context-support
org.andromda.samples.animalquiz_animal-quiz-core_3.4-SNAPSHOT,org.springframework_spring-context
org.andromda.samples.animalquiz_animal-quiz-core_3.4-SNAPSHOT,org.springframework_spring-web
org.andromda.samples.animalquiz_animal-quiz-core_3.4-SNAPSHOT,org.hibernate_hibernate-core
org.andromda.samples.animalquiz_animal-quiz-core_3.4-SNAPSHOT,org.hibernate_hibernate-entitymanager
org.andromda.samples.animalquiz_animal-quiz-core_3.4-SNAPSHOT,net.sf.ehcache_ehcache
org.andromda.samples.animalquiz_animal-quiz-core_3.4-SNAPSHOT,cglib_cglib-nodep
org.andromda.samples.animalquiz_animal-quiz-core_3.4-SNAPSHOT,org.javassist_javassist
org.andromda.samples.animalquiz_animal-quiz-core_3.4-SNAPSHOT,org.slf4j_slf4j-api
org.andromda.samples.animalquiz_animal-quiz-core_3.4-SNAPSHOT,org.slf4j_slf4j-log4j12
org.andromda.samples.animalquiz_animal-quiz-core_3.4-SNAPSHOT,commons-collections_commons-collections
org.andromda.samples.animalquiz_animal-quiz-core_3.4-SNAPSHOT,commons-beanutils_commons-beanutils
org.andromda.samples.animalquiz_animal-quiz-core_3.4-SNAPSHOT,commons-logging_commons-logging
org.andromda.samples.animalquiz_animal-quiz-core_3.4-SNAPSHOT,commons-lang_commons-lang
org.andromda.samples.animalquiz_animal-quiz-core_3.4-SNAPSHOT,commons-codec_commons-codec
org.andromda.samples.animalquiz_animal-quiz-core_3.4-SNAPSHOT,commons-fileupload_commons-fileupload
org.andromda.samples.animalquiz_animal-quiz-core_3.4-SNAPSHOT,jboss_jboss-j2ee
org.andromda.samples.animalquiz_animal-quiz-core_3.4-SNAPSHOT,org.andromda_andromda-script-wrappers
org.andromda.samples.animalquiz_animal-quiz-core_3.4-SNAPSHOT,wsdl4j_wsdl4j
org.andromda.samples.animalquiz_animal-quiz-core_3.4-SNAPSHOT,javax.activation_activation
org.andromda.samples.animalquiz_animal-quiz-core_3.4-SNAPSHOT,javax.mail_mail
org.andromda.samples.animalquiz_animal-quiz-core_3.4-SNAPSHOT,org.apache.axis2_axis2
org.andromda.samples.animalquiz_animal-quiz-core_3.4-SNAPSHOT,annogen_annogen
org.andromda.samples.animalquiz_animal-quiz-core_3.4-SNAPSHOT,org.apache.woden_woden-impl-om
org.andromda.samples.animalquiz_animal-quiz-core_3.4-SNAPSHOT,org.apache.ws.commons.axiom_axiom-dom
org.andromda.samples.animalquiz_animal-quiz-core_3.4-SNAPSHOT,org.apache.ws.commons.axiom_axiom-impl
org.andromda.samples.animalquiz_animal-quiz-core_3.4-SNAPSHOT,org.apache.ws.commons.axiom_axiom-api
org.andromda.samples.animalquiz_animal-quiz-core_3.4-SNAPSHOT,backport-util-concurrent_backport-util-concurrent
org.andromda.samples.animalquiz_animal-quiz-core_3.4-SNAPSHOT,commons-httpclient_commons-httpclient
org.andromda.samples.animalquiz_animal-quiz-core_3.4-SNAPSHOT,httpcomponents-httpcore_jakarta-httpcore
org.andromda.samples.animalquiz_animal-quiz-core_3.4-SNAPSHOT,org.apache.geronimo.specs_geronimo-jms_1.1_spec
org.andromda.samples.animalquiz_animal-quiz-core_3.4-SNAPSHOT,org.apache.ws.commons.neethi_neethi
org.andromda.samples.animalquiz_animal-quiz-core_3.4-SNAPSHOT,stax_stax-api
org.andromda.samples.animalquiz_animal-quiz-core_3.4-SNAPSHOT,org.testng_testng
org.andromda.samples.animalquiz_animal-quiz-core_3.4-SNAPSHOT,org.hsqldb_hsqldb
org.andromda.samples.animalquiz_animal-quiz-core_3.4-SNAPSHOT,org.hibernate_hibernate-core
org.andromda.samples.animalquiz_animal-quiz-web_3.4-SNAPSHOT,${project.groupId}_animal-quiz-common
org.andromda.samples.animalquiz_animal-quiz-web_3.4-SNAPSHOT,${project.groupId}_animal-quiz-core
org.andromda.samples.animalquiz_animal-quiz-web_3.4-SNAPSHOT,commons-logging_commons-logging
org.andromda.samples.animalquiz_animal-quiz-web_3.4-SNAPSHOT,commons-io_commons-io
org.andromda.samples.animalquiz_animal-quiz-web_3.4-SNAPSHOT,commons-codec_commons-codec
org.andromda.samples.animalquiz_animal-quiz-web_3.4-SNAPSHOT,commons-lang_commons-lang
org.andromda.samples.animalquiz_animal-quiz-web_3.4-SNAPSHOT,commons-beanutils_commons-beanutils
org.andromda.samples.animalquiz_animal-quiz-web_3.4-SNAPSHOT,commons-collections_commons-collections
org.andromda.samples.animalquiz_animal-quiz-web_3.4-SNAPSHOT,commons-digester_commons-digester
org.andromda.samples.animalquiz_animal-quiz-web_3.4-SNAPSHOT,oro_oro
org.andromda.samples.animalquiz_animal-quiz-web_3.4-SNAPSHOT,commons-validator_commons-validator
org.andromda.samples.animalquiz_animal-quiz-web_3.4-SNAPSHOT,struts_struts
org.andromda.samples.animalquiz_animal-quiz-web_3.4-SNAPSHOT,displaytag_displaytag
org.andromda.samples.animalquiz_animal-quiz-web_3.4-SNAPSHOT,javax.servlet_servlet-api
org.andromda.samples.animalquiz_animal-quiz-web_3.4-SNAPSHOT,com.lowagie_itext
org.andromda.samples.animalquiz_animal-quiz-web_3.4-SNAPSHOT,javax.servlet_jstl
org.andromda.samples.animalquiz_animal-quiz-web_3.4-SNAPSHOT,org.andromda_andromda-script-wrappers
org.andromda.samples.animalquiz_animal-quiz-web_3.4-SNAPSHOT,jboss_jboss-j2ee
org.andromda.samples.animalquiz_animal-quiz-web_3.4-SNAPSHOT,org.springframework_spring-asm
org.andromda.samples.animalquiz_animal-quiz-web_3.4-SNAPSHOT,org.springframework_spring-beans
org.andromda.samples.animalquiz_animal-quiz-web_3.4-SNAPSHOT,org.springframework_spring-core
org.andromda.samples.animalquiz_animal-quiz-web_3.4-SNAPSHOT,org.springframework_spring-orm
org.andromda.samples.animalquiz_animal-quiz-web_3.4-SNAPSHOT,org.springframework_spring-context-support
org.andromda.samples.animalquiz_animal-quiz-web_3.4-SNAPSHOT,org.springframework_spring-context
org.andromda.samples.animalquiz_animal-quiz-web_3.4-SNAPSHOT,org.springframework_spring-web
org.andromda.samples.animalquiz_animal-quiz-webservice_3.4-SNAPSHOT,${project.groupId}_animal-quiz-core
org.andromda.samples.animalquiz_animal-quiz-app_3.4-SNAPSHOT,${project.groupId}_animal-quiz-common
org.andromda.samples.animalquiz_animal-quiz-app_3.4-SNAPSHOT,${project.groupId}_animal-quiz-core
org.andromda.samples.animalquiz_animal-quiz-app_3.4-SNAPSHOT,${project.groupId}_animal-quiz-web
org.andromda.samples.animalquiz_animal-quiz-app_3.4-SNAPSHOT,${project.groupId}_animal-quiz-webservice
org.andromda.samples.animalquiz_animal-quiz-app_3.4-SNAPSHOT,commons-logging_commons-logging
org.andromda.samples.animalquiz_animal-quiz-app_3.4-SNAPSHOT,com.tonicsystems_jarjar
org.andromda.samples.animalquiz_animal-quiz-app_3.4-SNAPSHOT,log4j_log4j
net.java.dev.annsor_annsor-project_1.0.3,junit_junit
org.jvnet.annox_annox_0.5.0,com.sun.xml.bind_jaxb-impl
org.jvnet.annox_annox_0.5.0,commons-lang_commons-lang
org.jvnet.annox_annox_0.5.0,org.hibernate_hibernate-search
org.jvnet.annox_annox-project_0.5.0,junit_junit
org.jvnet.annox_annox-project_0.5.0,junit_junit
org.jvnet.annox_annox-project_0.5.0,commons-lang_commons-lang
org.jvnet.annox_annox-project_0.5.0,org.hibernate_hibernate-search
org.jvnet.annox_annox-project_0.5.0,sun.jdk_tools
org.jvnet.annox_annox-project_0.5.0,junit_junit
org.jvnet.annox_annox-project_0.5.0,ant_ant-optional
org.jvnet.annox_annox-samples-po_0.5.0,org.jvnet.annox_annox
org.jvnet.annox_annox-samples-po_0.5.0,com.sun.xml.bind_jaxb-impl
org.jvnet.annotation-mock-builder_annotation-mock-builder_1.0,com.sun.codemodel_codemodel
org.jvnet.annotation-mock-builder_annotation-mock-builder_1.0,org.apache.maven_maven-plugin-api
org.jvnet.annotation-mock-builder_annotation-mock-builder_1.0,org.apache.maven_maven-project
org.jvnet.annotation-mock-builder_annotation-mock-builder_1.0,org.apache.maven_maven-artifact
org.jvnet.annotation-mock-builder_annotation-mock-builder_1.1,com.sun.codemodel_codemodel
org.jvnet.annotation-mock-builder_annotation-mock-builder_1.1,org.apache.maven_maven-plugin-api
org.jvnet.annotation-mock-builder_annotation-mock-builder_1.1,org.apache.maven_maven-project
org.jvnet.annotation-mock-builder_annotation-mock-builder_1.1,org.apache.maven_maven-artifact
org.jvnet.annox_annox_0.1,commons-lang_commons-lang
org.jvnet.annox_annox_0.2.GA,commons-lang_commons-lang
org.jvnet.annox_annox_0.2.RC1,commons-lang_commons-lang
org.jvnet.annox_annox_0.3,commons-lang_commons-lang
org.jvnet.annox_annox_0.3,org.hibernate_hibernate-search
org.jvnet.annox_annox_0.4,commons-lang_commons-lang
org.jvnet.annox_annox_0.4,org.hibernate_hibernate-search
org.jvnet.annox_annox_0.4.1,commons-lang_commons-lang
org.jvnet.annox_annox_0.4.1,org.hibernate_hibernate-search
org.jvnet.annox_annox_0.4.2,com.sun.xml.bind_jaxb-impl
org.jvnet.annox_annox_0.4.2,commons-lang_commons-lang
org.jvnet.annox_annox_0.4.2,org.hibernate_hibernate-search
org.jvnet.annox_annox_0.4.3,com.sun.xml.bind_jaxb-impl
org.jvnet.annox_annox_0.4.3,commons-lang_commons-lang
org.jvnet.annox_annox_0.4.3,org.hibernate_hibernate-search
org.jvnet.annox_annox_0.4.4,com.sun.xml.bind_jaxb-impl
org.jvnet.annox_annox_0.4.4,commons-lang_commons-lang
org.jvnet.annox_annox_0.4.4,org.hibernate_hibernate-search
org.jvnet.annox_annox-project_0.1,junit_junit
org.jvnet.annox_annox-project_0.1,junit_junit
org.jvnet.annox_annox-project_0.1,commons-lang_commons-lang
org.jvnet.annox_annox-project_0.2.GA,junit_junit
org.jvnet.annox_annox-project_0.2.GA,junit_junit
org.jvnet.annox_annox-project_0.2.GA,commons-lang_commons-lang
org.jvnet.annox_annox-project_0.2.RC1,junit_junit
org.jvnet.annox_annox-project_0.2.RC1,junit_junit
org.jvnet.annox_annox-project_0.2.RC1,commons-lang_commons-lang
org.jvnet.annox_annox-project_0.3,junit_junit
org.jvnet.annox_annox-project_0.3,junit_junit
org.jvnet.annox_annox-project_0.3,commons-lang_commons-lang
org.jvnet.annox_annox-project_0.3,org.hibernate_hibernate-search
org.jvnet.annox_annox-project_0.4,junit_junit
org.jvnet.annox_annox-project_0.4,junit_junit
org.jvnet.annox_annox-project_0.4,commons-lang_commons-lang
org.jvnet.annox_annox-project_0.4,org.hibernate_hibernate-search
org.jvnet.annox_annox-project_0.4.1,junit_junit
org.jvnet.annox_annox-project_0.4.1,junit_junit
org.jvnet.annox_annox-project_0.4.1,commons-lang_commons-lang
org.jvnet.annox_annox-project_0.4.1,org.hibernate_hibernate-search
org.jvnet.annox_annox-project_0.4.2,junit_junit
org.jvnet.annox_annox-project_0.4.2,junit_junit
org.jvnet.annox_annox-project_0.4.2,commons-lang_commons-lang
org.jvnet.annox_annox-project_0.4.2,org.hibernate_hibernate-search
org.jvnet.annox_annox-project_0.4.2,sun.jdk_tools
org.jvnet.annox_annox-project_0.4.2,junit_junit
org.jvnet.annox_annox-project_0.4.2,ant_ant-optional
org.jvnet.annox_annox-project_0.4.3,junit_junit
org.jvnet.annox_annox-project_0.4.3,junit_junit
org.jvnet.annox_annox-project_0.4.3,commons-lang_commons-lang
org.jvnet.annox_annox-project_0.4.3,org.hibernate_hibernate-search
org.jvnet.annox_annox-project_0.4.3,sun.jdk_tools
org.jvnet.annox_annox-project_0.4.3,junit_junit
org.jvnet.annox_annox-project_0.4.3,ant_ant-optional
org.jvnet.annox_annox-project_0.4.4,junit_junit
org.jvnet.annox_annox-project_0.4.4,junit_junit
org.jvnet.annox_annox-project_0.4.4,commons-lang_commons-lang
org.jvnet.annox_annox-project_0.4.4,org.hibernate_hibernate-search
org.jvnet.annox_annox-project_0.4.4,sun.jdk_tools
org.jvnet.annox_annox-project_0.4.4,junit_junit
org.jvnet.annox_annox-project_0.4.4,ant_ant-optional
org.jvnet.annox_annox-samples-po_0.4.2,org.jvnet.annox_annox
org.jvnet.annox_annox-samples-po_0.4.2,com.sun.xml.bind_jaxb-impl
org.jvnet.annox_annox-samples-po_0.4.3,org.jvnet.annox_annox
org.jvnet.annox_annox-samples-po_0.4.3,com.sun.xml.bind_jaxb-impl
org.jvnet.annox_annox-samples-po_0.4.4,org.jvnet.annox_annox
org.jvnet.annox_annox-samples-po_0.4.4,com.sun.xml.bind_jaxb-impl
org.jvnet.annox_annox-project_0.5.1-SNAPSHOT,junit_junit
org.jvnet.annox_annox-project_0.5.1-SNAPSHOT,junit_junit
org.jvnet.annox_annox-project_0.5.1-SNAPSHOT,commons-lang_commons-lang
org.jvnet.annox_annox-project_0.5.1-SNAPSHOT,org.hibernate_hibernate-search
org.jvnet.annox_annox-project_0.5.1-SNAPSHOT,sun.jdk_tools
org.jvnet.annox_annox-project_0.5.1-SNAPSHOT,junit_junit
org.jvnet.annox_annox-project_0.5.1-SNAPSHOT,ant_ant-optional
org.jvnet.annox_annox_0.5.1-SNAPSHOT,com.sun.xml.bind_jaxb-impl
org.jvnet.annox_annox_0.5.1-SNAPSHOT,commons-lang_commons-lang
org.jvnet.annox_annox_0.5.1-SNAPSHOT,org.hibernate_hibernate-search
org.codehaus.mojo_antcall_1.0-alpha-1,org.apache.maven_maven-project
org.codehaus.mojo_antcall_1.0-alpha-1,org.apache.maven_maven-plugin-api
org.codehaus.mojo_antcall_1.0-alpha-1,ant_ant
org.codehaus.mojo_antcall_1.0-alpha-1,org.codehaus.plexus_plexus-container-default
org.codehaus.mojo_antcall_1.0-alpha-2,org.apache.maven_maven-project
org.codehaus.mojo_antcall_1.0-alpha-2,org.apache.maven_maven-plugin-api
org.codehaus.mojo_antcall_1.0-alpha-2,ant_ant
org.codehaus.mojo_antcall_1.0-alpha-2,org.codehaus.plexus_plexus-container-default
org.codehaus.mojo_antcall_1.0-alpha-3,org.apache.maven_maven-project
org.codehaus.mojo_antcall_1.0-alpha-3,org.apache.maven_maven-plugin-api
org.codehaus.mojo_antcall_1.0-alpha-3,ant_ant
org.codehaus.mojo_antcall_1.0-alpha-3,org.codehaus.plexus_plexus-container-default
org.owasp.antisamy_antisamy_1.4.2,org.owasp.antisamy_antisamy-sample-configs
org.owasp.antisamy_antisamy_1.4.2,xerces_xercesImpl
org.owasp.antisamy_antisamy_1.4.2,org.apache.xmlgraphics_batik-css
org.owasp.antisamy_antisamy_1.4.2,net.sourceforge.nekohtml_nekohtml
org.owasp.antisamy_antisamy_1.4.2,commons-httpclient_commons-httpclient
org.owasp.antisamy_antisamy_1.4.2,junit_junit
org.owasp.antisamy_antisamy_1.4.3,org.owasp.antisamy_antisamy-sample-configs
org.owasp.antisamy_antisamy_1.4.3,xerces_xercesImpl
org.owasp.antisamy_antisamy_1.4.3,org.apache.xmlgraphics_batik-css
org.owasp.antisamy_antisamy_1.4.3,net.sourceforge.nekohtml_nekohtml
org.owasp.antisamy_antisamy_1.4.3,commons-httpclient_commons-httpclient
org.owasp.antisamy_antisamy_1.4.3,junit_junit
org.owasp.antisamy_antisamy-demo_1.4.3,org.owasp.antisamy_antisamy
org.owasp.antisamy_antisamy-distribution_1.4.3,org.owasp.antisamy_antisamy
org.owasp.antisamy_antisamy-distribution_1.4.3,org.owasp.antisamy_antisamy-sample-configs
org.owasp.antisamy_antisamy-distribution_1.4.3,org.owasp.antisamy_antisamy-demo
org.owasp.antisamy_antisamy_1.4.4,org.owasp.antisamy_antisamy-sample-configs
org.owasp.antisamy_antisamy_1.4.4,xerces_xercesImpl
org.owasp.antisamy_antisamy_1.4.4,org.apache.xmlgraphics_batik-css
org.owasp.antisamy_antisamy_1.4.4,net.sourceforge.nekohtml_nekohtml
org.owasp.antisamy_antisamy_1.4.4,commons-httpclient_commons-httpclient
org.owasp.antisamy_antisamy_1.4.4,junit_junit
org.owasp.antisamy_antisamy-demo_1.4.4,org.owasp.antisamy_antisamy
org.owasp.antisamy_antisamy-distribution_1.4.4,org.owasp.antisamy_antisamy
org.owasp.antisamy_antisamy-distribution_1.4.4,org.owasp.antisamy_antisamy-sample-configs
org.owasp.antisamy_antisamy-distribution_1.4.4,org.owasp.antisamy_antisamy-demo
org.owasp.antisamy_antisamy-demo_1.5-SNAPSHOT,org.owasp.antisamy_antisamy
org.owasp.antisamy_antisamy-demo_1.4.1-SNAPSHOT,org.owasp.antisamy_antisamy
org.owasp.antisamy_antisamy_1.5-SNAPSHOT,org.owasp.antisamy_antisamy-sample-configs
org.owasp.antisamy_antisamy_1.5-SNAPSHOT,xerces_xercesImpl
org.owasp.antisamy_antisamy_1.5-SNAPSHOT,org.apache.xmlgraphics_batik-css
org.owasp.antisamy_antisamy_1.5-SNAPSHOT,net.sourceforge.nekohtml_nekohtml
org.owasp.antisamy_antisamy_1.5-SNAPSHOT,commons-httpclient_commons-httpclient
org.owasp.antisamy_antisamy_1.5-SNAPSHOT,junit_junit
org.owasp.antisamy_antisamy_1.4.1-SNAPSHOT,org.owasp.antisamy_antisamy-sample-configs
org.owasp.antisamy_antisamy_1.4.1-SNAPSHOT,xerces_xercesImpl
org.owasp.antisamy_antisamy_1.4.1-SNAPSHOT,org.apache.xmlgraphics_batik-css
org.owasp.antisamy_antisamy_1.4.1-SNAPSHOT,net.sourceforge.nekohtml_nekohtml
org.owasp.antisamy_antisamy_1.4.1-SNAPSHOT,commons-httpclient_commons-httpclient
org.owasp.antisamy_antisamy_1.4.1-SNAPSHOT,junit_junit
org.antlr_antlr_3.0,org.antlr_stringtemplate
org.antlr_antlr_3.1.2,junit_junit
org.antlr_antlr_3.1.2,antlr_antlr
org.antlr_antlr_3.1.2,org.antlr_stringtemplate
org.antlr_antlr_3.1.2,org.antlr_antlr-runtime
org.antlr_antlr_3.1.2,org.antlr_gunit
org.antlr_antlr_3.1.2-1,junit_junit
org.antlr_antlr_3.1.2-1,antlr_antlr
org.antlr_antlr_3.1.2-1,org.antlr_stringtemplate
org.antlr_antlr_3.1.2-1,org.antlr_antlr-runtime
org.antlr_antlr_3.1.2-1,org.antlr_gunit
org.antlr_antlr_3.1.3,org.antlr_antlr-runtime
org.antlr_antlr_3.1.3,junit_junit
org.antlr_antlr-master_3.1.3,junit_junit
org.antlr_antlr-master_3.1.3,antlr_antlr
org.antlr_antlr-master_3.1.3,org.antlr_stringtemplate
org.antlr_antlr-master_3.1.3,org.antlr_gunit
org.antlr_antlr-runtime_3.1.1,junit_junit
org.antlr_antlr-runtime_3.1.1,org.antlr_stringtemplate
org.antlr_antlr-runtime_3.1.2,org.antlr_stringtemplate
org.antlr_antlr-runtime_3.1.2-1,org.antlr_stringtemplate
org.antlr_antlr-runtime_3.1.3,org.antlr_stringtemplate
org.antlr_antlr3-maven-plugin_3.1.3-1,org.apache.maven_maven-plugin-api
org.antlr_antlr3-maven-plugin_3.1.3-1,org.apache.maven_maven-project
org.antlr_antlr3-maven-plugin_3.1.3-1,org.codehaus.plexus_plexus-compiler-api
org.antlr_antlr3-maven-plugin_3.1.3-1,org.antlr_antlr
org.antlr_antlr3-maven-plugin_3.1.3-1,junit_junit
org.antlr_antlr3-maven-plugin_3.1.3-1,org.apache.maven.shared_maven-plugin-testing-harness
org.antlr_antlr_3.2,org.antlr_antlr-runtime
org.antlr_antlr_3.2,junit_junit
org.antlr_antlr-master_3.2,junit_junit
org.antlr_antlr-master_3.2,antlr_antlr
org.antlr_antlr-master_3.2,org.antlr_stringtemplate
org.antlr_antlr-runtime_3.2,org.antlr_stringtemplate
org.antlr_antlr3-maven-plugin_3.2,org.apache.maven_maven-plugin-api
org.antlr_antlr3-maven-plugin_3.2,org.apache.maven_maven-project
org.antlr_antlr3-maven-plugin_3.2,org.codehaus.plexus_plexus-compiler-api
org.antlr_antlr3-maven-plugin_3.2,org.antlr_antlr
org.antlr_antlr3-maven-plugin_3.2,junit_junit
org.antlr_antlr3-maven-plugin_3.2,org.apache.maven.shared_maven-plugin-testing-harness
org.antlr_antlr_3.3,org.antlr_antlr-runtime
org.antlr_antlr_3.3,junit_junit
org.antlr_antlr-master_3.3,junit_junit
org.antlr_antlr-master_3.3,antlr_antlr
org.antlr_antlr-master_3.3,org.antlr_stringtemplate
org.antlr_antlr-runtime_3.3,org.antlr_stringtemplate
org.antlr_antlr3-maven-plugin_3.3,org.apache.maven_maven-plugin-api
org.antlr_antlr3-maven-plugin_3.3,org.apache.maven_maven-project
org.antlr_antlr3-maven-plugin_3.3,org.codehaus.plexus_plexus-compiler-api
org.antlr_antlr3-maven-plugin_3.3,org.antlr_antlr
org.antlr_antlr3-maven-plugin_3.3,junit_junit
org.antlr_antlr3-maven-plugin_3.3,org.apache.maven.shared_maven-plugin-testing-harness
org.antlr_antlr_3.4-beta3,org.antlr_antlr-runtime
org.antlr_antlr_3.4-beta3,junit_junit
org.antlr_antlr_3.4-beta3,org.antlr_ST4
org.antlr_antlr-runtime_3.4-beta3,org.antlr_stringtemplate
org.antlr_antlr-runtime_3.4-beta3,antlr_antlr
org.antlr_antlr3-maven-plugin_3.4-beta3,org.apache.maven_maven-plugin-api
org.antlr_antlr3-maven-plugin_3.4-beta3,org.apache.maven_maven-project
org.antlr_antlr3-maven-plugin_3.4-beta3,org.codehaus.plexus_plexus-compiler-api
org.antlr_antlr3-maven-plugin_3.4-beta3,org.antlr_antlr
org.antlr_antlr3-maven-plugin_3.4-beta3,junit_junit
org.antlr_antlr3-maven-plugin_3.4-beta3,org.apache.maven.shared_maven-plugin-testing-harness
org.antlr_antlr_3.4-beta4,org.antlr_antlr-runtime
org.antlr_antlr_3.4-beta4,junit_junit
org.antlr_antlr_3.4-beta4,org.antlr_ST4
org.antlr_antlr-runtime_3.4-beta4,org.antlr_stringtemplate
org.antlr_antlr-runtime_3.4-beta4,antlr_antlr
org.antlr_antlr3-maven-plugin_3.4-beta4,org.apache.maven_maven-plugin-api
org.antlr_antlr3-maven-plugin_3.4-beta4,org.apache.maven_maven-project
org.antlr_antlr3-maven-plugin_3.4-beta4,org.codehaus.plexus_plexus-compiler-api
org.antlr_antlr3-maven-plugin_3.4-beta4,org.antlr_antlr
org.antlr_antlr3-maven-plugin_3.4-beta4,junit_junit
org.antlr_antlr3-maven-plugin_3.4-beta4,org.apache.maven.shared_maven-plugin-testing-harness
org.antlr_antlr_3.4,org.antlr_antlr-runtime
org.antlr_antlr_3.4,junit_junit
org.antlr_antlr_3.4,org.antlr_ST4
org.antlr_antlr-master_3.4,junit_junit
org.antlr_antlr-runtime_3.4,org.antlr_stringtemplate
org.antlr_antlr-runtime_3.4,antlr_antlr
org.antlr_antlr3-maven-plugin_3.4,org.apache.maven_maven-plugin-api
org.antlr_antlr3-maven-plugin_3.4,org.apache.maven_maven-project
org.antlr_antlr3-maven-plugin_3.4,org.codehaus.plexus_plexus-compiler-api
org.antlr_antlr3-maven-plugin_3.4,org.antlr_antlr
org.antlr_antlr3-maven-plugin_3.4,junit_junit
org.antlr_antlr3-maven-plugin_3.4,org.apache.maven.shared_maven-plugin-testing-harness
org.antlr_antlr_3.0b5,org.antlr_stringtemplate
org.antlr_antlr-runtime_3.1,junit_junit
org.antlr_antlr-runtime_3.1,org.antlr_stringtemplate
org.antlr_antlr3-maven-plugin_3.1.3,org.apache.maven_maven-plugin-api
org.antlr_antlr3-maven-plugin_3.1.3,org.apache.maven_maven-project
org.antlr_antlr3-maven-plugin_3.1.3,org.codehaus.plexus_plexus-compiler-api
org.antlr_antlr3-maven-plugin_3.1.3,org.antlr_antlr
org.antlr_antlr3-maven-plugin_3.1.3,junit_junit
org.antlr_antlr3-maven-plugin_3.1.3,org.apache.maven.shared_maven-plugin-testing-harness
org.antlr_antlr-master_3.4-beta3,junit_junit
org.antlr_antlr-master_3.4-beta4,junit_junit
org.apache.ant_ant-antunit_1.2,org.apache.ant_ant
org.apache.ant_ant-antunit_1.2,junit_junit-dep
org.apache.ant_ant-antunit_1.2,org.apache.ant_ant-launcher
mx.bigdata.anyobject_anyobject_0.9,junit_junit
mx.bigdata.anyobject_anyobject_0.9,org.yaml_snakeyaml
mx.bigdata.anyobject_anyobject_0.9,org.codehaus.jackson_jackson-mapper-asl
mx.bigdata.anyobject_anyobject_0.9.1,junit_junit
mx.bigdata.anyobject_anyobject_0.9.1,org.yaml_snakeyaml
mx.bigdata.anyobject_anyobject_0.9.1,org.codehaus.jackson_jackson-mapper-asl
mx.bigdata.anyobject_anyobject_0.9.2,junit_junit
mx.bigdata.anyobject_anyobject_0.9.2,org.yaml_snakeyaml
mx.bigdata.anyobject_anyobject_0.9.2,org.codehaus.jackson_jackson-mapper-asl
mx.bigdata.anyobject_anyobject_0.9.3,junit_junit
mx.bigdata.anyobject_anyobject_0.9.3,org.yaml_snakeyaml
mx.bigdata.anyobject_anyobject_0.9.3,org.codehaus.jackson_jackson-mapper-asl
